{"type":"FeatureCollection","features":[{"type":"Feature","id":2651,"geometry":{"type":"Polygon","coordinates":[[[-1.01983584789456,54.0508305456092],[-1.01437741209514,54.0493217893102],[-1.0124349383239,54.0513082009551],[-1.00802056757391,54.0532733961607],[-1.00711192638369,54.0541837855907],[-1.00620902747873,54.0538524801749],[-1.00443045010708,54.0555676859763],[-1.00177836511092,54.0550789117796],[-1.00210389259051,54.0538249819242],[-1.00085729594954,54.052246885858],[-1.00090944034194,54.0514593968385],[-1.00027787723396,54.0509046562539],[-0.999792220770374,54.0509925672196],[-0.998755829746405,54.0504404569883],[-0.998257815012433,54.049434166874],[-0.996506675486008,54.0490726963174],[-0.995991273030367,54.0481860057633],[-0.993808338821312,54.0472975160705],[-0.994886923631437,54.0461958816431],[-0.993968794195362,54.0456922632892],[-0.992926375055143,54.0436983310299],[-0.993276613712298,54.042296580702],[-0.992322266414669,54.0417212545204],[-0.99058525093955,54.0419347635379],[-0.989266258457398,54.0417349436349],[-0.988712134127053,54.0409508703305],[-0.987270769245869,54.0403088926191],[-0.985566629286165,54.0396441644344],[-0.98460815033991,54.0388684721048],[-0.989951691889557,54.0368245681076],[-0.990565661946961,54.0343077628852],[-0.991553514005195,54.0327810793147],[-0.995809969363565,54.0287361671735],[-1.00061654389958,54.0250728698684],[-1.00170569288318,54.0231138592465],[-1.00574395445965,54.0200751286624],[-1.00850358918991,54.0183343091038],[-1.01283947491854,54.0168060756104],[-1.01520754641214,54.0066810202972],[-1.02642985681009,54.0069677867686],[-1.02631774408998,54.0042090113682],[-1.0361367231492,54.0043770576064],[-1.03921784248267,54.0047457698838],[-1.04781752833216,54.0045265113634],[-1.05120105722897,54.0048674768175],[-1.0554710030485,54.0050775819515],[-1.05530964310941,54.0053792896742],[-1.05611260041711,54.0054350288448],[-1.05931370751361,54.005277582905],[-1.06211023803832,54.00644171595],[-1.06208559444634,54.0070690156869],[-1.06201384670018,54.0071268586998],[-1.0606652035845,54.0075129079463],[-1.06046132385665,54.008765158567],[-1.0609272612727,54.0110603724015],[-1.06003242605906,54.0121190239615],[-1.06113599617876,54.013951975849],[-1.06170848003251,54.0145548707278],[-1.06167479124473,54.0152250366824],[-1.05965672785411,54.0157116242563],[-1.05844191716213,54.0160036268311],[-1.0554216856613,54.0184864451832],[-1.05246807912998,54.0194466853482],[-1.05294940160414,54.0202850850817],[-1.05543178849489,54.0207343123288],[-1.05750254026378,54.0221229238683],[-1.05641363348659,54.0234295449966],[-1.05775442120008,54.0246007307402],[-1.05824748981704,54.0252551829666],[-1.05893307755366,54.0255383231066],[-1.06190105501162,54.0268902686576],[-1.06097045225564,54.0287510951021],[-1.0594448873297,54.0291911036296],[-1.05849504143213,54.0309048621695],[-1.05687861690694,54.0314761421403],[-1.05745655879875,54.0327364425781],[-1.05853292672392,54.0333236254092],[-1.05857198720447,54.0350640515321],[-1.05907495888574,54.0357090230823],[-1.06041515763611,54.0369656609278],[-1.0617667904677,54.0385646980601],[-1.06239037119213,54.0411210846542],[-1.06372362091294,54.0424633601092],[-1.0620302922753,54.0435301252373],[-1.06166538400431,54.0446249268471],[-1.05960572597435,54.0453579396268],[-1.05860772556944,54.0465113960006],[-1.05755796492709,54.0466808315547],[-1.05708234522115,54.0470728613862],[-1.05692194496858,54.0474578142753],[-1.05873393288537,54.0478448629998],[-1.05896631353548,54.0496873497165],[-1.05842100766554,54.0524434860985],[-1.05971229773829,54.0566068720061],[-1.05971227051913,54.0568829070199],[-1.04745757396828,54.054442133898],[-1.02911204499369,54.052857113756],[-1.02446191324306,54.0520356553765],[-1.01983584789456,54.0508305456092]]]},"properties":{"FID":2651,"MSOA21CD":"E02002772","MSOA21NM":"York 001","MSOA21NMW":" ","BNG_E":464003,"BNG_N":459705,"LAT":54.02939,"LONG":-1.02442,"GlobalID":"b3073aa0-07e6-4dcb-99bc-c933adcae237","GROUP":"York"}},{"type":"Feature","id":2652,"geometry":{"type":"Polygon","coordinates":[[[-1.05692194496858,54.0474578142753],[-1.05708234522115,54.0470728613862],[-1.05755796492709,54.0466808315547],[-1.05860772556944,54.0465113960006],[-1.05960572597435,54.0453579396268],[-1.06166538400431,54.0446249268471],[-1.0620302922753,54.0435301252373],[-1.06372362091294,54.0424633601092],[-1.06239037119213,54.0411210846542],[-1.0617667904677,54.0385646980601],[-1.06041515763611,54.0369656609278],[-1.05907495888574,54.0357090230823],[-1.05857198720447,54.0350640515321],[-1.05853292672392,54.0333236254092],[-1.05745655879875,54.0327364425781],[-1.05687861690694,54.0314761421403],[-1.05849504143213,54.0309048621695],[-1.0594448873297,54.0291911036296],[-1.06097045225564,54.0287510951021],[-1.06190105501162,54.0268902686576],[-1.05893307755366,54.0255383231066],[-1.05824748981704,54.0252551829666],[-1.05775442120008,54.0246007307402],[-1.05641363348659,54.0234295449966],[-1.05750254026378,54.0221229238683],[-1.05543178849489,54.0207343123288],[-1.05294940160414,54.0202850850817],[-1.05246807912998,54.0194466853482],[-1.0554216856613,54.0184864451832],[-1.05844191716213,54.0160036268311],[-1.05965672785411,54.0157116242563],[-1.06167479124473,54.0152250366824],[-1.06170848003251,54.0145548707278],[-1.06113599617876,54.013951975849],[-1.06003242605906,54.0121190239615],[-1.0609272612727,54.0110603724015],[-1.06046132385665,54.008765158567],[-1.0606652035845,54.0075129079463],[-1.06201384670018,54.0071268586998],[-1.06308492229624,54.0080670727698],[-1.06545687537324,54.0086303444644],[-1.06418469743615,54.0102288842615],[-1.06464824049152,54.0111399909559],[-1.06408859124986,54.0129585285248],[-1.06604745349633,54.0147506735252],[-1.06715503100917,54.013225445401],[-1.06922370644003,54.0103505923984],[-1.07011948983339,54.0109908230737],[-1.0742506963795,54.010576586414],[-1.07553547889149,54.0106441383305],[-1.07617729923186,54.0106114309864],[-1.07663021370423,54.0106776721856],[-1.0775618211906,54.0105782553651],[-1.07763077495015,54.0111994995552],[-1.0785949043876,54.0112529908502],[-1.07899713330945,54.0119254656733],[-1.08125654595057,54.0115826388606],[-1.08140885514399,54.0108197326498],[-1.08230988351813,54.0110607680367],[-1.08338248619457,54.0106449830352],[-1.08405322233749,54.0109538821884],[-1.08408958439011,54.0113528034981],[-1.08297159870618,54.01165670575],[-1.08329919203793,54.0131530549098],[-1.08278525671146,54.0134013235794],[-1.08130790230129,54.0133426874971],[-1.08147719351522,54.0137012814122],[-1.07984553391572,54.0140907300542],[-1.07992426954754,54.0142766913439],[-1.08013293539762,54.0148658070139],[-1.08019377632666,54.0156022373209],[-1.0801442325903,54.0168895597872],[-1.08007313710519,54.0173115213762],[-1.08057643831273,54.0181412268433],[-1.0799114360071,54.0187062834176],[-1.08052735588304,54.0207514924607],[-1.07992899581344,54.020925351402],[-1.08046778830375,54.0215027249498],[-1.080056506828,54.0226961289766],[-1.08247104160493,54.0224419282214],[-1.08389531516755,54.022598271451],[-1.08489262110175,54.0237328636469],[-1.08670233274496,54.0277562558418],[-1.08785892833716,54.029221677493],[-1.09170659004928,54.032570960613],[-1.09180599215442,54.0330455222277],[-1.09097664094067,54.0335560664284],[-1.09608561496488,54.0405116326956],[-1.09427802402899,54.0466256650775],[-1.09307985641719,54.0461762568529],[-1.09175792828413,54.0473221614715],[-1.08900689667481,54.0480989539504],[-1.08379009774972,54.0476052028379],[-1.07114121722296,54.048821331473],[-1.06217076784423,54.0501378080717],[-1.05873393288537,54.0478448629998],[-1.05692194496858,54.0474578142753]]]},"properties":{"FID":2652,"MSOA21CD":"E02002773","MSOA21NM":"York 002","MSOA21NMW":" ","BNG_E":460740,"BNG_N":459685,"LAT":54.02961,"LONG":-1.07423,"GlobalID":"f048f032-8b17-49c4-a0a2-f80a9bbfac2a","GROUP":"York"}},{"type":"Feature","id":2653,"geometry":{"type":"Polygon","coordinates":[[[-1.09929725487068,54.0415071529342],[-1.09834600989197,54.0409186254099],[-1.09748834762861,54.0411197331728],[-1.09608561496488,54.0405116326956],[-1.09097664094067,54.0335560664284],[-1.09180599215442,54.0330455222277],[-1.09170659004928,54.032570960613],[-1.08785892833716,54.029221677493],[-1.08670233274496,54.0277562558418],[-1.08489262110175,54.0237328636469],[-1.08389531516755,54.022598271451],[-1.08247104160493,54.0224419282214],[-1.080056506828,54.0226961289766],[-1.08046778830375,54.0215027249498],[-1.07992899581344,54.020925351402],[-1.08052735588304,54.0207514924607],[-1.0799114360071,54.0187062834176],[-1.08057643831273,54.0181412268433],[-1.08007313710519,54.0173115213762],[-1.0801442325903,54.0168895597872],[-1.08019377632666,54.0156022373209],[-1.08013293539762,54.0148658070139],[-1.07992426954754,54.0142766913439],[-1.07984553391572,54.0140907300542],[-1.08147719351522,54.0137012814122],[-1.08130790230129,54.0133426874971],[-1.08278525671146,54.0134013235794],[-1.08329919203793,54.0131530549098],[-1.08297159870618,54.01165670575],[-1.08408958439011,54.0113528034981],[-1.08405322233749,54.0109538821884],[-1.08338248619457,54.0106449830352],[-1.08230988351813,54.0110607680367],[-1.08140885514399,54.0108197326498],[-1.08125654595057,54.0115826388606],[-1.07899713330945,54.0119254656733],[-1.0785949043876,54.0112529908502],[-1.07763077495015,54.0111994995552],[-1.0775618211906,54.0105782553651],[-1.07663021370423,54.0106776721856],[-1.07617729923186,54.0106114309864],[-1.07553547889149,54.0106441383305],[-1.0742506963795,54.010576586414],[-1.07011948983339,54.0109908230737],[-1.06922370644003,54.0103505923984],[-1.06715503100917,54.013225445401],[-1.06604745349633,54.0147506735252],[-1.06408859124986,54.0129585285248],[-1.06464824049152,54.0111399909559],[-1.06418469743615,54.0102288842615],[-1.06545687537324,54.0086303444644],[-1.06308492229624,54.0080670727698],[-1.06201384670018,54.0071268586998],[-1.06208559444634,54.0070690156869],[-1.06625865137372,54.0059661931061],[-1.07415587097656,54.0044912131612],[-1.07405621637589,54.0039184539745],[-1.07602238149559,54.0035010272249],[-1.07884089187333,54.0022193213775],[-1.07761837821927,53.9997444624975],[-1.07800626050293,53.9996494623243],[-1.08486955824642,53.9976579868561],[-1.09050486556725,53.9966688425672],[-1.09528427930912,53.9959659256273],[-1.09700618693175,53.9990645122122],[-1.09881314738598,54.0000934122402],[-1.09949991126275,54.00115694972],[-1.1014476462932,54.0030728506327],[-1.10050930964399,54.0042096162062],[-1.10122541595478,54.0045348782271],[-1.10316944372902,54.0093870360477],[-1.10557886407312,54.0133250495323],[-1.10590114306389,54.0150629275377],[-1.10851020338416,54.0158490724657],[-1.10779263468276,54.0175985960477],[-1.10874592912576,54.018163487275],[-1.11054496141638,54.0186104590394],[-1.11457744320241,54.0209742318408],[-1.11874909445378,54.0223266308985],[-1.1207796925602,54.0234096342093],[-1.11984316910259,54.0251803872102],[-1.12001851354103,54.0263436222561],[-1.12213085011994,54.0280200683051],[-1.12028213245898,54.0290450274452],[-1.11697313274662,54.0335892942584],[-1.11544413604568,54.0345903647634],[-1.11507762852466,54.0357411899613],[-1.1108219327346,54.0362615227898],[-1.10707529158161,54.0374018147637],[-1.09978095525858,54.0376892643551],[-1.09977762640199,54.0394137754539],[-1.101075657602,54.0409635853086],[-1.10013199574187,54.0414575660323],[-1.09929725487068,54.0415071529342]]]},"properties":{"FID":2653,"MSOA21CD":"E02002774","MSOA21NM":"York 003","MSOA21NMW":" ","BNG_E":459589,"BNG_N":457992,"LAT":54.01453,"LONG":-1.09213,"GlobalID":"cb92797b-49dd-4bee-96e3-db18683ea36a","GROUP":"York"}},{"type":"Feature","id":2654,"geometry":{"type":"Polygon","coordinates":[[[-1.06211023803832,54.00644171595],[-1.05931370751361,54.005277582905],[-1.05611260041711,54.0054350288448],[-1.05530964310941,54.0053792896742],[-1.0554710030485,54.0050775819515],[-1.05560230956922,54.0047712896535],[-1.05367721161177,54.0041863976146],[-1.04805750209115,54.0017120742186],[-1.04706805178199,54.001211367538],[-1.04858803001987,53.9991947356116],[-1.0487036680515,53.9985952454601],[-1.05282800754857,53.9985679433253],[-1.05389658769594,53.998574101849],[-1.05387017425439,53.9977202136327],[-1.05350163468297,53.9976378333114],[-1.05433489569209,53.996855548692],[-1.05570672768318,53.9962338601609],[-1.05631243358279,53.9964915318178],[-1.05596426821128,53.9958128086277],[-1.05743903895397,53.9959655976688],[-1.05774959709182,53.9964323245941],[-1.05838611156212,53.9964057738252],[-1.05892443286644,53.9961510684665],[-1.05837106880829,53.9957787383239],[-1.05847386193952,53.9953175610542],[-1.05898294426075,53.99549803191],[-1.05915530214738,53.9947058383078],[-1.06010461501736,53.9944646617904],[-1.05991519406195,53.9938756384411],[-1.06149917424734,53.9930754457297],[-1.06011600523354,53.9926456269259],[-1.06192245670358,53.9918251929076],[-1.0627303322698,53.9924222816447],[-1.06423239532905,53.9916108449493],[-1.06188062338945,53.9913407380547],[-1.06164044188309,53.991059526652],[-1.06216649432913,53.9907223245522],[-1.06353038327631,53.9908867350972],[-1.06462721144963,53.9904063924828],[-1.06382468689749,53.9900065236071],[-1.06126904157066,53.9898303880548],[-1.05991639885212,53.9894877078208],[-1.05966619294337,53.988536938398],[-1.0629669945187,53.9889067112838],[-1.06478187869443,53.9883769216889],[-1.0665524069059,53.9879968029085],[-1.06791607253592,53.9877254019704],[-1.06847638218087,53.98686407593],[-1.06872441420233,53.9865669645544],[-1.06829638534546,53.9860651923916],[-1.06866705349283,53.9858637901793],[-1.06684723092388,53.9857089259724],[-1.06737856275974,53.9852935797971],[-1.0670784388355,53.9851649268895],[-1.06883506934217,53.9853232887322],[-1.06785706315663,53.9833358988945],[-1.06902124484828,53.9830174013385],[-1.06912984962566,53.9824018887924],[-1.06797273868629,53.9821495760352],[-1.06786090519309,53.9816383349352],[-1.06821062716795,53.9810637765831],[-1.07105517760677,53.9792601502534],[-1.07475815633096,53.9798156144585],[-1.07795647865308,53.9795152271796],[-1.08640114238295,53.9895134146267],[-1.09050486556725,53.9966688425672],[-1.08486955824642,53.9976579868561],[-1.07800626050293,53.9996494623243],[-1.07761837821927,53.9997444624975],[-1.07884089187333,54.0022193213775],[-1.07602238149559,54.0035010272249],[-1.07405621637589,54.0039184539745],[-1.07415587097656,54.0044912131612],[-1.06625865137372,54.0059661931061],[-1.06208559444634,54.0070690156869],[-1.06211023803832,54.00644171595]]]},"properties":{"FID":2654,"MSOA21CD":"E02002775","MSOA21NM":"York 004","MSOA21NMW":" ","BNG_E":461141,"BNG_N":455620,"LAT":53.99303,"LONG":-1.06892,"GlobalID":"4d34e45f-7c19-4dc7-aae2-a0913f033423","GROUP":"York"}},{"type":"Feature","id":2655,"geometry":{"type":"Polygon","coordinates":[[[-1.0171282791303,54.0049289195418],[-1.01611580251538,54.0038700938267],[-1.01780851035712,54.0017727175075],[-1.01812911556052,54.0006277011519],[-1.01725272685115,53.9978969384323],[-1.01748974857265,53.9962512888722],[-1.01824385721151,53.9955097402744],[-1.01949934416387,53.9957716497286],[-1.02032680428306,53.9955722307037],[-1.02106639328442,53.9948903864761],[-1.02121081162913,53.9937720129863],[-1.02327615809405,53.9918586391618],[-1.02506080640687,53.9910588557228],[-1.02575700381567,53.9898809042455],[-1.02707833977874,53.9893430500531],[-1.02770553783819,53.9863543073856],[-1.02869510576483,53.9860595117072],[-1.02840591590724,53.9853788804676],[-1.03864401464209,53.9908566203663],[-1.03989891727874,53.9912545334717],[-1.04085027159204,53.9884739304491],[-1.04222085075099,53.9864016315055],[-1.04177309486264,53.9858093597844],[-1.04688544403192,53.9801452434981],[-1.04730005687596,53.9792441275103],[-1.05482167940824,53.9767402807467],[-1.05652972857894,53.9768879352762],[-1.05673789875359,53.9769387418045],[-1.05785904679474,53.9774851258189],[-1.05796370193251,53.9775759773893],[-1.05849214188195,53.9790817793938],[-1.05942357542292,53.9793848263532],[-1.06267941978053,53.9783820548542],[-1.06294808466263,53.9781633008214],[-1.06424411983288,53.9775309754342],[-1.06544435911529,53.9770071743062],[-1.0672854834564,53.9781632979822],[-1.06943879535292,53.9791526998158],[-1.07046458013609,53.9780763715186],[-1.07077455053489,53.9777735969939],[-1.07152148542055,53.9779577037781],[-1.07105517760677,53.9792601502534],[-1.06821062716795,53.9810637765831],[-1.06786090519309,53.9816383349352],[-1.06797273868629,53.9821495760352],[-1.06912984962566,53.9824018887924],[-1.06902124484828,53.9830174013385],[-1.06785706315663,53.9833358988945],[-1.06883506934217,53.9853232887322],[-1.0670784388355,53.9851649268895],[-1.06737856275974,53.9852935797971],[-1.06684723092388,53.9857089259724],[-1.06866705349283,53.9858637901793],[-1.06829638534546,53.9860651923916],[-1.06872441420233,53.9865669645544],[-1.06847638218087,53.98686407593],[-1.06791607253592,53.9877254019704],[-1.0665524069059,53.9879968029085],[-1.06478187869443,53.9883769216889],[-1.0629669945187,53.9889067112838],[-1.05966619294337,53.988536938398],[-1.05991639885212,53.9894877078208],[-1.06126904157066,53.9898303880548],[-1.06382468689749,53.9900065236071],[-1.06462721144963,53.9904063924828],[-1.06353038327631,53.9908867350972],[-1.06216649432913,53.9907223245522],[-1.06164044188309,53.991059526652],[-1.06188062338945,53.9913407380547],[-1.06423239532905,53.9916108449493],[-1.0627303322698,53.9924222816447],[-1.06192245670358,53.9918251929076],[-1.06011600523354,53.9926456269259],[-1.06149917424734,53.9930754457297],[-1.05991519406195,53.9938756384411],[-1.06010461501736,53.9944646617904],[-1.05915530214738,53.9947058383078],[-1.05898294426075,53.99549803191],[-1.05847386193952,53.9953175610542],[-1.05837106880829,53.9957787383239],[-1.05892443286644,53.9961510684665],[-1.05838611156212,53.9964057738252],[-1.05774959709182,53.9964323245941],[-1.05743903895397,53.9959655976688],[-1.05596426821128,53.9958128086277],[-1.05631243358279,53.9964915318178],[-1.05570672768318,53.9962338601609],[-1.05433489569209,53.996855548692],[-1.05350163468297,53.9976378333114],[-1.05387017425439,53.9977202136327],[-1.05389658769594,53.998574101849],[-1.05282800754857,53.9985679433253],[-1.0487036680515,53.9985952454601],[-1.04858803001987,53.9991947356116],[-1.04706805178199,54.001211367538],[-1.04805750209115,54.0017120742186],[-1.05367721161177,54.0041863976146],[-1.05560230956922,54.0047712896535],[-1.0554710030485,54.0050775819515],[-1.05120105722897,54.0048674768175],[-1.04781752833216,54.0045265113634],[-1.03921784248267,54.0047457698838],[-1.0361367231492,54.0043770576064],[-1.02631774408998,54.0042090113682],[-1.02642985681009,54.0069677867686],[-1.01520754641214,54.0066810202972],[-1.01511769002245,54.0056930243992],[-1.0171282791303,54.0049289195418]]]},"properties":{"FID":2655,"MSOA21CD":"E02002776","MSOA21NM":"York 005","MSOA21NMW":" ","BNG_E":462871,"BNG_N":455514,"LAT":53.99187,"LONG":-1.04256,"GlobalID":"c3a3f890-8681-40b7-841e-c03bd56c32e0","GROUP":"York"}},{"type":"Feature","id":2656,"geometry":{"type":"Polygon","coordinates":[[[-1.09700618693175,53.9990645122122],[-1.09528427930912,53.9959659256273],[-1.09050486556725,53.9966688425672],[-1.08640114238295,53.9895134146267],[-1.07795647865308,53.9795152271796],[-1.07475815633096,53.9798156144585],[-1.07105517760677,53.9792601502534],[-1.07152148542055,53.9779577037781],[-1.07497075707058,53.9788007891467],[-1.08144297387341,53.9783154310593],[-1.08216846561977,53.9781442359237],[-1.08458514485262,53.9797699532181],[-1.08762191545152,53.9814794778472],[-1.08891809913528,53.9797216410425],[-1.08888440163678,53.9782660976585],[-1.0917289277299,53.9774625929043],[-1.09214024202204,53.9772874782353],[-1.09240510807889,53.9772362243763],[-1.09272346424944,53.9772234641354],[-1.09671307053412,53.9760316477748],[-1.09726026819695,53.9757977749736],[-1.09747801558485,53.974377148355],[-1.09684487017788,53.9732580487073],[-1.10014529749148,53.9726885295978],[-1.10187565073594,53.9745866553217],[-1.10240267876889,53.9742917837635],[-1.10259258791983,53.9751029183055],[-1.10487981327252,53.9764410497833],[-1.10601513307764,53.9774222379095],[-1.10652810604314,53.9776149845477],[-1.10710769084763,53.977245008551],[-1.10768294926737,53.9776372503406],[-1.10886660553797,53.9770648251888],[-1.10937993853079,53.9773860998109],[-1.10799366003362,53.977801773586],[-1.10621576010454,53.9784967342142],[-1.1057659657356,53.9792221046911],[-1.10545856690308,53.9794158920782],[-1.10311336150788,53.9805926036894],[-1.10346013437276,53.9808762592149],[-1.10399957622992,53.9807764510015],[-1.1040659989907,53.9812431938398],[-1.10488396349153,53.9811838167303],[-1.10493701093742,53.9815082079211],[-1.10591881936715,53.9816670474321],[-1.10588034089418,53.9821043740721],[-1.10433568146543,53.9826277862499],[-1.10348397608738,53.9830547288343],[-1.10180886999914,53.983987572754],[-1.102171003988,53.9847999183995],[-1.10405955747721,53.9874922336257],[-1.10513559010321,53.9866190174374],[-1.10418008314885,53.9850792437686],[-1.10528880299731,53.9846305751776],[-1.10583192057596,53.9855600384783],[-1.10676491478909,53.9856292766805],[-1.10722884766341,53.9851864850365],[-1.10770073137655,53.9850449958711],[-1.10751986708967,53.9848292217219],[-1.10654590859835,53.985129831296],[-1.10648887432964,53.9847957520473],[-1.10890346033619,53.9839863209013],[-1.11082171373709,53.9831693476933],[-1.11146853653272,53.983190657511],[-1.11363875179298,53.9852994451281],[-1.1132410849861,53.985568827134],[-1.11281596744346,53.9857236437646],[-1.1124685104065,53.9868331733951],[-1.11346491859921,53.9873958208655],[-1.11399347780434,53.9877516813762],[-1.11370035435745,53.9883668425667],[-1.11345262109919,53.9888221830854],[-1.11406533048132,53.9898119928596],[-1.1145996390487,53.9898835267574],[-1.11458615072911,53.9903832328542],[-1.11563028614722,53.9902157272155],[-1.11788879609359,53.9922958845703],[-1.11932811574053,53.9929686320089],[-1.12046714052729,53.9929211671214],[-1.12106753966953,53.9925904918482],[-1.12255220064148,53.9926515661332],[-1.12515402028398,53.9920630356569],[-1.129172948848,53.992135452916],[-1.13008855497719,53.9924493413256],[-1.13205518125334,53.9922391741256],[-1.13246846043468,53.9925457108579],[-1.13343936932786,53.9925732569048],[-1.13533094992146,53.9922633179873],[-1.13560170405723,53.9917755471588],[-1.13501433884021,53.9910737877168],[-1.13414611173922,53.9909947923202],[-1.13227769620424,53.9905526110325],[-1.13475216621624,53.9910238616894],[-1.13699767141275,53.9910828327097],[-1.13891556011841,53.9926224414475],[-1.13958612451097,53.9940573489424],[-1.13940042742591,53.995226174602],[-1.14099481062066,53.9960186594053],[-1.14047193978494,53.9971685586147],[-1.14226396879937,53.998534776633],[-1.14378751633197,53.9987916834736],[-1.14509283694171,53.9999260947839],[-1.14686434987608,54.0005821750603],[-1.14737133301357,54.0016204716765],[-1.1483935505691,54.0016653645838],[-1.14909015124953,54.0029471281475],[-1.148558856424,54.0048462530803],[-1.14718298793049,54.0066340591464],[-1.14421031514889,54.0081318709325],[-1.14375986629725,54.0086899492929],[-1.14287543116621,54.0107877815057],[-1.14359825326578,54.0124404987766],[-1.1439501909087,54.0127884751514],[-1.14592330370643,54.0133111498168],[-1.14806840148553,54.0157117626998],[-1.14791485190532,54.0161330701982],[-1.14238128310344,54.0189526927788],[-1.14509771726093,54.0228977455492],[-1.14503359738591,54.024533852753],[-1.14481371393993,54.0255094254097],[-1.143888459685,54.0256646211783],[-1.1420559487429,54.0272028391467],[-1.14063621126613,54.0277903788919],[-1.14079634834926,54.0298588788432],[-1.1275850715338,54.0310308315015],[-1.12028213245898,54.0290450274452],[-1.12213085011994,54.0280200683051],[-1.12001851354103,54.0263436222561],[-1.11984316910259,54.0251803872102],[-1.1207796925602,54.0234096342093],[-1.11874909445378,54.0223266308985],[-1.11457744320241,54.0209742318408],[-1.11054496141638,54.0186104590394],[-1.10874592912576,54.018163487275],[-1.10779263468276,54.0175985960477],[-1.10851020338416,54.0158490724657],[-1.10590114306389,54.0150629275377],[-1.10557886407312,54.0133250495323],[-1.10316944372902,54.0093870360477],[-1.10122541595478,54.0045348782271],[-1.10050930964399,54.0042096162062],[-1.1014476462932,54.0030728506327],[-1.09949991126275,54.00115694972],[-1.09881314738598,54.0000934122402],[-1.09700618693175,53.9990645122122]]]},"properties":{"FID":2656,"MSOA21CD":"E02002777","MSOA21NM":"York 006","MSOA21NMW":" ","BNG_E":458447,"BNG_N":456461,"LAT":54.0009,"LONG":-1.10985,"GlobalID":"fb2c4cd3-c9ee-49d7-8390-53a7c4fb9003","GROUP":"York"}},{"type":"Feature","id":2657,"geometry":{"type":"Polygon","coordinates":[[[-1.11932811574053,53.9929686320089],[-1.11788879609359,53.9922958845703],[-1.11563028614722,53.9902157272155],[-1.11458615072911,53.9903832328542],[-1.1145996390487,53.9898835267574],[-1.11406533048132,53.9898119928596],[-1.11345262109919,53.9888221830854],[-1.11370035435745,53.9883668425667],[-1.11399347780434,53.9877516813762],[-1.11346491859921,53.9873958208655],[-1.1124685104065,53.9868331733951],[-1.11281596744346,53.9857236437646],[-1.1132410849861,53.985568827134],[-1.11363875179298,53.9852994451281],[-1.11146853653272,53.983190657511],[-1.11082171373709,53.9831693476933],[-1.10890346033619,53.9839863209013],[-1.10648887432964,53.9847957520473],[-1.10654590859835,53.985129831296],[-1.10751986708967,53.9848292217219],[-1.10770073137655,53.9850449958711],[-1.10722884766341,53.9851864850365],[-1.10676491478909,53.9856292766805],[-1.10583192057596,53.9855600384783],[-1.10528880299731,53.9846305751776],[-1.10418008314885,53.9850792437686],[-1.10513559010321,53.9866190174374],[-1.10405955747721,53.9874922336257],[-1.102171003988,53.9847999183995],[-1.10180886999914,53.983987572754],[-1.10348397608738,53.9830547288343],[-1.10433568146543,53.9826277862499],[-1.10588034089418,53.9821043740721],[-1.10591881936715,53.9816670474321],[-1.10493701093742,53.9815082079211],[-1.10488396349153,53.9811838167303],[-1.1040659989907,53.9812431938398],[-1.10399957622992,53.9807764510015],[-1.10346013437276,53.9808762592149],[-1.10311336150788,53.9805926036894],[-1.10545856690308,53.9794158920782],[-1.1057659657356,53.9792221046911],[-1.10621576010454,53.9784967342142],[-1.10799366003362,53.977801773586],[-1.10937993853079,53.9773860998109],[-1.10886660553797,53.9770648251888],[-1.10768294926737,53.9776372503406],[-1.10710769084763,53.977245008551],[-1.10652810604314,53.9776149845477],[-1.10601513307764,53.9774222379095],[-1.10487981327252,53.9764410497833],[-1.10259258791983,53.9751029183055],[-1.10240267876889,53.9742917837635],[-1.10187565073594,53.9745866553217],[-1.10014529749148,53.9726885295978],[-1.09684487017788,53.9732580487073],[-1.09592781522188,53.9723745887367],[-1.0952169594675,53.9714075301388],[-1.0941550430503,53.9712800148965],[-1.09291449641591,53.9706500189001],[-1.09376616664059,53.9698839317002],[-1.0932801756698,53.9696949099995],[-1.09396951972507,53.969658184813],[-1.09457284326977,53.9691357001549],[-1.09521266606885,53.9686918800442],[-1.09476392283868,53.9683931586617],[-1.09401711629722,53.9684410232439],[-1.09316154262649,53.9678207149902],[-1.09188732978944,53.9691401800809],[-1.09121569600628,53.9689236562476],[-1.09020402748213,53.9698777119436],[-1.08935668719785,53.9702847460036],[-1.08882692218036,53.9701099624187],[-1.08928198190711,53.9694596241381],[-1.08841419945806,53.9694032928811],[-1.08810984129861,53.968660615335],[-1.08720067910544,53.9686612995168],[-1.08691167835441,53.9686805970465],[-1.08645022584566,53.968582261007],[-1.08897641100667,53.9658227775224],[-1.09137889969478,53.9634361269439],[-1.09187732427357,53.9627525863879],[-1.09285543893051,53.9612142340305],[-1.09582345088423,53.9618455192858],[-1.09812821095254,53.9633938251455],[-1.10013875639972,53.9646840960823],[-1.10050819401498,53.964890210225],[-1.10280691264732,53.966297700808],[-1.10342953306182,53.9677732744664],[-1.10345402506631,53.9678090269737],[-1.10476800884929,53.9684803833776],[-1.10683375595778,53.9683384509413],[-1.108514138382,53.9663100551328],[-1.11038326709582,53.9657627412697],[-1.11226793985825,53.9662235286481],[-1.11412931092177,53.9682649099748],[-1.11462972923347,53.9690100740685],[-1.11717405823829,53.9704544819149],[-1.11842958389293,53.9716408434193],[-1.12009619013991,53.9739194143174],[-1.12084837819591,53.9762780782869],[-1.12167314983454,53.9780210265039],[-1.12852341964884,53.9822735861934],[-1.12980641586984,53.9838641566912],[-1.13109993884411,53.9865558289693],[-1.13111577759034,53.986671407346],[-1.13061443257614,53.9888605301081],[-1.13130446854619,53.9899401357085],[-1.13227769620424,53.9905526110325],[-1.13414611173922,53.9909947923202],[-1.13501433884021,53.9910737877168],[-1.13560170405723,53.9917755471588],[-1.13533094992146,53.9922633179873],[-1.13343936932786,53.9925732569048],[-1.13246846043468,53.9925457108579],[-1.13205518125334,53.9922391741256],[-1.13008855497719,53.9924493413256],[-1.129172948848,53.992135452916],[-1.12515402028398,53.9920630356569],[-1.12255220064148,53.9926515661332],[-1.12106753966953,53.9925904918482],[-1.12046714052729,53.9929211671214],[-1.11932811574053,53.9929686320089]]]},"properties":{"FID":2657,"MSOA21CD":"E02002778","MSOA21NM":"York 007","MSOA21NMW":" ","BNG_E":458401,"BNG_N":453523,"LAT":53.9745,"LONG":-1.11111,"GlobalID":"0f719f47-0bc5-4387-8ef8-af0795f4609f","GROUP":"York"}},{"type":"Feature","id":2658,"geometry":{"type":"Polygon","coordinates":[[[-0.984781654620238,54.0026793963638],[-0.984515021020757,54.0022314301339],[-0.980047805490942,54.0028523128453],[-0.980168508535962,54.0032258059226],[-0.975419337919507,54.0047501342987],[-0.973849894637899,54.0036174941809],[-0.972853474972382,54.001947074898],[-0.971837056866968,53.9971793205154],[-0.971933308201457,53.9966929915925],[-0.979102157494822,53.9959536717556],[-0.978628182892896,53.9950820237619],[-0.97886411655113,53.994536629458],[-0.983189687378666,53.9933531963945],[-0.981262434081069,53.991162459267],[-0.98314051947921,53.9904714245357],[-0.987804779842392,53.989128177491],[-0.990880475239599,53.9874275323024],[-0.992839264854677,53.9858494057017],[-0.994760852287572,53.9853363404655],[-0.99407404982786,53.9844765593652],[-0.995817593773165,53.9839806606935],[-1.00481160891468,53.9821075188013],[-1.00717103351518,53.9829858810315],[-1.01036581117346,53.9801504323475],[-1.01012870036884,53.9797890262753],[-1.01064678589045,53.9800588985663],[-1.01397230652341,53.9783877399558],[-1.02262212220248,53.9756209115798],[-1.02470148001707,53.9753524154242],[-1.02517235879188,53.9736798395381],[-1.03123161597515,53.9701216855859],[-1.03546931537034,53.9685796050185],[-1.03714484909376,53.9684625953946],[-1.04066015170901,53.9671838562989],[-1.04257424803911,53.9665929204196],[-1.04345491339913,53.9662091735129],[-1.04633018739903,53.9653659083391],[-1.04652029011888,53.965698558283],[-1.04589610843821,53.9660604293764],[-1.04773156297264,53.9663929318945],[-1.04849154190158,53.9670730901121],[-1.04927851633857,53.9676569569664],[-1.05022407910424,53.9672877414297],[-1.05139268157744,53.9678068513929],[-1.05256884688766,53.966989531562],[-1.05442458261366,53.9651305913099],[-1.05512796009181,53.9642055101883],[-1.05611361874643,53.9642138194703],[-1.05625468777094,53.9635924574382],[-1.05566934607851,53.9630102144461],[-1.05628567913951,53.9626513924295],[-1.05827335465312,53.9627830576736],[-1.05861441846651,53.9638822601206],[-1.05915235847373,53.9638364802779],[-1.0591009758004,53.963529669467],[-1.0600321644139,53.9634956270649],[-1.06065588303599,53.9637863105614],[-1.06173581299219,53.9631397271993],[-1.06254051576578,53.9631665511855],[-1.06290063312444,53.9639016543736],[-1.06342967143322,53.9639468341546],[-1.06378915080244,53.9655226352682],[-1.06462434946547,53.9653802278542],[-1.06448972118179,53.9649551990013],[-1.0650119126998,53.9649241546174],[-1.06684419936267,53.9647682043083],[-1.06691222787701,53.9649703915109],[-1.06868982873459,53.9653406290422],[-1.06772318148809,53.9661279785143],[-1.06803645829271,53.9664725898984],[-1.06753168505534,53.9666032164025],[-1.06340073326488,53.9678331719523],[-1.06311152114626,53.9684527357813],[-1.06308660193719,53.9688870607745],[-1.06402045217757,53.9688768281593],[-1.06425890413837,53.9695068031231],[-1.06558436303975,53.9690375259147],[-1.06669297618645,53.9700760300261],[-1.06642461454045,53.9707737156542],[-1.06733321935909,53.9711457795987],[-1.06773140216107,53.972671602675],[-1.06770963235628,53.9729770128709],[-1.06525524971776,53.9729669365616],[-1.06368747827207,53.9726318612458],[-1.0647248967613,53.9733867957386],[-1.06841143686075,53.9734495818537],[-1.06873098580264,53.9735971850325],[-1.06833014716664,53.9738070831216],[-1.068022789901,53.9748464496341],[-1.06768020519673,53.9749902589512],[-1.06810817734754,53.9753827365919],[-1.06812307673593,53.9753856024015],[-1.06774156594297,53.9759577015189],[-1.06544435911529,53.9770071743062],[-1.06424411983288,53.9775309754342],[-1.06294808466263,53.9781633008214],[-1.06267941978053,53.9783820548542],[-1.05942357542292,53.9793848263532],[-1.05849214188195,53.9790817793938],[-1.05796370193251,53.9775759773893],[-1.05785904679474,53.9774851258189],[-1.05673789875359,53.9769387418045],[-1.05652972857894,53.9768879352762],[-1.05482167940824,53.9767402807467],[-1.04730005687596,53.9792441275103],[-1.04688544403192,53.9801452434981],[-1.04177309486264,53.9858093597844],[-1.04222085075099,53.9864016315055],[-1.04085027159204,53.9884739304491],[-1.03989891727874,53.9912545334717],[-1.03864401464209,53.9908566203663],[-1.02840591590724,53.9853788804676],[-1.02869510576483,53.9860595117072],[-1.02770553783819,53.9863543073856],[-1.02707833977874,53.9893430500531],[-1.02575700381567,53.9898809042455],[-1.02506080640687,53.9910588557228],[-1.02327615809405,53.9918586391618],[-1.02121081162913,53.9937720129863],[-1.02106639328442,53.9948903864761],[-1.02032680428306,53.9955722307037],[-1.01949934416387,53.9957716497286],[-1.01824385721151,53.9955097402744],[-1.01748974857265,53.9962512888722],[-1.01725272685115,53.9978969384323],[-1.01812911556052,54.0006277011519],[-1.01780851035712,54.0017727175075],[-1.01611580251538,54.0038700938267],[-1.0171282791303,54.0049289195418],[-1.01511769002245,54.0056930243992],[-1.01520754641214,54.0066810202972],[-1.01283947491854,54.0168060756104],[-1.00850358918991,54.0183343091038],[-1.00574395445965,54.0200751286624],[-1.00170569288318,54.0231138592465],[-1.00061654389958,54.0250728698684],[-0.995809969363565,54.0287361671735],[-0.991553514005195,54.0327810793147],[-0.990565661946961,54.0343077628852],[-0.989951691889557,54.0368245681076],[-0.98460815033991,54.0388684721048],[-0.982283428872557,54.0394868061726],[-0.981359865668435,54.0338723378746],[-0.982314519075509,54.030922275138],[-0.976210042683599,54.0300993772447],[-0.973534295637008,54.0294135747405],[-0.971134569753378,54.0276915683979],[-0.97008777172489,54.0258212786833],[-0.970619269576475,54.023072176066],[-0.966845584322497,54.0229758101879],[-0.971766243685604,54.0203909605242],[-0.979421919201144,54.0174199439893],[-0.976940751271525,54.0157737780911],[-0.98275311135815,54.0100305665368],[-0.979924386210015,54.0073974099815],[-0.979341647365595,54.0053992250107],[-0.980881642999363,54.0040171791497],[-0.984781654620238,54.0026793963638]]]},"properties":{"FID":2658,"MSOA21CD":"E02002779","MSOA21NM":"York 008","MSOA21NMW":" ","BNG_E":465963,"BNG_N":456564,"LAT":54.00092,"LONG":-0.99518,"GlobalID":"86d3d5ca-1026-492e-8665-b375c9ef9d11","GROUP":"York"}},{"type":"Feature","id":2659,"geometry":{"type":"Polygon","coordinates":[[[-1.08458514485262,53.9797699532181],[-1.08216846561977,53.9781442359237],[-1.08144297387341,53.9783154310593],[-1.08213075146902,53.9760198582616],[-1.0820262337544,53.9736444355073],[-1.08207642359031,53.9720539522601],[-1.08155874985849,53.9720230350233],[-1.08105379547502,53.9729798761849],[-1.0779425718283,53.9728262816646],[-1.07851371334394,53.972335596457],[-1.07814167757574,53.9717610222013],[-1.07769145533978,53.9718268573087],[-1.07773938020122,53.9716801329912],[-1.07642030925177,53.9711245710763],[-1.07703873580865,53.9709727860835],[-1.07691663833094,53.970288766382],[-1.07727045512464,53.9702248185626],[-1.07812902081951,53.9702056535205],[-1.07891294630099,53.9695052343939],[-1.07916530283861,53.9693179997818],[-1.08103599775308,53.968097163978],[-1.08118158993405,53.9679887133168],[-1.08135328145251,53.9680920876074],[-1.08356105170265,53.9685964838242],[-1.08645022584566,53.968582261007],[-1.08691167835441,53.9686805970465],[-1.08720067910544,53.9686612995168],[-1.08810984129861,53.968660615335],[-1.08841419945806,53.9694032928811],[-1.08928198190711,53.9694596241381],[-1.08882692218036,53.9701099624187],[-1.08935668719785,53.9702847460036],[-1.09020402748213,53.9698777119436],[-1.09121569600628,53.9689236562476],[-1.09188732978944,53.9691401800809],[-1.09316154262649,53.9678207149902],[-1.09401711629722,53.9684410232439],[-1.09476392283868,53.9683931586617],[-1.09521266606885,53.9686918800442],[-1.09457284326977,53.9691357001549],[-1.09396951972507,53.969658184813],[-1.0932801756698,53.9696949099995],[-1.09376616664059,53.9698839317002],[-1.09291449641591,53.9706500189001],[-1.0941550430503,53.9712800148965],[-1.0952169594675,53.9714075301388],[-1.09592781522188,53.9723745887367],[-1.09684487017788,53.9732580487073],[-1.09747801558485,53.974377148355],[-1.09726026819695,53.9757977749736],[-1.09671307053412,53.9760316477748],[-1.09272346424944,53.9772234641354],[-1.09240510807889,53.9772362243763],[-1.09214024202204,53.9772874782353],[-1.0917289277299,53.9774625929043],[-1.08888440163678,53.9782660976585],[-1.08891809913528,53.9797216410425],[-1.08762191545152,53.9814794778472],[-1.08458514485262,53.9797699532181]]]},"properties":{"FID":2659,"MSOA21CD":"E02002780","MSOA21NM":"York 009","MSOA21NMW":" ","BNG_E":459988,"BNG_N":453583,"LAT":53.97486,"LONG":-1.08691,"GlobalID":"b3d345fa-6cd5-4db1-992c-8b7bd2d6a8a2","GROUP":"York"}},{"type":"Feature","id":2660,"geometry":{"type":"Polygon","coordinates":[[[-1.0672854834564,53.9781632979822],[-1.06544435911529,53.9770071743062],[-1.06774156594297,53.9759577015189],[-1.06812307673593,53.9753856024015],[-1.06810817734754,53.9753827365919],[-1.06768020519673,53.9749902589512],[-1.068022789901,53.9748464496341],[-1.06833014716664,53.9738070831216],[-1.06873098580264,53.9735971850325],[-1.06841143686075,53.9734495818537],[-1.0647248967613,53.9733867957386],[-1.06368747827207,53.9726318612458],[-1.06525524971776,53.9729669365616],[-1.06770963235628,53.9729770128709],[-1.06773140216107,53.972671602675],[-1.06733321935909,53.9711457795987],[-1.06642461454045,53.9707737156542],[-1.06669297618645,53.9700760300261],[-1.06558436303975,53.9690375259147],[-1.06425890413837,53.9695068031231],[-1.06402045217757,53.9688768281593],[-1.06308660193719,53.9688870607745],[-1.06311152114626,53.9684527357813],[-1.06340073326488,53.9678331719523],[-1.06753168505534,53.9666032164025],[-1.06803645829271,53.9664725898984],[-1.06772318148809,53.9661279785143],[-1.06868982873459,53.9653406290422],[-1.06691222787701,53.9649703915109],[-1.06684419936267,53.9647682043083],[-1.0650119126998,53.9649241546174],[-1.06448972118179,53.9649551990013],[-1.06462434946547,53.9653802278542],[-1.06378915080244,53.9655226352682],[-1.06342967143322,53.9639468341546],[-1.06290063312444,53.9639016543736],[-1.06254051576578,53.9631665511855],[-1.06173581299219,53.9631397271993],[-1.06065588303599,53.9637863105614],[-1.0600321644139,53.9634956270649],[-1.0591009758004,53.963529669467],[-1.05915235847373,53.9638364802779],[-1.05861441846651,53.9638822601206],[-1.05827335465312,53.9627830576736],[-1.05809692951823,53.9624094032506],[-1.05861712550195,53.9624082554694],[-1.05873738026953,53.9620544600197],[-1.05998152376965,53.9620594120913],[-1.06016806161054,53.9605512326764],[-1.06345481611041,53.9607832596973],[-1.06482250108863,53.9609646765515],[-1.06570018463674,53.9614192276268],[-1.06565605939391,53.9608183878077],[-1.06632457202782,53.9603262657548],[-1.06845270479391,53.961036106197],[-1.0692153831601,53.9621594813249],[-1.06956131183153,53.9599762395869],[-1.07089625647907,53.957797484949],[-1.07204649762615,53.9598083849506],[-1.07345103902154,53.9610411598119],[-1.07389775343724,53.9614239213346],[-1.0744471830065,53.9618649139981],[-1.07420803156053,53.9622706608985],[-1.07245162793483,53.9634887252826],[-1.07245443986335,53.9640298244129],[-1.07338033324839,53.9650765314265],[-1.07339765109924,53.9651328577965],[-1.07330949436038,53.9658036446089],[-1.07372524303375,53.9657073412858],[-1.07494819465897,53.9662018089757],[-1.07434603859726,53.9668836427338],[-1.07540343312168,53.9670101563166],[-1.07607864061982,53.9665392522875],[-1.07801627965826,53.9670992690986],[-1.07884000744689,53.9669287702395],[-1.07884914603754,53.9669311950729],[-1.07918748257331,53.9674182809159],[-1.08011513610889,53.9676699418558],[-1.08070834864353,53.9672644026607],[-1.08149368782886,53.9672522994726],[-1.0816711662014,53.9676018228825],[-1.08118158993405,53.9679887133168],[-1.08103599775308,53.968097163978],[-1.07916530283861,53.9693179997818],[-1.07891294630099,53.9695052343939],[-1.07812902081951,53.9702056535205],[-1.07727045512464,53.9702248185626],[-1.07691663833094,53.970288766382],[-1.07703873580865,53.9709727860835],[-1.07642030925177,53.9711245710763],[-1.07773938020122,53.9716801329912],[-1.07769145533978,53.9718268573087],[-1.07814167757574,53.9717610222013],[-1.07851371334394,53.972335596457],[-1.0779425718283,53.9728262816646],[-1.08105379547502,53.9729798761849],[-1.08155874985849,53.9720230350233],[-1.08207642359031,53.9720539522601],[-1.0820262337544,53.9736444355073],[-1.08213075146902,53.9760198582616],[-1.08144297387341,53.9783154310593],[-1.07497075707058,53.9788007891467],[-1.07152148542055,53.9779577037781],[-1.07077455053489,53.9777735969939],[-1.07046458013609,53.9780763715186],[-1.06943879535292,53.9791526998158],[-1.0672854834564,53.9781632979822]]]},"properties":{"FID":2660,"MSOA21CD":"E02002781","MSOA21NM":"York 010","MSOA21NMW":" ","BNG_E":461098,"BNG_N":452916,"LAT":53.96874,"LONG":-1.07012,"GlobalID":"483b5245-7d05-407d-8e48-dd6024c3d076","GROUP":"York"}},{"type":"Feature","id":2661,"geometry":{"type":"Polygon","coordinates":[[[-1.18856981510057,54.0024828639329],[-1.18439339592661,54.0009716354283],[-1.18343969767382,54.0010547677614],[-1.18225582420124,54.0005268351379],[-1.18076615000826,53.9989912905144],[-1.1795141445955,53.998860857938],[-1.17882767881253,53.9991611970293],[-1.17859968911698,54.0000912972888],[-1.17797003813839,54.0002574167779],[-1.17820500804852,54.0005091670811],[-1.17746984287745,54.0004366050994],[-1.17601897447434,54.0008463311418],[-1.1763151759392,54.0014929227028],[-1.17507764610152,54.0013884193858],[-1.17513942596953,54.001639379196],[-1.17610102085457,54.0017794273672],[-1.17551010973116,54.002196331445],[-1.17296659070862,54.0015095917646],[-1.17136820257508,54.0005661065764],[-1.1671925072287,53.996313253422],[-1.16134514117192,53.9946435840829],[-1.15920151210666,53.9930133393741],[-1.1525188195974,53.9894240996732],[-1.15001974910556,53.9888955614959],[-1.14593499018545,53.9892014332881],[-1.14356983165401,53.989544981207],[-1.13867560434825,53.9909464168073],[-1.13699767141275,53.9910828327097],[-1.13475216621624,53.9910238616894],[-1.13227769620424,53.9905526110325],[-1.13130446854619,53.9899401357085],[-1.13061443257614,53.9888605301081],[-1.13111577759034,53.986671407346],[-1.13109993884411,53.9865558289693],[-1.12980641586984,53.9838641566912],[-1.12852341964884,53.9822735861934],[-1.12167314983454,53.9780210265039],[-1.12084837819591,53.9762780782869],[-1.12348165231377,53.9760352421097],[-1.12665132741832,53.9746561765455],[-1.13209165045195,53.9715924677816],[-1.1325724958359,53.9717004212716],[-1.13287920711349,53.9714296241942],[-1.1330314247784,53.9716245193835],[-1.13461054653466,53.9697620233303],[-1.13581984825072,53.9691136368304],[-1.13742484253263,53.9687636807304],[-1.13758971028839,53.9669388738505],[-1.13828472299909,53.965163780771],[-1.13876139597367,53.9621412778689],[-1.13919240438227,53.9606812020768],[-1.13959729161957,53.9588181097114],[-1.14065849210708,53.9572421224386],[-1.14328801183975,53.9567912648042],[-1.14330337152896,53.9562830083596],[-1.14371843349697,53.9557848428807],[-1.14486571398412,53.9548233985157],[-1.14514911440356,53.9545025672557],[-1.14642544640206,53.9533616467931],[-1.14734728454547,53.9530614737848],[-1.14548498132213,53.9525249685338],[-1.14382458940507,53.9512917165792],[-1.14346579648804,53.9505728862787],[-1.14184667390344,53.9506633551186],[-1.14197962634663,53.9494756499848],[-1.14269660734573,53.9478134485631],[-1.14373448461076,53.9468944771308],[-1.1389419631667,53.9459261272652],[-1.13908327172976,53.9455934080086],[-1.13967025030417,53.9450840833748],[-1.14080733164131,53.9440600747105],[-1.14356578933198,53.9404878525788],[-1.1440878038339,53.9388224947002],[-1.14484764658995,53.9379725004402],[-1.14631431741975,53.9362017546606],[-1.14564478574117,53.9347190565633],[-1.14453400577252,53.9346165060144],[-1.14241656598426,53.9330672849615],[-1.13847979348994,53.9335053890426],[-1.13419136279513,53.931629003184],[-1.13407405699067,53.9310402467235],[-1.13284085065129,53.9302396217401],[-1.13110274273326,53.9306688442181],[-1.13067751637099,53.9301739576495],[-1.12923787521976,53.9302840316563],[-1.12830087484549,53.9307347828077],[-1.12588122548334,53.9311871231341],[-1.12540684362734,53.929536906129],[-1.12365899662742,53.9297659004297],[-1.12037084944384,53.9291309468432],[-1.11703014575501,53.9280017775733],[-1.11068469079075,53.9261008142022],[-1.11221871373047,53.9244482396014],[-1.11254132085376,53.9241829494579],[-1.119693548099,53.9265954599228],[-1.12028821531836,53.9263105079805],[-1.11677870093154,53.9250548298428],[-1.11701555024238,53.9247908571204],[-1.11762267817305,53.924690686151],[-1.12090976181048,53.9260082842282],[-1.12364309300369,53.9248635167275],[-1.1277765612833,53.9237147767209],[-1.13689361735515,53.9212521311386],[-1.13982112391484,53.9207711448358],[-1.14874773159858,53.920368588373],[-1.15735835177553,53.9193539514161],[-1.16867885004624,53.9172065977853],[-1.16970080788138,53.9168937166202],[-1.16854631426258,53.9148401307786],[-1.16754097765884,53.9135217836963],[-1.16593140029073,53.9125705289035],[-1.16491625592034,53.9105760420748],[-1.17059592485348,53.9088219634793],[-1.17306963901512,53.9112814870644],[-1.17640837034436,53.9139693403496],[-1.17691627444182,53.9139309712645],[-1.17738321543078,53.9143327208143],[-1.17930462476914,53.9168975988271],[-1.1857088857068,53.9160639789305],[-1.18671088724777,53.9184422531925],[-1.19113304470545,53.9225817521126],[-1.19563892884242,53.9223807639423],[-1.19605466059224,53.923504021656],[-1.19761044980019,53.9238873964035],[-1.19949495971966,53.9253512306878],[-1.20011455788186,53.9264726620201],[-1.20006274590375,53.9284759688737],[-1.1979921051262,53.9286586052031],[-1.19773421124411,53.9293264850383],[-1.20015105547248,53.9323869588112],[-1.19975994727229,53.932928125418],[-1.19989655916134,53.9345468507884],[-1.20179881865776,53.9382902983753],[-1.20266038645808,53.9389566590897],[-1.20307146590602,53.9404187954826],[-1.20387810920031,53.9412442579998],[-1.20344314661664,53.9421011601669],[-1.20413277005135,53.9434890088096],[-1.20542284008589,53.9441474818065],[-1.20682130051804,53.9455200698322],[-1.20738186107668,53.9455102930979],[-1.20899830716072,53.9512515334248],[-1.21205040476532,53.9545379188705],[-1.21323927795245,53.9568903336004],[-1.21604613857581,53.9596662483499],[-1.21841275827105,53.9611674610859],[-1.21991994326804,53.9626369279752],[-1.21981976028928,53.9637695930716],[-1.21751952131367,53.9660645299362],[-1.2191866165394,53.967220469858],[-1.22089287637735,53.9691667269719],[-1.22147686031449,53.9704745915468],[-1.22160799965939,53.9726684754855],[-1.22369958902095,53.9746638119769],[-1.22351413745471,53.9755048252797],[-1.22238734175995,53.9765149745532],[-1.22210606290946,53.9793415117757],[-1.2207429546805,53.9814813487832],[-1.21900532335284,53.9828060147225],[-1.21735288695867,53.9832689986294],[-1.21745814090808,53.9844164703786],[-1.21651969703813,53.9855905769845],[-1.21463802373509,53.9855755056547],[-1.21328992431543,53.9852414461724],[-1.2108353565311,53.985457097389],[-1.20717755213608,53.986545012156],[-1.20487070080323,53.9868317285452],[-1.20339454784363,53.986667202567],[-1.20225573402681,53.9871289953667],[-1.20199274407261,53.9882126628792],[-1.20031728787837,53.989027740788],[-1.19754022844977,53.9883854402373],[-1.19743627538843,53.9869927403637],[-1.19366932322154,53.9846998130565],[-1.19188848884098,53.9841306159686],[-1.18974427290685,53.9842153312861],[-1.18871504646794,53.983951257295],[-1.18740431734164,53.9839891344259],[-1.18650006983203,53.9844026865717],[-1.18575150898671,53.9837889759291],[-1.18318636300072,53.9848250556501],[-1.18164431817226,53.985868210437],[-1.18062172952553,53.9898173273229],[-1.18163120637259,53.9926843145574],[-1.18316161613929,53.9948560202587],[-1.18328228613653,53.9962159774285],[-1.18396207344654,53.996506511666],[-1.18416332307878,53.9970631562742],[-1.18556032710785,53.9972197957858],[-1.18591217160768,53.9978768892381],[-1.18663264045562,53.9981620747675],[-1.18938803165506,53.9980124809882],[-1.18952274234369,53.9984396336098],[-1.1903641921181,53.9986357775952],[-1.19048102347888,53.9990832067419],[-1.19192860589158,53.9999242594201],[-1.19193641960582,54.0005081723286],[-1.19136827958785,54.0005721156128],[-1.19099325603031,54.0012754293491],[-1.18929256479986,54.0016468312858],[-1.1888548338285,54.001923044467],[-1.18902912393432,54.0023542159835],[-1.18856981510057,54.0024828639329]]]},"properties":{"FID":2661,"MSOA21CD":"E02002782","MSOA21NM":"York 011","MSOA21NMW":" ","BNG_E":454756,"BNG_N":451493,"LAT":53.95666,"LONG":-1.16704,"GlobalID":"5c949ac7-66d9-4fb5-8ac0-bb52661a3e0a","GROUP":"York"}},{"type":"Feature","id":2662,"geometry":{"type":"Polygon","coordinates":[[[-1.11842958389293,53.9716408434193],[-1.11717405823829,53.9704544819149],[-1.11462972923347,53.9690100740685],[-1.11412931092177,53.9682649099748],[-1.11226793985825,53.9662235286481],[-1.11038326709582,53.9657627412697],[-1.108514138382,53.9663100551328],[-1.10753576801074,53.9657378442741],[-1.10744788388596,53.9648612493147],[-1.10695679920911,53.9646569650898],[-1.10697677199357,53.9644405811263],[-1.10715125318033,53.9636861697784],[-1.10882712353799,53.9638910042231],[-1.1087723698434,53.9647518189999],[-1.10986565858615,53.9652638468294],[-1.11121143378927,53.9647792466603],[-1.11387032845574,53.9638938252474],[-1.11615748793304,53.9630606205892],[-1.11764113563133,53.9635388870519],[-1.11786468394996,53.9632328878969],[-1.11740855836466,53.9627697817185],[-1.11898293268,53.9606395184882],[-1.11953553162872,53.9609125206516],[-1.12040402280781,53.9597212787245],[-1.12141588581372,53.9600640694744],[-1.12165897146869,53.9601443404413],[-1.12180657248105,53.9600865348628],[-1.12283637910328,53.9585616258011],[-1.12415122973231,53.9584353290663],[-1.12342578929707,53.9559240203569],[-1.12708418319786,53.9553701554823],[-1.12858951532659,53.9551565815686],[-1.13198283179904,53.9556784756272],[-1.13246450254966,53.9557780396157],[-1.13253345727061,53.9557930669354],[-1.13535230047116,53.956645083907],[-1.13552481940821,53.9566481577416],[-1.13961671655566,53.9566513033193],[-1.14330337152896,53.9562830083596],[-1.14328801183975,53.9567912648042],[-1.14065849210708,53.9572421224386],[-1.13959729161957,53.9588181097114],[-1.13919240438227,53.9606812020768],[-1.13876139597367,53.9621412778689],[-1.13828472299909,53.965163780771],[-1.13758971028839,53.9669388738505],[-1.13742484253263,53.9687636807304],[-1.13581984825072,53.9691136368304],[-1.13461054653466,53.9697620233303],[-1.1330314247784,53.9716245193835],[-1.13287920711349,53.9714296241942],[-1.1325724958359,53.9717004212716],[-1.13209165045195,53.9715924677816],[-1.12665132741832,53.9746561765455],[-1.12348165231377,53.9760352421097],[-1.12084837819591,53.9762780782869],[-1.12009619013991,53.9739194143174],[-1.11842958389293,53.9716408434193]]]},"properties":{"FID":2662,"MSOA21CD":"E02002783","MSOA21NM":"York 012","MSOA21NMW":" ","BNG_E":457502,"BNG_N":452514,"LAT":53.96553,"LONG":-1.12501,"GlobalID":"17f7277f-d314-4d2d-916b-d1e46f6b30f2","GROUP":"York"}},{"type":"Feature","id":2663,"geometry":{"type":"Polygon","coordinates":[[[-1.0816711662014,53.9676018228825],[-1.08149368782886,53.9672522994726],[-1.08070834864353,53.9672644026607],[-1.08011513610889,53.9676699418558],[-1.07918748257331,53.9674182809159],[-1.07884914603754,53.9669311950729],[-1.07884000744689,53.9669287702395],[-1.07801627965826,53.9670992690986],[-1.07607864061982,53.9665392522875],[-1.07540343312168,53.9670101563166],[-1.07434603859726,53.9668836427338],[-1.07494819465897,53.9662018089757],[-1.07372524303375,53.9657073412858],[-1.07330949436038,53.9658036446089],[-1.07339765109924,53.9651328577965],[-1.07338033324839,53.9650765314265],[-1.07245443986335,53.9640298244129],[-1.07245162793483,53.9634887252826],[-1.07420803156053,53.9622706608985],[-1.0744471830065,53.9618649139981],[-1.07389775343724,53.9614239213346],[-1.07345103902154,53.9610411598119],[-1.07204649762615,53.9598083849506],[-1.07089625647907,53.957797484949],[-1.06956131183153,53.9599762395869],[-1.0692153831601,53.9621594813249],[-1.06845270479391,53.961036106197],[-1.06632457202782,53.9603262657548],[-1.05990545217586,53.9597865413587],[-1.06005974500822,53.9590886539169],[-1.0581729947534,53.9589286819622],[-1.05853415439245,53.9586236091871],[-1.06247822181308,53.9568637807878],[-1.06291699563977,53.9564208930962],[-1.06350216988377,53.9560382760546],[-1.06716774095641,53.956009720276],[-1.06686631883191,53.9553669965515],[-1.06648756215259,53.9554165736428],[-1.06642256225719,53.9545290713541],[-1.06752492161555,53.9545921998007],[-1.06827779014207,53.9546839248114],[-1.07041172743165,53.9551068539055],[-1.07162568862581,53.9542769578931],[-1.07451307118192,53.9538639635473],[-1.07535724555943,53.953832375796],[-1.07555502816152,53.9538346245293],[-1.07669995418676,53.9536669332113],[-1.07753009715695,53.9543976728316],[-1.07986474112853,53.9546486904201],[-1.08132176002891,53.9541670486947],[-1.07981717302619,53.9523744306395],[-1.08058664158722,53.9520561651052],[-1.08082291954393,53.9529136990785],[-1.08234749777384,53.9527856703763],[-1.08282424251885,53.9535862662335],[-1.08410446200609,53.9529807487476],[-1.0853964935841,53.9533545601349],[-1.08427425219867,53.9523726660739],[-1.08436258772546,53.9522179276498],[-1.0859432851143,53.9513751168497],[-1.08595713362061,53.9512942134968],[-1.08628461460419,53.9510034608538],[-1.08658713558034,53.9511547495002],[-1.08648514818682,53.9509837639934],[-1.08746972320647,53.9509518775793],[-1.08855169956603,53.9510599955158],[-1.08931248047682,53.9509893120629],[-1.08951613426979,53.951248135042],[-1.09078040191817,53.9509270884435],[-1.09128962496659,53.9512220493368],[-1.09124561379971,53.9514660546014],[-1.09232642703217,53.9516352558056],[-1.09260893969624,53.9519379636333],[-1.09102341648707,53.9529200121638],[-1.09272269627623,53.9539739304308],[-1.09348594607432,53.9542005030255],[-1.09371888765725,53.9540202617033],[-1.09475125660694,53.9546965892727],[-1.09639887880178,53.9540117948397],[-1.09785556097677,53.9540570033433],[-1.09832087359385,53.9543528085367],[-1.09453637667701,53.9574810037547],[-1.09426474962144,53.9579392223446],[-1.09405750894849,53.9597888771689],[-1.09262330686878,53.9599006419215],[-1.09285543893051,53.9612142340305],[-1.09187732427357,53.9627525863879],[-1.09137889969478,53.9634361269439],[-1.08897641100667,53.9658227775224],[-1.08645022584566,53.968582261007],[-1.08356105170265,53.9685964838242],[-1.08135328145251,53.9680920876074],[-1.08118158993405,53.9679887133168],[-1.0816711662014,53.9676018228825]]]},"properties":{"FID":2663,"MSOA21CD":"E02002784","MSOA21NM":"York 013","MSOA21NMW":" ","BNG_E":460582,"BNG_N":452023,"LAT":53.96077,"LONG":-1.07816,"GlobalID":"519d71c5-1b64-4cba-a4f1-ad8ab1b67278","GROUP":"York"}},{"type":"Feature","id":2664,"geometry":{"type":"Polygon","coordinates":[[[-1.00364122136138,53.9753496119942],[-0.999167151702785,53.9709721765965],[-0.998816233688019,53.9710428419795],[-0.996253159907119,53.9688966941971],[-0.997370266207291,53.9682229234383],[-0.993460546316392,53.9663529738728],[-0.999071576219786,53.962781617291],[-1.002354317506,53.9607706357585],[-1.00630364388808,53.9590138463568],[-1.01174327397445,53.9578646209173],[-1.01643260621477,53.9562652505174],[-1.02147390121886,53.9552988302064],[-1.02212474039503,53.9551278961774],[-1.02777955014414,53.9538664433148],[-1.03185679673787,53.9538001735357],[-1.03279458807946,53.9538958901578],[-1.03186464394811,53.951984434374],[-1.03160101937445,53.9514336866564],[-1.03209016739476,53.9510382145674],[-1.03369291653625,53.9499287211515],[-1.03524212603683,53.949425422579],[-1.03933392481025,53.9484232056651],[-1.03961883629072,53.9486532567293],[-1.04089602254792,53.9496721413655],[-1.04298011264307,53.9499535645978],[-1.04411932017685,53.9495556133552],[-1.04507349065627,53.9510040107368],[-1.0458239152453,53.953813535598],[-1.04577235892281,53.9538223481235],[-1.0434825545826,53.953832458073],[-1.04090447174954,53.9538195670449],[-1.0388175217734,53.9537849250398],[-1.03697473708596,53.9539283047448],[-1.03689685532678,53.9541280684774],[-1.03747960562941,53.9541742058416],[-1.03778516313789,53.9541627939327],[-1.03819091758987,53.9541326932452],[-1.03898511108528,53.9554664464214],[-1.03776570998089,53.9557044476828],[-1.0379132129948,53.9560185040819],[-1.03806618550476,53.9563272939354],[-1.03930088533497,53.9560874705058],[-1.03958076408765,53.9565617025366],[-1.04010792955453,53.9574249857152],[-1.04140326848722,53.9571761964477],[-1.04166627363986,53.9576070037232],[-1.04168489010413,53.9576402719979],[-1.04181779185925,53.9578790369181],[-1.04416720906997,53.9572952541969],[-1.04521870238171,53.9583929009525],[-1.04391928625008,53.9589416844755],[-1.04550911350318,53.9603935655421],[-1.04748106091956,53.9601563568695],[-1.05070772069163,53.9597850425226],[-1.0542895767767,53.9596335264494],[-1.05735408840125,53.9596090087707],[-1.05729197388449,53.9603396295879],[-1.05526258375941,53.9602286904033],[-1.05462804046591,53.9601928835485],[-1.05192835120762,53.9602794832898],[-1.05182856563058,53.9600261084462],[-1.05146915183776,53.9603657409998],[-1.0517816242306,53.9607007593891],[-1.05137647936145,53.9608200510467],[-1.05084633454017,53.9609474500918],[-1.05134621361624,53.9614096544838],[-1.05064892442344,53.9622557208614],[-1.05179204934476,53.9637780229998],[-1.05202975989064,53.9639870425838],[-1.05114825863285,53.9643237326291],[-1.05190250600718,53.9645611984426],[-1.05442458261366,53.9651305913099],[-1.05256884688766,53.966989531562],[-1.05139268157744,53.9678068513929],[-1.05022407910424,53.9672877414297],[-1.04927851633857,53.9676569569664],[-1.04849154190158,53.9670730901121],[-1.04773156297264,53.9663929318945],[-1.04589610843821,53.9660604293764],[-1.04652029011888,53.965698558283],[-1.04633018739903,53.9653659083391],[-1.04345491339913,53.9662091735129],[-1.04257424803911,53.9665929204196],[-1.04066015170901,53.9671838562989],[-1.03714484909376,53.9684625953946],[-1.03546931537034,53.9685796050185],[-1.03123161597515,53.9701216855859],[-1.02517235879188,53.9736798395381],[-1.02470148001707,53.9753524154242],[-1.02262212220248,53.9756209115798],[-1.01397230652341,53.9783877399558],[-1.01064678589045,53.9800588985663],[-1.01012870036884,53.9797890262753],[-1.00364122136138,53.9753496119942]]]},"properties":{"FID":2664,"MSOA21CD":"E02002785","MSOA21NM":"York 014","MSOA21NMW":" ","BNG_E":464106,"BNG_N":452456,"LAT":53.96424,"LONG":-1.02437,"GlobalID":"53980569-aab7-4bb5-960b-558339bc5275","GROUP":"York"}},{"type":"Feature","id":2665,"geometry":{"type":"Polygon","coordinates":[[[-1.05114825863285,53.9643237326291],[-1.05202975989064,53.9639870425838],[-1.05179204934476,53.9637780229998],[-1.05064892442344,53.9622557208614],[-1.05134621361624,53.9614096544838],[-1.05084633454017,53.9609474500918],[-1.05137647936145,53.9608200510467],[-1.0517816242306,53.9607007593891],[-1.05146915183776,53.9603657409998],[-1.05182856563058,53.9600261084462],[-1.05192835120762,53.9602794832898],[-1.05462804046591,53.9601928835485],[-1.05526258375941,53.9602286904033],[-1.05729197388449,53.9603396295879],[-1.05735408840125,53.9596090087707],[-1.0542895767767,53.9596335264494],[-1.05070772069163,53.9597850425226],[-1.04748106091956,53.9601563568695],[-1.04550911350318,53.9603935655421],[-1.04391928625008,53.9589416844755],[-1.04521870238171,53.9583929009525],[-1.04416720906997,53.9572952541969],[-1.04181779185925,53.9578790369181],[-1.04168489010413,53.9576402719979],[-1.04166627363986,53.9576070037232],[-1.04140326848722,53.9571761964477],[-1.04010792955453,53.9574249857152],[-1.03958076408765,53.9565617025366],[-1.03930088533497,53.9560874705058],[-1.03806618550476,53.9563272939354],[-1.0379132129948,53.9560185040819],[-1.03776570998089,53.9557044476828],[-1.03898511108528,53.9554664464214],[-1.03819091758987,53.9541326932452],[-1.03778516313789,53.9541627939327],[-1.03747960562941,53.9541742058416],[-1.03689685532678,53.9541280684774],[-1.03697473708596,53.9539283047448],[-1.0388175217734,53.9537849250398],[-1.04090447174954,53.9538195670449],[-1.0434825545826,53.953832458073],[-1.04577235892281,53.9538223481235],[-1.0458239152453,53.953813535598],[-1.04507349065627,53.9510040107368],[-1.04830206857669,53.9507368612152],[-1.04868043827752,53.9513767821302],[-1.04930701358871,53.9513176985665],[-1.04993484724673,53.9524422260238],[-1.054231718807,53.9512992381808],[-1.05419137166633,53.9502599606927],[-1.05932838630197,53.9509589096046],[-1.05928763259846,53.952154130004],[-1.05928860517853,53.9521895323658],[-1.05910485012401,53.9539843106934],[-1.05929653764307,53.9542009651793],[-1.06157507281427,53.9544617862847],[-1.06342553446691,53.9544442609395],[-1.06603497325954,53.9545159339173],[-1.06640196372478,53.9545281654273],[-1.06642256225719,53.9545290713541],[-1.06648756215259,53.9554165736428],[-1.06686631883191,53.9553669965515],[-1.06716774095641,53.956009720276],[-1.06350216988377,53.9560382760546],[-1.06291699563977,53.9564208930962],[-1.06247822181308,53.9568637807878],[-1.05853415439245,53.9586236091871],[-1.0581729947534,53.9589286819622],[-1.06005974500822,53.9590886539169],[-1.05990545217586,53.9597865413587],[-1.06632457202782,53.9603262657548],[-1.06565605939391,53.9608183878077],[-1.06570018463674,53.9614192276268],[-1.06482250108863,53.9609646765515],[-1.06345481611041,53.9607832596973],[-1.06016806161054,53.9605512326764],[-1.05998152376965,53.9620594120913],[-1.05873738026953,53.9620544600197],[-1.05861712550195,53.9624082554694],[-1.05809692951823,53.9624094032506],[-1.05827335465312,53.9627830576736],[-1.05628567913951,53.9626513924295],[-1.05566934607851,53.9630102144461],[-1.05625468777094,53.9635924574382],[-1.05611361874643,53.9642138194703],[-1.05512796009181,53.9642055101883],[-1.05442458261366,53.9651305913099],[-1.05190250600718,53.9645611984426],[-1.05114825863285,53.9643237326291]]]},"properties":{"FID":2665,"MSOA21CD":"E02002786","MSOA21NM":"York 015","MSOA21NMW":" ","BNG_E":462264,"BNG_N":451701,"LAT":53.95768,"LONG":-1.0526,"GlobalID":"b2490dca-3de8-4081-906c-9a517fc12fa6","GROUP":"York"}},{"type":"Feature","id":2666,"geometry":{"type":"Polygon","coordinates":[[[-1.11387032845574,53.9638938252474],[-1.11100524226558,53.96255435721],[-1.11176826694174,53.9621359481999],[-1.11042908680277,53.9612145060365],[-1.10609974465957,53.9591697225119],[-1.1090767609945,53.9585224636887],[-1.10981154616027,53.9590051923106],[-1.11082128660558,53.958823915564],[-1.10918783971323,53.9574291761836],[-1.10700142313977,53.9557037595651],[-1.10816365549802,53.9555146500299],[-1.10897156765205,53.9533545453234],[-1.10936585365587,53.9533932885912],[-1.10924528660473,53.9528398069504],[-1.10847776503361,53.953335542921],[-1.10795748427131,53.9544615317511],[-1.10756425088306,53.9553038040739],[-1.10690694322586,53.9549356405633],[-1.10629873985429,53.9551215584899],[-1.10587936446321,53.9535420097321],[-1.10719274134555,53.9521799472339],[-1.1079990777567,53.9520295320818],[-1.10885943968059,53.9519810217612],[-1.1104996763633,53.9521377865449],[-1.11029586331468,53.9532660226794],[-1.11116882037126,53.9535816814536],[-1.11175410881165,53.9522066987001],[-1.11120205732588,53.9518632168918],[-1.11169772073884,53.9502166120111],[-1.11312941776533,53.9500148034215],[-1.11393507035284,53.9487779957948],[-1.11529010166356,53.9488350430696],[-1.11670923986441,53.9492745340892],[-1.11735428758424,53.9486069446394],[-1.11871345869536,53.9488054180936],[-1.11928411582408,53.9492506558791],[-1.11937473179224,53.9489562000954],[-1.12017364754056,53.9490321722214],[-1.1212001453002,53.950647945776],[-1.12079603211563,53.9512125712667],[-1.12141030004826,53.9509859449419],[-1.12146058380008,53.9509554746947],[-1.1218324862762,53.949018098182],[-1.12188050135846,53.9487157104098],[-1.12190454777396,53.9489014844741],[-1.12238242791794,53.9487282880669],[-1.12290785456065,53.9490263601505],[-1.12387770519298,53.948311617245],[-1.12524363196446,53.9485873396758],[-1.12541703129987,53.9480519981375],[-1.12631471581361,53.9481471989102],[-1.1281280976596,53.949621161844],[-1.12878891442744,53.9499741799189],[-1.12965429975281,53.950130167449],[-1.13077186979179,53.9510553531334],[-1.13205385175267,53.9509607931565],[-1.13263187885348,53.9515499347237],[-1.13180267391375,53.9520105957025],[-1.13308600995484,53.9527152283357],[-1.13291811715475,53.9535208693452],[-1.13222608439396,53.9540728688186],[-1.13246450254966,53.9557780396157],[-1.13198283179904,53.9556784756272],[-1.12858951532659,53.9551565815686],[-1.12708418319786,53.9553701554823],[-1.12342578929707,53.9559240203569],[-1.12415122973231,53.9584353290663],[-1.12283637910328,53.9585616258011],[-1.12180657248105,53.9600865348628],[-1.12165897146869,53.9601443404413],[-1.12141588581372,53.9600640694744],[-1.12040402280781,53.9597212787245],[-1.11953553162872,53.9609125206516],[-1.11898293268,53.9606395184882],[-1.11740855836466,53.9627697817185],[-1.11786468394996,53.9632328878969],[-1.11764113563133,53.9635388870519],[-1.11615748793304,53.9630606205892],[-1.11387032845574,53.9638938252474]]]},"properties":{"FID":2666,"MSOA21CD":"E02002787","MSOA21NM":"York 016","MSOA21NMW":" ","BNG_E":457882,"BNG_N":451338,"LAT":53.95492,"LONG":-1.11944,"GlobalID":"54829bf3-fcce-4a86-b3cf-bc49153d1aa4","GROUP":"York"}},{"type":"Feature","id":2667,"geometry":{"type":"Polygon","coordinates":[[[-1.10013875639972,53.9646840960823],[-1.09812821095254,53.9633938251455],[-1.09582345088423,53.9618455192858],[-1.09285543893051,53.9612142340305],[-1.09262330686878,53.9599006419215],[-1.09405750894849,53.9597888771689],[-1.09426474962144,53.9579392223446],[-1.09453637667701,53.9574810037547],[-1.09832087359385,53.9543528085367],[-1.09785556097677,53.9540570033433],[-1.09639887880178,53.9540117948397],[-1.09475125660694,53.9546965892727],[-1.09371888765725,53.9540202617033],[-1.09348594607432,53.9542005030255],[-1.09272269627623,53.9539739304308],[-1.09102341648707,53.9529200121638],[-1.09260893969624,53.9519379636333],[-1.09232642703217,53.9516352558056],[-1.09124561379971,53.9514660546014],[-1.09128962496659,53.9512220493368],[-1.09078040191817,53.9509270884435],[-1.08951613426979,53.951248135042],[-1.08931248047682,53.9509893120629],[-1.08855169956603,53.9510599955158],[-1.08746972320647,53.9509518775793],[-1.08648514818682,53.9509837639934],[-1.08658713558034,53.9511547495002],[-1.08628461460419,53.9510034608538],[-1.08632747909541,53.9493841087256],[-1.08616844738219,53.949138822738],[-1.08497195442885,53.9491027589694],[-1.08502952925131,53.9489767363428],[-1.08451658031413,53.9489197489471],[-1.08464212591423,53.9486389946988],[-1.08187594793764,53.9479419368364],[-1.0847044766133,53.9480940700776],[-1.08486832325914,53.9475652558874],[-1.08378911597837,53.9474489523111],[-1.08395227475649,53.9469558567555],[-1.08624334104675,53.9474411502277],[-1.08726950200562,53.9467472263398],[-1.08580773006968,53.946412724235],[-1.08621737247605,53.9450946055598],[-1.08830753892676,53.9456631976413],[-1.08829649429477,53.9461709705369],[-1.08864960984129,53.9461736476285],[-1.08868768404197,53.9463986356259],[-1.09202361202766,53.946321132595],[-1.09191297949765,53.9468592430179],[-1.0924567034875,53.9486311658493],[-1.09451511208042,53.9488423983792],[-1.09468791627908,53.9495541357944],[-1.09480283850641,53.9498863245769],[-1.09605834685135,53.9495288363073],[-1.09597603268767,53.9491842028801],[-1.09678529554607,53.9491057979139],[-1.09849813545541,53.9494056385194],[-1.09833014446377,53.9486194594217],[-1.09948814576566,53.9493291995731],[-1.10021038819622,53.9486281882102],[-1.10023321581666,53.948599678427],[-1.1012586708671,53.9487231219401],[-1.1014057557531,53.9482809975167],[-1.10227695327774,53.9482220636644],[-1.10523485981961,53.9484203289088],[-1.10631215448144,53.9484318907999],[-1.10760482323168,53.9471309830703],[-1.10813576002464,53.9471371064251],[-1.10828472363836,53.9475311740882],[-1.10763945437767,53.9489338304587],[-1.10826785730862,53.9495887175292],[-1.1088450478546,53.9493393652441],[-1.1095553788048,53.9495903943328],[-1.1102615235612,53.9494676687977],[-1.11183042375446,53.9489432344413],[-1.11393507035284,53.9487779957948],[-1.11312941776533,53.9500148034215],[-1.11169772073884,53.9502166120111],[-1.11120205732588,53.9518632168918],[-1.11175410881165,53.9522066987001],[-1.11116882037126,53.9535816814536],[-1.11029586331468,53.9532660226794],[-1.1104996763633,53.9521377865449],[-1.10885943968059,53.9519810217612],[-1.1079990777567,53.9520295320818],[-1.10719274134555,53.9521799472339],[-1.10587936446321,53.9535420097321],[-1.10629873985429,53.9551215584899],[-1.10690694322586,53.9549356405633],[-1.10756425088306,53.9553038040739],[-1.10795748427131,53.9544615317511],[-1.10847776503361,53.953335542921],[-1.10924528660473,53.9528398069504],[-1.10936585365587,53.9533932885912],[-1.10897156765205,53.9533545453234],[-1.10816365549802,53.9555146500299],[-1.10700142313977,53.9557037595651],[-1.10918783971323,53.9574291761836],[-1.11082128660558,53.958823915564],[-1.10981154616027,53.9590051923106],[-1.1090767609945,53.9585224636887],[-1.10609974465957,53.9591697225119],[-1.11042908680277,53.9612145060365],[-1.11176826694174,53.9621359481999],[-1.11100524226558,53.96255435721],[-1.11387032845574,53.9638938252474],[-1.11121143378927,53.9647792466603],[-1.10986565858615,53.9652638468294],[-1.1087723698434,53.9647518189999],[-1.10882712353799,53.9638910042231],[-1.10715125318033,53.9636861697784],[-1.10697677199357,53.9644405811263],[-1.10695679920911,53.9646569650898],[-1.10744788388596,53.9648612493147],[-1.10753576801074,53.9657378442741],[-1.108514138382,53.9663100551328],[-1.10683375595778,53.9683384509413],[-1.10476800884929,53.9684803833776],[-1.10345402506631,53.9678090269737],[-1.10342953306182,53.9677732744664],[-1.10280691264732,53.966297700808],[-1.10050819401498,53.964890210225],[-1.10013875639972,53.9646840960823]]]},"properties":{"FID":2667,"MSOA21CD":"E02002788","MSOA21NM":"York 017","MSOA21NMW":" ","BNG_E":459296,"BNG_N":451794,"LAT":53.95886,"LONG":-1.0978,"GlobalID":"368b5ed0-dabe-4c0d-9a2d-e44486a2282d","GROUP":"York"}},{"type":"Feature","id":2668,"geometry":{"type":"Polygon","coordinates":[[[-1.13263187885348,53.9515499347237],[-1.13205385175267,53.9509607931565],[-1.13077186979179,53.9510553531334],[-1.12965429975281,53.950130167449],[-1.12878891442744,53.9499741799189],[-1.1281280976596,53.949621161844],[-1.12631471581361,53.9481471989102],[-1.12541703129987,53.9480519981375],[-1.12524363196446,53.9485873396758],[-1.12387770519298,53.948311617245],[-1.12290785456065,53.9490263601505],[-1.12238242791794,53.9487282880669],[-1.12190454777396,53.9489014844741],[-1.12188050135846,53.9487157104098],[-1.1218324862762,53.949018098182],[-1.12146058380008,53.9509554746947],[-1.12141030004826,53.9509859449419],[-1.12079603211563,53.9512125712667],[-1.1212001453002,53.950647945776],[-1.12017364754056,53.9490321722214],[-1.11937473179224,53.9489562000954],[-1.11928411582408,53.9492506558791],[-1.11871345869536,53.9488054180936],[-1.11735428758424,53.9486069446394],[-1.11670923986441,53.9492745340892],[-1.11529010166356,53.9488350430696],[-1.11582619893615,53.9480926981446],[-1.11785359556298,53.9477559349751],[-1.11808491685149,53.9471057172984],[-1.11834939609661,53.946549855177],[-1.11603892711464,53.9464269957781],[-1.11616354090262,53.9455751790394],[-1.11875604992174,53.9460034472811],[-1.12096465660984,53.9452736315364],[-1.12221788539381,53.9446990463157],[-1.12155565507554,53.9441872981829],[-1.12094928793197,53.9444960429378],[-1.11997942884484,53.9436185454186],[-1.12015777450009,53.9433205048284],[-1.12077044407408,53.9424008463816],[-1.12267843487322,53.9426574318789],[-1.12387557971641,53.9421664848773],[-1.12389931707497,53.9418143029678],[-1.12430058916077,53.9417051464677],[-1.12619799042749,53.9411806714104],[-1.12615798140723,53.9401546298726],[-1.12763809594341,53.9397569025892],[-1.12856642795271,53.9395098058249],[-1.12975700983892,53.9405831518294],[-1.13145480888898,53.9404224150006],[-1.13233277983486,53.9405730873273],[-1.13235837016136,53.940972975392],[-1.1343910339321,53.9411001469632],[-1.13468844678937,53.9418400550425],[-1.13421651159898,53.9418194142144],[-1.13381293911957,53.9426957036152],[-1.13457992273528,53.9427081653158],[-1.13454274957682,53.9429976797509],[-1.13361128249496,53.9429621722559],[-1.13021900228023,53.9428504073405],[-1.12693070676901,53.9434647191514],[-1.12821530841674,53.944696401124],[-1.12977391704341,53.9440119167907],[-1.13029212404918,53.9437317550157],[-1.13000802810382,53.9435235521951],[-1.12935183092122,53.9437148609385],[-1.12934619956053,53.9433115624272],[-1.13147044624562,53.9430508790793],[-1.13265254748194,53.9431993006297],[-1.13256299784102,53.9435378326141],[-1.13303795364274,53.9435628382553],[-1.1325506756853,53.9450231358967],[-1.13305690305888,53.9450551842992],[-1.13324871179408,53.9447469190933],[-1.13465212004754,53.9449299013936],[-1.13513736329234,53.9447705266463],[-1.1366145401388,53.9450336088778],[-1.13688284905029,53.944699467125],[-1.13337486994898,53.9444282532436],[-1.13339369743622,53.9441985403402],[-1.1355043897226,53.9442233872448],[-1.13971543017562,53.9444560868508],[-1.13967025030417,53.9450840833748],[-1.13908327172976,53.9455934080086],[-1.1389419631667,53.9459261272652],[-1.14373448461076,53.9468944771308],[-1.14269660734573,53.9478134485631],[-1.14197962634663,53.9494756499848],[-1.14184667390344,53.9506633551186],[-1.14346579648804,53.9505728862787],[-1.14382458940507,53.9512917165792],[-1.14548498132213,53.9525249685338],[-1.14734728454547,53.9530614737848],[-1.14642544640206,53.9533616467931],[-1.14514911440356,53.9545025672557],[-1.14486571398412,53.9548233985157],[-1.14371843349697,53.9557848428807],[-1.14330337152896,53.9562830083596],[-1.13961671655566,53.9566513033193],[-1.13552481940821,53.9566481577416],[-1.13535230047116,53.956645083907],[-1.13253345727061,53.9557930669354],[-1.13246450254966,53.9557780396157],[-1.13222608439396,53.9540728688186],[-1.13291811715475,53.9535208693452],[-1.13308600995484,53.9527152283357],[-1.13180267391375,53.9520105957025],[-1.13263187885348,53.9515499347237]]]},"properties":{"FID":2668,"MSOA21CD":"E02002789","MSOA21NM":"York 018","MSOA21NMW":" ","BNG_E":457229,"BNG_N":450566,"LAT":53.94806,"LONG":-1.12953,"GlobalID":"74da3e0d-5c27-47e1-974c-bacac278db57","GROUP":"York"}},{"type":"Feature","id":2669,"geometry":{"type":"Polygon","coordinates":[[[-1.06603497325954,53.9545159339173],[-1.06342553446691,53.9544442609395],[-1.06157507281427,53.9544617862847],[-1.05929653764307,53.9542009651793],[-1.05910485012401,53.9539843106934],[-1.05928860517853,53.9521895323658],[-1.05928763259846,53.952154130004],[-1.05932838630197,53.9509589096046],[-1.05974608642797,53.9477896104827],[-1.05959637370288,53.9438565565757],[-1.05750453384465,53.9421347004256],[-1.05772492998933,53.9418611700661],[-1.06018404306846,53.9408989782942],[-1.06339651098749,53.9388231608706],[-1.06471823528562,53.9383152250416],[-1.06726894569911,53.938078454719],[-1.06814349440822,53.9380259816355],[-1.07100885479651,53.9378053120692],[-1.07132285393573,53.9387794142026],[-1.07151761680732,53.9393250447503],[-1.07162686104509,53.9395472680003],[-1.07327470635632,53.9393871829243],[-1.07371490192687,53.9393477296017],[-1.07408152819885,53.9398579365764],[-1.080319562497,53.9389827425781],[-1.08122691417918,53.9398292136769],[-1.08091005286182,53.9388218253666],[-1.08270824909418,53.9383131324501],[-1.08389427287926,53.9405118492403],[-1.08421199814249,53.9422821171877],[-1.08302495140938,53.944078360049],[-1.08172085761377,53.9452977113978],[-1.08007330739297,53.9473604418999],[-1.08187594793764,53.9479419368364],[-1.08464212591423,53.9486389946988],[-1.08451658031413,53.9489197489471],[-1.08502952925131,53.9489767363428],[-1.08497195442885,53.9491027589694],[-1.08616844738219,53.949138822738],[-1.08632747909541,53.9493841087256],[-1.08628461460419,53.9510034608538],[-1.08595713362061,53.9512942134968],[-1.0859432851143,53.9513751168497],[-1.08436258772546,53.9522179276498],[-1.08427425219867,53.9523726660739],[-1.0853964935841,53.9533545601349],[-1.08410446200609,53.9529807487476],[-1.08282424251885,53.9535862662335],[-1.08234749777384,53.9527856703763],[-1.08082291954393,53.9529136990785],[-1.08058664158722,53.9520561651052],[-1.07981717302619,53.9523744306395],[-1.08132176002891,53.9541670486947],[-1.07986474112853,53.9546486904201],[-1.07753009715695,53.9543976728316],[-1.07669995418676,53.9536669332113],[-1.07555502816152,53.9538346245293],[-1.07535724555943,53.953832375796],[-1.07451307118192,53.9538639635473],[-1.07162568862581,53.9542769578931],[-1.07041172743165,53.9551068539055],[-1.06827779014207,53.9546839248114],[-1.06752492161555,53.9545921998007],[-1.06642256225719,53.9545290713541],[-1.06640196372478,53.9545281654273],[-1.06603497325954,53.9545159339173]]]},"properties":{"FID":2669,"MSOA21CD":"E02002790","MSOA21NM":"York 019","MSOA21NMW":" ","BNG_E":461011,"BNG_N":450482,"LAT":53.94687,"LONG":-1.07193,"GlobalID":"f11937e6-6a02-4e82-8d39-f830b61269a0","GROUP":"York"}},{"type":"Feature","id":2670,"geometry":{"type":"Polygon","coordinates":[[[-0.920889254813487,53.9898003570637],[-0.923638359477084,53.9883925711249],[-0.925844933819655,53.9853948689385],[-0.927920125727976,53.9838480894339],[-0.927046391004073,53.9805139217487],[-0.928223945671299,53.9785417359673],[-0.928777739643364,53.9761022299167],[-0.930748429978167,53.9744870513446],[-0.931295797648447,53.9724168254821],[-0.933789055440002,53.9705079378148],[-0.934110748586253,53.9686722065157],[-0.933420661997419,53.967356374899],[-0.931321715895829,53.965865690825],[-0.928300316417277,53.9643170346034],[-0.925154281747352,53.9639572634077],[-0.923865637497868,53.9633702262827],[-0.922282757663754,53.9620404466725],[-0.921242720151286,53.9605357573766],[-0.922156822196066,53.9566513243255],[-0.927656820271241,53.9526665723654],[-0.927578033461635,53.9516530333341],[-0.925751403740071,53.9504270060443],[-0.924957251748862,53.9488472869612],[-0.925502390090045,53.9478115023386],[-0.927097238036105,53.9465587172208],[-0.926497827380912,53.9448748163575],[-0.926854358667781,53.9442772317593],[-0.928099657602347,53.9438768655965],[-0.928458768838805,53.9434438613496],[-0.927859717100973,53.9419060548415],[-0.925040041897403,53.9407123916005],[-0.925837424714476,53.9392482818827],[-0.926184599629686,53.9369608092211],[-0.925392142872898,53.935771245336],[-0.923920114711988,53.9354516550247],[-0.923419594903925,53.9350075270451],[-0.92373268864307,53.9343819980675],[-0.926420335570283,53.9331143035507],[-0.927726659969788,53.9308595208967],[-0.928867976463069,53.9299467690727],[-0.928593746747215,53.9288898908593],[-0.925647274264159,53.9272543886217],[-0.923922850803539,53.9258543543273],[-0.922932419180234,53.9248574527405],[-0.92163105613519,53.9219858460052],[-0.921677986130248,53.9212349098147],[-0.922476680044255,53.9205961065007],[-0.923550003826977,53.9203458865104],[-0.926967402936799,53.9210918859317],[-0.928188425955382,53.9206087257374],[-0.927740065736357,53.9183649746025],[-0.928727180885434,53.9178892733182],[-0.931088933834069,53.9177656765406],[-0.931903835429869,53.9170285805033],[-0.931755609783067,53.9159166778427],[-0.930703294879428,53.9143151314634],[-0.931486345270926,53.9138085217102],[-0.933926412192996,53.9141498695194],[-0.934670918400642,53.9139095848866],[-0.934697679056594,53.9133812008863],[-0.932694042415359,53.9126047323351],[-0.932109053321601,53.9119074471842],[-0.931972080032816,53.9089013709066],[-0.933203829439795,53.908259839375],[-0.936877511766432,53.9083050771109],[-0.938314204189683,53.9078897323939],[-0.938934068252126,53.9058975895243],[-0.941043275418255,53.9041640867873],[-0.939975039312688,53.9025996996516],[-0.940580859859264,53.9013270170981],[-0.93998537263619,53.8993893146468],[-0.940444246604575,53.8984894943787],[-0.946027742913698,53.8958216740281],[-0.947207294459584,53.8957019830568],[-0.948720803949951,53.8950079813953],[-0.949461017049367,53.8943126377515],[-0.949277810652011,53.8935421584299],[-0.944693691984153,53.8920483826641],[-0.934133723612209,53.8902582876368],[-0.930283514803865,53.8906349519393],[-0.925757816317674,53.8904066068392],[-0.922922238900415,53.8907356340447],[-0.920843755075005,53.89061950607],[-0.919678922762004,53.8893032051026],[-0.920537160262933,53.888418004296],[-0.923596108676789,53.8877268804986],[-0.922933816724724,53.8853731585859],[-0.924403315756254,53.8837271704183],[-0.924658459697763,53.8827135092287],[-0.923518430593754,53.8807666890293],[-0.924479450142532,53.8804067015519],[-0.92538432787258,53.8807510337828],[-0.925751016957182,53.8816539771093],[-0.926835442305567,53.882562506082],[-0.927671646698563,53.8820997914931],[-0.928243508850685,53.882399554017],[-0.928582803876211,53.8822600495174],[-0.929800330830754,53.8813062109937],[-0.93046941273669,53.8795277271973],[-0.932677393537799,53.8794974003234],[-0.934433826212427,53.879816925087],[-0.93497346059035,53.8800194490742],[-0.934453378814219,53.8813487551452],[-0.934520329997633,53.8829425122033],[-0.935602582828791,53.884245006119],[-0.938170107385041,53.8858325323863],[-0.938612275517753,53.8875419563958],[-0.939590338266521,53.8878980468063],[-0.941584043847296,53.8875190323971],[-0.94407171840054,53.8881217996068],[-0.945155485237476,53.8869622980583],[-0.948248768822071,53.8860928555518],[-0.948027139123027,53.8848668232397],[-0.957502588105131,53.8843095589866],[-0.962706329695203,53.8830538148554],[-0.967709210814797,53.8828379034287],[-0.969470224318972,53.8823039398799],[-0.973238168405147,53.8887442682456],[-0.973632066376005,53.8894091736922],[-0.972589780950105,53.8931425334886],[-0.972954804444753,53.8938090265075],[-0.972297712170284,53.8939752758274],[-0.971376600403426,53.8930851618743],[-0.970369182916951,53.8928457939922],[-0.969910570844988,53.8934881996578],[-0.970321853355768,53.8937783385309],[-0.969578993589557,53.8941962367776],[-0.968241700577244,53.894354754863],[-0.967088016428346,53.8953171762902],[-0.967781524547372,53.8956711672003],[-0.969605896874003,53.8948837288174],[-0.971653153544863,53.895035065832],[-0.971034005848872,53.8948252876798],[-0.972607059095308,53.8942617129728],[-0.973203003947585,53.8948617684555],[-0.974313753679277,53.8950258897913],[-0.97384553270326,53.8954879244305],[-0.972296595560231,53.8958437796802],[-0.974939793781784,53.8985051205451],[-0.973316280239851,53.89937003048],[-0.971210165062992,53.8998869757077],[-0.97062274703527,53.8992162382946],[-0.969884392931848,53.8994432325867],[-0.968578129865519,53.8998448033107],[-0.968800497941307,53.9000991439373],[-0.96675889728021,53.9006187712568],[-0.96505436841418,53.9016646649842],[-0.964788186897542,53.9008315849613],[-0.961971517300589,53.9029727107783],[-0.963453658107183,53.9031987157111],[-0.965899625218285,53.9049257017204],[-0.96719533963004,53.9063389792702],[-0.964338634195716,53.9093851121071],[-0.966337785370818,53.9101376370326],[-0.96876443065184,53.913733240931],[-0.969844112455113,53.9145208064343],[-0.973630716872421,53.915747722273],[-0.976621721502865,53.9154676091042],[-0.978925758261611,53.9157110239662],[-0.986796495783311,53.9188890967506],[-0.986517714369803,53.9222302142171],[-0.98684044825255,53.9260052156656],[-0.988137169843054,53.9306152708951],[-0.98973510844268,53.9323143026967],[-1.00161077319974,53.9336274515838],[-1.00272214548433,53.9334515702858],[-1.01202005791024,53.9413829167396],[-1.01674366869715,53.9487571958392],[-1.01784087793613,53.9501997572474],[-1.01623646927788,53.9507936347902],[-1.02147390121886,53.9552988302064],[-1.01643260621477,53.9562652505174],[-1.01174327397445,53.9578646209173],[-1.00630364388808,53.9590138463568],[-1.002354317506,53.9607706357585],[-0.999071576219786,53.962781617291],[-0.993460546316392,53.9663529738728],[-0.997370266207291,53.9682229234383],[-0.996253159907119,53.9688966941971],[-0.998816233688019,53.9710428419795],[-0.999167151702785,53.9709721765965],[-1.00364122136138,53.9753496119942],[-1.01012870036884,53.9797890262753],[-1.01036581117346,53.9801504323475],[-1.00717103351518,53.9829858810315],[-1.00481160891468,53.9821075188013],[-0.995817593773165,53.9839806606935],[-0.994836466866535,53.9830641622335],[-0.99317986339511,53.9827699621742],[-0.991059152731186,53.9819233540957],[-0.984657292428648,53.9815487453489],[-0.980353210283979,53.9823302481511],[-0.979242668526933,53.9830407057922],[-0.976770536623512,53.9819993010213],[-0.976312059817088,53.9820847491011],[-0.973379191214087,53.9848876683126],[-0.97269300287775,53.9845883474216],[-0.970080891567531,53.9848222670049],[-0.967045073792748,53.9859188797076],[-0.962242057539462,53.984516723464],[-0.95769231378014,53.9839585813079],[-0.95643145054558,53.9851388341491],[-0.951590029685053,53.9871055614185],[-0.944362227970846,53.9891283941317],[-0.935114918381439,53.989775195269],[-0.934157086375372,53.9892813661806],[-0.932797541712576,53.9900905836794],[-0.92529402459628,53.9915181271775],[-0.92042590103526,53.9901653069135],[-0.920889254813487,53.9898003570637]]]},"properties":{"FID":2670,"MSOA21CD":"E02002791","MSOA21NM":"York 020","MSOA21NMW":" ","BNG_E":467705,"BNG_N":450919,"LAT":53.94997,"LONG":-0.96986,"GlobalID":"eeb74cbf-ccfd-4d21-81da-f9dfc8e2e13e","GROUP":"York"}},{"type":"Feature","id":2671,"geometry":{"type":"Polygon","coordinates":[[[-1.09468791627908,53.9495541357944],[-1.09451511208042,53.9488423983792],[-1.0924567034875,53.9486311658493],[-1.09191297949765,53.9468592430179],[-1.09202361202766,53.946321132595],[-1.08868768404197,53.9463986356259],[-1.08864960984129,53.9461736476285],[-1.08829649429477,53.9461709705369],[-1.08830753892676,53.9456631976413],[-1.08621737247605,53.9450946055598],[-1.08580773006968,53.946412724235],[-1.08726950200562,53.9467472263398],[-1.08624334104675,53.9474411502277],[-1.08395227475649,53.9469558567555],[-1.08378911597837,53.9474489523111],[-1.08486832325914,53.9475652558874],[-1.0847044766133,53.9480940700776],[-1.08187594793764,53.9479419368364],[-1.08007330739297,53.9473604418999],[-1.08172085761377,53.9452977113978],[-1.08302495140938,53.944078360049],[-1.08421199814249,53.9422821171877],[-1.08389427287926,53.9405118492403],[-1.08270824909418,53.9383131324501],[-1.08050163092793,53.9359560227464],[-1.08230730225727,53.9357313522131],[-1.08272873975892,53.9359412930172],[-1.08708422294155,53.9358769917167],[-1.0875781045508,53.9358209079925],[-1.08771078204797,53.935458125882],[-1.08979762129976,53.9329113021932],[-1.0908835100829,53.9301166546738],[-1.09318893106791,53.9284917853335],[-1.09917435080937,53.9280837442794],[-1.10557189335324,53.9268440866774],[-1.10568933852749,53.9275288495421],[-1.10595412538088,53.9291620424044],[-1.10885708440716,53.9321039097328],[-1.11005707554779,53.9323756831878],[-1.1096387502035,53.9328902955907],[-1.11029528233214,53.9333125024308],[-1.11085016796263,53.933525892793],[-1.11095433304084,53.9346245174767],[-1.11142364252896,53.9347316543523],[-1.1109841146439,53.9352623446349],[-1.11155153812609,53.9354227096968],[-1.11345870053778,53.9359055423968],[-1.11458087330413,53.9358721617216],[-1.1131895699143,53.9380779632618],[-1.11256795760641,53.939148526395],[-1.11218816973571,53.9398729497591],[-1.11430023932646,53.9403182219703],[-1.11416561095164,53.9407669429421],[-1.11313065280128,53.9410353785847],[-1.11171134832365,53.9407847605647],[-1.11147265125377,53.941309725741],[-1.11220234541911,53.9418379027386],[-1.11210641971586,53.9421767778383],[-1.11296987040032,53.9423407730771],[-1.11194745482202,53.9440293903484],[-1.1118412936536,53.9455129598696],[-1.1102615235612,53.9494676687977],[-1.1095553788048,53.9495903943328],[-1.1088450478546,53.9493393652441],[-1.10826785730862,53.9495887175292],[-1.10763945437767,53.9489338304587],[-1.10828472363836,53.9475311740882],[-1.10813576002464,53.9471371064251],[-1.10760482323168,53.9471309830703],[-1.10631215448144,53.9484318907999],[-1.10523485981961,53.9484203289088],[-1.10227695327774,53.9482220636644],[-1.1014057557531,53.9482809975167],[-1.1012586708671,53.9487231219401],[-1.10023321581666,53.948599678427],[-1.10021038819622,53.9486281882102],[-1.09948814576566,53.9493291995731],[-1.09833014446377,53.9486194594217],[-1.09849813545541,53.9494056385194],[-1.09678529554607,53.9491057979139],[-1.09597603268767,53.9491842028801],[-1.09605834685135,53.9495288363073],[-1.09480283850641,53.9498863245769],[-1.09468791627908,53.9495541357944]]]},"properties":{"FID":2671,"MSOA21CD":"E02002792","MSOA21NM":"York 021","MSOA21NMW":" ","BNG_E":459352,"BNG_N":449550,"LAT":53.93869,"LONG":-1.09739,"GlobalID":"3c308a0a-7b00-4276-b486-682308117c02","GROUP":"York"}},{"type":"Feature","id":2672,"geometry":{"type":"Polygon","coordinates":[[[-1.1102615235612,53.9494676687977],[-1.1118412936536,53.9455129598696],[-1.11194745482202,53.9440293903484],[-1.11296987040032,53.9423407730771],[-1.11210641971586,53.9421767778383],[-1.11220234541911,53.9418379027386],[-1.11147265125377,53.941309725741],[-1.11171134832365,53.9407847605647],[-1.11313065280128,53.9410353785847],[-1.11416561095164,53.9407669429421],[-1.11430023932646,53.9403182219703],[-1.11218816973571,53.9398729497591],[-1.11256795760641,53.939148526395],[-1.1131895699143,53.9380779632618],[-1.11458087330413,53.9358721617216],[-1.11345870053778,53.9359055423968],[-1.11155153812609,53.9354227096968],[-1.1109841146439,53.9352623446349],[-1.11142364252896,53.9347316543523],[-1.11095433304084,53.9346245174767],[-1.11085016796263,53.933525892793],[-1.11029528233214,53.9333125024308],[-1.1096387502035,53.9328902955907],[-1.11005707554779,53.9323756831878],[-1.10885708440716,53.9321039097328],[-1.10595412538088,53.9291620424044],[-1.10568933852749,53.9275288495421],[-1.10557189335324,53.9268440866774],[-1.10893458587381,53.9259531318458],[-1.11001739226438,53.9267548031452],[-1.11068469079075,53.9261008142022],[-1.11703014575501,53.9280017775733],[-1.12037084944384,53.9291309468432],[-1.12365899662742,53.9297659004297],[-1.12540684362734,53.929536906129],[-1.12588122548334,53.9311871231341],[-1.12830087484549,53.9307347828077],[-1.12923787521976,53.9302840316563],[-1.13067751637099,53.9301739576495],[-1.13110274273326,53.9306688442181],[-1.13284085065129,53.9302396217401],[-1.13407405699067,53.9310402467235],[-1.13419136279513,53.931629003184],[-1.13847979348994,53.9335053890426],[-1.14241656598426,53.9330672849615],[-1.14453400577252,53.9346165060144],[-1.14564478574117,53.9347190565633],[-1.14631431741975,53.9362017546606],[-1.14484764658995,53.9379725004402],[-1.1440878038339,53.9388224947002],[-1.14356578933198,53.9404878525788],[-1.14080733164131,53.9440600747105],[-1.13967025030417,53.9450840833748],[-1.13971543017562,53.9444560868508],[-1.1355043897226,53.9442233872448],[-1.13339369743622,53.9441985403402],[-1.13337486994898,53.9444282532436],[-1.13688284905029,53.944699467125],[-1.1366145401388,53.9450336088778],[-1.13513736329234,53.9447705266463],[-1.13465212004754,53.9449299013936],[-1.13324871179408,53.9447469190933],[-1.13305690305888,53.9450551842992],[-1.1325506756853,53.9450231358967],[-1.13303795364274,53.9435628382553],[-1.13256299784102,53.9435378326141],[-1.13265254748194,53.9431993006297],[-1.13147044624562,53.9430508790793],[-1.12934619956053,53.9433115624272],[-1.12935183092122,53.9437148609385],[-1.13000802810382,53.9435235521951],[-1.13029212404918,53.9437317550157],[-1.12977391704341,53.9440119167907],[-1.12821530841674,53.944696401124],[-1.12693070676901,53.9434647191514],[-1.13021900228023,53.9428504073405],[-1.13361128249496,53.9429621722559],[-1.13454274957682,53.9429976797509],[-1.13457992273528,53.9427081653158],[-1.13381293911957,53.9426957036152],[-1.13421651159898,53.9418194142144],[-1.13468844678937,53.9418400550425],[-1.1343910339321,53.9411001469632],[-1.13235837016136,53.940972975392],[-1.13233277983486,53.9405730873273],[-1.13145480888898,53.9404224150006],[-1.12975700983892,53.9405831518294],[-1.12856642795271,53.9395098058249],[-1.12763809594341,53.9397569025892],[-1.12615798140723,53.9401546298726],[-1.12619799042749,53.9411806714104],[-1.12430058916077,53.9417051464677],[-1.12389931707497,53.9418143029678],[-1.12387557971641,53.9421664848773],[-1.12267843487322,53.9426574318789],[-1.12077044407408,53.9424008463816],[-1.12015777450009,53.9433205048284],[-1.11997942884484,53.9436185454186],[-1.12094928793197,53.9444960429378],[-1.12155565507554,53.9441872981829],[-1.12221788539381,53.9446990463157],[-1.12096465660984,53.9452736315364],[-1.11875604992174,53.9460034472811],[-1.11616354090262,53.9455751790394],[-1.11603892711464,53.9464269957781],[-1.11834939609661,53.946549855177],[-1.11808491685149,53.9471057172984],[-1.11785359556298,53.9477559349751],[-1.11582619893615,53.9480926981446],[-1.11529010166356,53.9488350430696],[-1.11393507035284,53.9487779957948],[-1.11183042375446,53.9489432344413],[-1.1102615235612,53.9494676687977]]]},"properties":{"FID":2672,"MSOA21CD":"E02002793","MSOA21NM":"York 022","MSOA21NMW":" ","BNG_E":457270,"BNG_N":449431,"LAT":53.93785,"LONG":-1.12912,"GlobalID":"53122b13-3427-4a9f-99f3-c9fedfbd2f69","GROUP":"York"}},{"type":"Feature","id":2673,"geometry":{"type":"Polygon","coordinates":[[[-1.02147390121886,53.9552988302064],[-1.01623646927788,53.9507936347902],[-1.01784087793613,53.9501997572474],[-1.01674366869715,53.9487571958392],[-1.01202005791024,53.9413829167396],[-1.00272214548433,53.9334515702858],[-1.00161077319974,53.9336274515838],[-0.98973510844268,53.9323143026967],[-0.988137169843054,53.9306152708951],[-0.98684044825255,53.9260052156656],[-0.986517714369803,53.9222302142171],[-0.986796495783311,53.9188890967506],[-0.978925758261611,53.9157110239662],[-0.976621721502865,53.9154676091042],[-0.973630716872421,53.915747722273],[-0.969844112455113,53.9145208064343],[-0.96876443065184,53.913733240931],[-0.966337785370818,53.9101376370326],[-0.964338634195716,53.9093851121071],[-0.96719533963004,53.9063389792702],[-0.965899625218285,53.9049257017204],[-0.963453658107183,53.9031987157111],[-0.961971517300589,53.9029727107783],[-0.964788186897542,53.9008315849613],[-0.96505436841418,53.9016646649842],[-0.96675889728021,53.9006187712568],[-0.968800497941307,53.9000991439373],[-0.968578129865519,53.8998448033107],[-0.969884392931848,53.8994432325867],[-0.97062274703527,53.8992162382946],[-0.971210165062992,53.8998869757077],[-0.973316280239851,53.89937003048],[-0.974939793781784,53.8985051205451],[-0.972296595560231,53.8958437796802],[-0.97384553270326,53.8954879244305],[-0.974313753679277,53.8950258897913],[-0.973203003947585,53.8948617684555],[-0.972607059095308,53.8942617129728],[-0.971034005848872,53.8948252876798],[-0.971653153544863,53.895035065832],[-0.969605896874003,53.8948837288174],[-0.967781524547372,53.8956711672003],[-0.967088016428346,53.8953171762902],[-0.968241700577244,53.894354754863],[-0.969578993589557,53.8941962367776],[-0.970321853355768,53.8937783385309],[-0.969910570844988,53.8934881996578],[-0.970369182916951,53.8928457939922],[-0.971376600403426,53.8930851618743],[-0.972297712170284,53.8939752758274],[-0.972954804444753,53.8938090265075],[-0.972589780950105,53.8931425334886],[-0.973632066376005,53.8894091736922],[-0.973238168405147,53.8887442682456],[-0.969470224318972,53.8823039398799],[-0.980938861914672,53.8783825180582],[-0.986907520991892,53.8771417544649],[-0.992832614453777,53.8752112517711],[-0.998543995030111,53.8809668032435],[-1.00300426221683,53.8862049533372],[-1.00820492701599,53.8899953738235],[-1.0175376842146,53.8887309835764],[-1.0182085428247,53.8884867863517],[-1.02154295135544,53.8883715232748],[-1.02374762644906,53.8864151344297],[-1.02708176511882,53.8863945134379],[-1.02838872676765,53.8854016481384],[-1.03029985184316,53.8848398987936],[-1.03606527862619,53.8831862924473],[-1.04199546315601,53.8820281054422],[-1.0456134017805,53.8809824841363],[-1.04950073719484,53.8795512625044],[-1.0517832825484,53.878485948964],[-1.05274191599419,53.8775882329687],[-1.05431681707205,53.8770363490707],[-1.06115556653198,53.8758054909449],[-1.06495938393973,53.8745856191725],[-1.06855108502641,53.8790869471809],[-1.07111122323699,53.8797808834708],[-1.07323146028247,53.879841644524],[-1.07509634149347,53.8811973460944],[-1.07616756040001,53.8810835577534],[-1.07630296831416,53.8822100940613],[-1.07728129412813,53.8824709530847],[-1.07767024501424,53.8835921276471],[-1.07930122695908,53.8835122241774],[-1.08094479698511,53.8825979091228],[-1.08366210392253,53.8822105538602],[-1.08578118721012,53.8824603930615],[-1.08747213826226,53.8842984097434],[-1.09005043132587,53.8849297204538],[-1.09119988785454,53.8858155925505],[-1.09332294700793,53.8845710702312],[-1.09532362408455,53.8844342555787],[-1.09531878362381,53.8844580718146],[-1.09533091026979,53.8845587160341],[-1.09557806620641,53.8866099078257],[-1.09339624361248,53.8887973468622],[-1.09301118638399,53.8902092144182],[-1.09347102869082,53.890966753028],[-1.09657284206376,53.8925540560008],[-1.09727982823814,53.8932874694392],[-1.0975406249845,53.8930503236305],[-1.09860264372233,53.8938330306311],[-1.09898974346513,53.893775661361],[-1.10202406444936,53.8960305515559],[-1.10271262981527,53.8970325404365],[-1.10367391418773,53.9004720477793],[-1.10287399745899,53.9015808799874],[-1.10146028948043,53.9020989226113],[-1.09661473589094,53.902249087385],[-1.09212384391864,53.9032186932924],[-1.09068548751791,53.9040551599603],[-1.09009203808248,53.9059737436916],[-1.09207079868734,53.9085652154871],[-1.09233366610674,53.9095401538771],[-1.09198087060815,53.9103436993834],[-1.0887526409479,53.9127288248901],[-1.08777669920011,53.9139176799588],[-1.08693728803967,53.9161086038508],[-1.08706110996072,53.9185700330942],[-1.08679476054379,53.9205299547679],[-1.08765190834899,53.9214159044764],[-1.09128918326313,53.9231096022912],[-1.09198007833403,53.9240119509552],[-1.09156096070577,53.9254541719252],[-1.08979543550815,53.9262640639653],[-1.08526890630631,53.927017265693],[-1.08067159547901,53.9283851753156],[-1.07610210401054,53.9292989305318],[-1.07519762218057,53.9305042125872],[-1.07545655920506,53.931526943798],[-1.07637463199138,53.932508318066],[-1.07703341072858,53.9330754204848],[-1.08050163092793,53.9359560227464],[-1.08270824909418,53.9383131324501],[-1.08091005286182,53.9388218253666],[-1.08122691417918,53.9398292136769],[-1.080319562497,53.9389827425781],[-1.07408152819885,53.9398579365764],[-1.07371490192687,53.9393477296017],[-1.07327470635632,53.9393871829243],[-1.07162686104509,53.9395472680003],[-1.07151761680732,53.9393250447503],[-1.07132285393573,53.9387794142026],[-1.07100885479651,53.9378053120692],[-1.06814349440822,53.9380259816355],[-1.06726894569911,53.938078454719],[-1.06471823528562,53.9383152250416],[-1.06339651098749,53.9388231608706],[-1.06018404306846,53.9408989782942],[-1.05772492998933,53.9418611700661],[-1.05750453384465,53.9421347004256],[-1.05959637370288,53.9438565565757],[-1.05974608642797,53.9477896104827],[-1.05932838630197,53.9509589096046],[-1.05419137166633,53.9502599606927],[-1.054231718807,53.9512992381808],[-1.04993484724673,53.9524422260238],[-1.04930701358871,53.9513176985665],[-1.04868043827752,53.9513767821302],[-1.04830206857669,53.9507368612152],[-1.04507349065627,53.9510040107368],[-1.04411932017685,53.9495556133552],[-1.04298011264307,53.9499535645978],[-1.04089602254792,53.9496721413655],[-1.03961883629072,53.9486532567293],[-1.03933392481025,53.9484232056651],[-1.03524212603683,53.949425422579],[-1.03369291653625,53.9499287211515],[-1.03209016739476,53.9510382145674],[-1.03160101937445,53.9514336866564],[-1.03186464394811,53.951984434374],[-1.03279458807946,53.9538958901578],[-1.03185679673787,53.9538001735357],[-1.02777955014414,53.9538664433148],[-1.02212474039503,53.9551278961774],[-1.02147390121886,53.9552988302064]]]},"properties":{"FID":2673,"MSOA21CD":"E02002794","MSOA21NM":"York 023","MSOA21NMW":" ","BNG_E":463922,"BNG_N":446955,"LAT":53.91483,"LONG":-1.02832,"GlobalID":"9bb863e3-2172-46fa-8439-541e9e6d6a1f","GROUP":"York"}},{"type":"Feature","id":2674,"geometry":{"type":"Polygon","coordinates":[[[-1.08050163092793,53.9359560227464],[-1.07703341072858,53.9330754204848],[-1.07637463199138,53.932508318066],[-1.07545655920506,53.931526943798],[-1.07519762218057,53.9305042125872],[-1.07610210401054,53.9292989305318],[-1.08067159547901,53.9283851753156],[-1.08526890630631,53.927017265693],[-1.08979543550815,53.9262640639653],[-1.09156096070577,53.9254541719252],[-1.09198007833403,53.9240119509552],[-1.09128918326313,53.9231096022912],[-1.08765190834899,53.9214159044764],[-1.08679476054379,53.9205299547679],[-1.08706110996072,53.9185700330942],[-1.08693728803967,53.9161086038508],[-1.08777669920011,53.9139176799588],[-1.0887526409479,53.9127288248901],[-1.09198087060815,53.9103436993834],[-1.09233366610674,53.9095401538771],[-1.09207079868734,53.9085652154871],[-1.09009203808248,53.9059737436916],[-1.09068548751791,53.9040551599603],[-1.09212384391864,53.9032186932924],[-1.09661473589094,53.902249087385],[-1.10146028948043,53.9020989226113],[-1.10287399745899,53.9015808799874],[-1.10367391418773,53.9004720477793],[-1.10271262981527,53.8970325404365],[-1.10202406444936,53.8960305515559],[-1.09898974346513,53.893775661361],[-1.09900669121131,53.8937731495687],[-1.0990479474567,53.893294453787],[-1.09829846385148,53.8928321846226],[-1.09453847095746,53.8911438221136],[-1.09360764855435,53.8901427312004],[-1.09361966473933,53.8894417690874],[-1.09586605422942,53.8870795976952],[-1.09634564276359,53.8865752500749],[-1.09582643233334,53.8841958322682],[-1.09633210856627,53.8828954738138],[-1.09722885279612,53.8820896534735],[-1.09958119160563,53.8810710068306],[-1.10023390784021,53.8803576828895],[-1.10063345829329,53.8767681582508],[-1.10192844276917,53.876172041977],[-1.10534592591327,53.8758383032409],[-1.10535008083474,53.8758361177181],[-1.10898967230964,53.8773593403264],[-1.11196543603004,53.8790618175847],[-1.1156049497804,53.879683353168],[-1.11743700769995,53.8803613838406],[-1.11865281949401,53.8814161102973],[-1.12105229261159,53.8826492501289],[-1.12498343181465,53.8826762676192],[-1.12524112816802,53.8856082631836],[-1.1291142959146,53.8889833519893],[-1.13335593409175,53.8910562959725],[-1.1343171488286,53.8925642383022],[-1.1348152159197,53.8947437884426],[-1.13677115253544,53.8959242248049],[-1.13881659057708,53.8941776368735],[-1.14156896454719,53.8926440883235],[-1.14199241449225,53.8929344535333],[-1.14356070628695,53.8924903355811],[-1.14676489640012,53.8946098573222],[-1.15000623414578,53.8936399678467],[-1.15023749224153,53.8949940301364],[-1.15232814570801,53.8957376606689],[-1.15439568978803,53.8959286310785],[-1.15432270108693,53.8966758164598],[-1.15913059190828,53.8994978388547],[-1.16018344163659,53.9005006111372],[-1.16156275150387,53.9026867576419],[-1.16164243025225,53.9041739864643],[-1.16325916355385,53.9076101923646],[-1.1645284491705,53.9091702477867],[-1.16491625592034,53.9105760420748],[-1.16593140029073,53.9125705289035],[-1.16754097765884,53.9135217836963],[-1.16854631426258,53.9148401307786],[-1.16970080788138,53.9168937166202],[-1.16867885004624,53.9172065977853],[-1.15735835177553,53.9193539514161],[-1.14874773159858,53.920368588373],[-1.13982112391484,53.9207711448358],[-1.13689361735515,53.9212521311386],[-1.1277765612833,53.9237147767209],[-1.12364309300369,53.9248635167275],[-1.12090976181048,53.9260082842282],[-1.11762267817305,53.924690686151],[-1.11701555024238,53.9247908571204],[-1.11677870093154,53.9250548298428],[-1.12028821531836,53.9263105079805],[-1.119693548099,53.9265954599228],[-1.11254132085376,53.9241829494579],[-1.11221871373047,53.9244482396014],[-1.11068469079075,53.9261008142022],[-1.11001739226438,53.9267548031452],[-1.10893458587381,53.9259531318458],[-1.10557189335324,53.9268440866774],[-1.09917435080937,53.9280837442794],[-1.09318893106791,53.9284917853335],[-1.0908835100829,53.9301166546738],[-1.08979762129976,53.9329113021932],[-1.08771078204797,53.935458125882],[-1.0875781045508,53.9358209079925],[-1.08708422294155,53.9358769917167],[-1.08272873975892,53.9359412930172],[-1.08230730225727,53.9357313522131],[-1.08050163092793,53.9359560227464]]]},"properties":{"FID":2674,"MSOA21CD":"E02002795","MSOA21NM":"York 024","MSOA21NMW":" ","BNG_E":457492,"BNG_N":445906,"LAT":53.90615,"LONG":-1.1264,"GlobalID":"ca23cc96-78b3-4482-8625-c3a1032b6899","GROUP":"York"}},{"type":"Feature","id":5515,"geometry":{"type":"Polygon","coordinates":[[[-2.30733037818999,54.2500753247939],[-2.30510677363297,54.2493434681435],[-2.29697073496658,54.2510003872912],[-2.29427439290651,54.2532971721716],[-2.29276012706268,54.2526222593875],[-2.29133517147653,54.2516107077344],[-2.28970412627976,54.2451435312895],[-2.28689474445947,54.2432556352187],[-2.2874074945699,54.2414847555477],[-2.28640616125701,54.2404966195706],[-2.28858559002772,54.2394842213685],[-2.28821174848899,54.2362497785835],[-2.28899655814997,54.2355150534269],[-2.28922852497144,54.2339975968568],[-2.29527019091764,54.2306021737171],[-2.29746434646155,54.2311740058552],[-2.30017644089412,54.2306695883041],[-2.30310832454719,54.2294496565477],[-2.30829727632723,54.2295840235466],[-2.31300541343149,54.2284099577925],[-2.31971771144276,54.2277684985705],[-2.32151663824721,54.2279397501547],[-2.32234419001187,54.2276598149332],[-2.32383709235354,54.2259114124074],[-2.32324406995229,54.224858120978],[-2.32410805055366,54.2236663724116],[-2.32517896056275,54.2231377188674],[-2.32654407458634,54.2212053949544],[-2.3265634459272,54.2194098322532],[-2.327923757457,54.2190106836005],[-2.33062103396756,54.2175178171679],[-2.3318663606034,54.2164797506242],[-2.33508970237205,54.2147766872069],[-2.33590250418286,54.2138422572666],[-2.3391207449137,54.2124225187695],[-2.34657672200947,54.2078103462632],[-2.34650085538406,54.20641696398],[-2.34476679865661,54.2058591980618],[-2.3420937590815,54.2058768635171],[-2.3407413098727,54.2044719373087],[-2.33870179638871,54.2045802135732],[-2.33589772234968,54.2042853172814],[-2.33679615633266,54.2023153795693],[-2.33506168799594,54.2022635264055],[-2.33274272448462,54.2015124897358],[-2.33261737203396,54.2006365641133],[-2.33146844211631,54.1999538890615],[-2.33181692085963,54.1978911592011],[-2.33113317751971,54.1967238787835],[-2.33505922714937,54.1979193584255],[-2.34004289075175,54.2019161568253],[-2.34242881491812,54.2025956733517],[-2.34279415497496,54.2020383706356],[-2.34189595633945,54.2013334504086],[-2.34293435867622,54.2002865611793],[-2.34738624814052,54.1983167775202],[-2.35151771335251,54.1959640316955],[-2.35201985551177,54.1952360454514],[-2.35338613853032,54.1949798376305],[-2.35444506724062,54.1951978165941],[-2.35664590325765,54.1942036498684],[-2.36021038851842,54.1907843509552],[-2.36132016575435,54.1890919581075],[-2.36283935790979,54.1891637753647],[-2.36457904527262,54.1880230252871],[-2.36688023580489,54.1875310005136],[-2.37114764823224,54.1842717648512],[-2.37189503297391,54.1830334155252],[-2.37142273474682,54.1822653300437],[-2.37323416736116,54.1811539807493],[-2.37581417561406,54.1768929709231],[-2.37656785847463,54.1739023079114],[-2.37601534393975,54.1728921068892],[-2.37534944298684,54.1727773396022],[-2.37201901741303,54.1698507250942],[-2.37017242361455,54.1687510089372],[-2.36932946150958,54.1674591211931],[-2.36506824536143,54.1676520713841],[-2.36595646919939,54.1661567389367],[-2.36877032064884,54.1646220124108],[-2.36314527254916,54.161129436593],[-2.35839137145584,54.1611150382911],[-2.35652503401969,54.1599723001518],[-2.35612096894256,54.1588423377058],[-2.35520682046583,54.1586418323252],[-2.35093762118347,54.1585376603337],[-2.34956129163492,54.158194779137],[-2.34963986295553,54.1570144202471],[-2.34735111601011,54.1546843154706],[-2.34506591645612,54.1538974693319],[-2.34194559368868,54.1541274040828],[-2.33711264756167,54.1518233990107],[-2.33385733416353,54.1515552758856],[-2.33024844526049,54.1523617503746],[-2.32859919938797,54.1521278240937],[-2.32502778533512,54.1523630661679],[-2.32130169637365,54.1374025181603],[-2.31734011935098,54.1344286510495],[-2.31119369573215,54.1288554065784],[-2.30880074484982,54.1275679543629],[-2.30511596635433,54.1264840037089],[-2.30309496413816,54.1253499142436],[-2.30221510524366,54.1252690533688],[-2.30163530426524,54.1244408729077],[-2.29996349498461,54.1238754308976],[-2.29633470267342,54.1232778780992],[-2.29842449670185,54.1211235935124],[-2.29719211762792,54.120610098981],[-2.29708574712392,54.1192434262307],[-2.29756853164255,54.1186965212668],[-2.29541115194308,54.1181904126172],[-2.29539010072071,54.1173843983828],[-2.2975576528252,54.1171793594984],[-2.30033745534543,54.1173307566411],[-2.30577141418874,54.1149815044587],[-2.30689157468684,54.1128618143935],[-2.30972790659461,54.1123798829939],[-2.31049178722382,54.1081004385108],[-2.30981685762012,54.1062776023771],[-2.30724608249804,54.1064293056762],[-2.30745218554177,54.1049727638672],[-2.30794303240833,54.1046523783438],[-2.30740899108635,54.1042387155187],[-2.30865546782556,54.1040574471234],[-2.30873851873354,54.1037304042687],[-2.30798093110235,54.1023512829842],[-2.30740405584328,54.0986092473882],[-2.31027165641303,54.094441909708],[-2.31225087488142,54.0926152417059],[-2.31794278634744,54.0885546378849],[-2.31746313788202,54.0880628812161],[-2.31764678589529,54.0875888620749],[-2.32047351599596,54.085076943086],[-2.3234449951639,54.0835125678183],[-2.32405270348503,54.0828774535489],[-2.32727815238725,54.081568315863],[-2.33024910028093,54.0790998203595],[-2.33315081019875,54.078328732341],[-2.34162538467036,54.0745655342525],[-2.35200920874755,54.0656426628687],[-2.35475263299557,54.0648433957507],[-2.35646634961227,54.0649616170527],[-2.36507069695875,54.0612014371686],[-2.37407229749618,54.0490883823262],[-2.38442232161,54.0476123306412],[-2.38716434637528,54.0452190177379],[-2.389659783719,54.0442464819403],[-2.3913295296955,54.0441368556553],[-2.39474060538216,54.0433168211197],[-2.39705811097224,54.0442169140119],[-2.40046272243299,54.0434928149119],[-2.40178401061406,54.0436746095202],[-2.40382843089692,54.0434770566665],[-2.4055437454238,54.0425663369629],[-2.40622070870425,54.0427797248964],[-2.40770898883792,54.0423854398611],[-2.41286467300366,54.0421341724395],[-2.41797171960093,54.0415620668293],[-2.42252276334923,54.0405718349767],[-2.42582629111081,54.0380950377223],[-2.43262381116483,54.0415703041051],[-2.44035872638032,54.0418407516681],[-2.4423876298663,54.0422708781209],[-2.44584309206217,54.0421269211117],[-2.45075524642051,54.0406571172118],[-2.45662989939854,54.0401726355053],[-2.4587750750016,54.0404955941671],[-2.4643556452825,54.0430462976584],[-2.469549664594,54.0462125116437],[-2.47022676843145,54.0493669460315],[-2.47054620427185,54.0508549333103],[-2.47025340570334,54.0517226986728],[-2.4700635721886,54.0522852868795],[-2.46901552973398,54.0548811851327],[-2.46399041359776,54.0610841658399],[-2.46561261607235,54.0717307192051],[-2.46434762189934,54.0752795122094],[-2.46688636443776,54.0757387406537],[-2.47053407014759,54.0765232360491],[-2.47072415818824,54.0765641136628],[-2.4807511863892,54.0853791100657],[-2.48472651656829,54.0852038858644],[-2.48637014620471,54.0848493947149],[-2.48839834923329,54.0867247723372],[-2.4915664711657,54.0873196329415],[-2.49256607392405,54.0898761529103],[-2.49420536979131,54.089803693084],[-2.50630536478672,54.091474708995],[-2.50875410199281,54.0924220976607],[-2.50855023000654,54.0942300315181],[-2.5095266993065,54.0954257359204],[-2.51724208404258,54.0949681271413],[-2.52052327515614,54.0955426052205],[-2.52400946327213,54.0946225151731],[-2.52520009640228,54.0953349207391],[-2.52519061529425,54.0959834706942],[-2.52558969988504,54.0960294763376],[-2.52588506757591,54.0984398275055],[-2.52639154962615,54.0991767348279],[-2.52449307948107,54.1003145079021],[-2.52410888951958,54.1021292483959],[-2.52489278308987,54.1023288823466],[-2.52630591652409,54.1019491583308],[-2.52750226430026,54.1026016851633],[-2.53004225761509,54.1027090340926],[-2.53153520592636,54.1032813101127],[-2.53442717407135,54.1034237770745],[-2.53676573610979,54.1040986548247],[-2.53812623781265,54.1056864800395],[-2.53673119245556,54.1064858108538],[-2.53695258934264,54.1068747385964],[-2.53620095084106,54.1086261425054],[-2.53666506122315,54.1090695126803],[-2.53746050747042,54.1091139867695],[-2.53821156800121,54.1098998508339],[-2.53858736449335,54.1097226215958],[-2.53909134370851,54.1099209012458],[-2.54178581744146,54.1118663836984],[-2.54208821607846,54.1117418361248],[-2.54379818025422,54.112629101179],[-2.5439988539677,54.113238520974],[-2.54467930826493,54.113221112257],[-2.54471721895447,54.1139983564618],[-2.54558249002893,54.1141812016449],[-2.54609890120223,54.1148489242658],[-2.54543838068316,54.1156937360968],[-2.54565915636692,54.115966018807],[-2.54471417356985,54.1164991347508],[-2.5447683757162,54.1171325393412],[-2.54577920807719,54.1176559717405],[-2.55308299017686,54.1205426919305],[-2.55687381576557,54.1206088902279],[-2.55921338448768,54.1210853162865],[-2.56056799229857,54.1216612390934],[-2.56076502291087,54.1223728632139],[-2.56332937400721,54.122706049472],[-2.56301073181238,54.1244146223604],[-2.56341430497297,54.1246931686778],[-2.56329990935486,54.12539431393],[-2.56473265526476,54.1270792296668],[-2.56317234031592,54.1279128156894],[-2.56247254821619,54.1291606027921],[-2.56138841282514,54.129899836366],[-2.56248973773125,54.1317363000837],[-2.56205557118554,54.1328356471867],[-2.56222367662213,54.135183823864],[-2.56324351176269,54.1351609538602],[-2.56371575777057,54.1354564529276],[-2.56359258553231,54.1361520507451],[-2.56266586930502,54.1365088515322],[-2.56342571161696,54.1403023763008],[-2.56280183265649,54.1410341158925],[-2.56132963931781,54.1419639288551],[-2.56095117304929,54.1428419805009],[-2.55831627277554,54.1429073168654],[-2.55787371722846,54.1433640955359],[-2.55819759802181,54.1474210201074],[-2.55737801727249,54.1499794991759],[-2.55849593678269,54.1499282783842],[-2.56151444313844,54.1505309908552],[-2.56050452003732,54.1530522082004],[-2.5576749421374,54.1534897448136],[-2.55228743582698,54.1536572757854],[-2.54991921452708,54.1533134111223],[-2.54722194123051,54.1533091454079],[-2.54406746824611,54.1565348156427],[-2.5437629229866,54.1575411132153],[-2.54297720384666,54.1577269395685],[-2.54032630283757,54.1575577205255],[-2.53673091868753,54.156512463561],[-2.53456977261781,54.157354836923],[-2.53319348171888,54.1583936628571],[-2.53299540033888,54.1608562737529],[-2.53155848723303,54.1609451913091],[-2.52998680641061,54.1625870107158],[-2.53045089144957,54.1640327925098],[-2.52890668722093,54.1642381793789],[-2.53024378632508,54.1664356061711],[-2.52936002105227,54.1669809928012],[-2.52930081628175,54.1684911421423],[-2.52872125479974,54.1695117960314],[-2.52775243757549,54.1696485653897],[-2.52656685453439,54.1704601623599],[-2.52328220096336,54.171223246634],[-2.52365248074778,54.1723790539426],[-2.52253929925823,54.1736918429731],[-2.51873101072073,54.1759796154056],[-2.51820079465553,54.176648649522],[-2.51534173086136,54.1779219808542],[-2.51143837128166,54.1790494179551],[-2.47995910743218,54.2023129076122],[-2.4793241830797,54.2033728636117],[-2.47962951768912,54.2046276207588],[-2.47704955433014,54.2088967550247],[-2.47569345910281,54.2102990895463],[-2.47477093549968,54.2137496678347],[-2.47369882630648,54.2152820187861],[-2.47212559322331,54.2164973706383],[-2.46901540560027,54.2188997894045],[-2.46561119082699,54.2207169344056],[-2.46396905913248,54.2221098498632],[-2.46086238687184,54.2267160178675],[-2.44141829432058,54.2257392699915],[-2.43765190782682,54.2242044241774],[-2.43541861311244,54.2228773311861],[-2.43347783000115,54.223261254235],[-2.43188157595744,54.2242055991724],[-2.42941803246812,54.2235673262258],[-2.42649437660673,54.2237105614349],[-2.42405128588615,54.2244491319774],[-2.4147947029467,54.2259615161944],[-2.41197063358199,54.2266868066154],[-2.41055485619273,54.226368370748],[-2.40921452285873,54.2266250129706],[-2.40749796744748,54.2259100263589],[-2.40645032812276,54.2259289557037],[-2.40563185056488,54.2249151333447],[-2.40362903197032,54.2255832268122],[-2.40137670638775,54.2304225842649],[-2.40093053172592,54.2340431699144],[-2.39677967551739,54.2393811056904],[-2.38508576785587,54.2391492502856],[-2.37302059258104,54.2400989871013],[-2.37232522286197,54.2482338334579],[-2.36231711247237,54.2497526800442],[-2.36040712133579,54.246648823227],[-2.35054988611997,54.2413676408828],[-2.34805235255049,54.2378066537443],[-2.34250929917946,54.2374667554018],[-2.33788894834964,54.237553989677],[-2.33581080153539,54.2380645110147],[-2.33130972995285,54.2406016090255],[-2.3282707874023,54.2418861493712],[-2.3256466897341,54.2414383527789],[-2.32546852542894,54.2428012037669],[-2.32265674681646,54.2454600873176],[-2.3232533267715,54.2469944222333],[-2.32253817666515,54.2481486864712],[-2.32264591763294,54.2529142243182],[-2.32209157406499,54.2550215143655],[-2.31909627956128,54.2571558266965],[-2.3181150226871,54.2558794301576],[-2.31047275475297,54.2522382337033],[-2.30733037818999,54.2500753247939]]]},"properties":{"FID":5515,"MSOA21CD":"E02005742","MSOA21NM":"Craven 001","MSOA21NMW":" ","BNG_E":372312,"BNG_N":470722,"LAT":54.13161,"LONG":-2.42522,"GlobalID":"557143b7-aece-4319-bc7c-e16a3968bc44","GROUP":"Harrogate & The Dales"}},{"type":"Feature","id":5516,"geometry":{"type":"Polygon","coordinates":[[[-2.26283283046723,54.2423534823393],[-2.25841466931055,54.2386055556011],[-2.25675955173705,54.2379850009142],[-2.25597639922158,54.2358701752332],[-2.25612301058013,54.2349735584358],[-2.25189468915259,54.2301687326297],[-2.25018596918114,54.2274345174311],[-2.24733919781373,54.2245927230424],[-2.25718080978408,54.2200720214419],[-2.25752323863212,54.2194633277611],[-2.26046454281084,54.2186737336985],[-2.26331693068704,54.2171617118364],[-2.26690813155003,54.2161772614046],[-2.26854385094549,54.2151675889045],[-2.2705794646338,54.2155295499865],[-2.27264815356241,54.215520383937],[-2.27409242476033,54.2145725789269],[-2.27661668419158,54.211822836536],[-2.27672084734033,54.2109221664741],[-2.27908286270862,54.2101024753494],[-2.28200232083634,54.2074382301969],[-2.28446603737282,54.20585597187],[-2.28192796102267,54.2066410413615],[-2.27841731656719,54.2035524998208],[-2.27676876214726,54.2033246012276],[-2.27234720021555,54.200953876871],[-2.27198051259968,54.1998273437803],[-2.26880391203233,54.1992761457906],[-2.26621276642327,54.1981441683754],[-2.26437898903114,54.1964726205515],[-2.26193245451194,54.1960367465259],[-2.25863280660275,54.1962033697773],[-2.25840091569317,54.1944224470729],[-2.25762151011831,54.1938618398657],[-2.25277800689616,54.1859620703161],[-2.25265960459042,54.1856961926156],[-2.2539861176652,54.1850319072461],[-2.25248240621271,54.1837399942991],[-2.25222295595111,54.1822961780741],[-2.24931209962362,54.1770619171077],[-2.24549129795231,54.1742592484813],[-2.23592239604446,54.1723048317291],[-2.23487973805182,54.1723798962728],[-2.23466873383899,54.1718079207329],[-2.23767471749302,54.1695944868687],[-2.2389697855107,54.1690794748389],[-2.24496753642148,54.1683390102398],[-2.24613587927037,54.1656723645591],[-2.24607857798521,54.1581164193785],[-2.24651428075447,54.1571884260262],[-2.25006802451727,54.1556332800356],[-2.25054579067309,54.1551121403545],[-2.25253671333469,54.1501404920701],[-2.25612968399199,54.1463177382232],[-2.2571878209448,54.1429081457747],[-2.25572711736501,54.1426329286793],[-2.24446880980671,54.1388351954325],[-2.24286604815047,54.1382513451671],[-2.24226945367659,54.1383092799452],[-2.24153651093216,54.1373760703938],[-2.24191084743559,54.1348049242296],[-2.24117459845784,54.1321405219315],[-2.2375989861218,54.1304212420042],[-2.23721867722744,54.125376691976],[-2.23773724426228,54.1222511303034],[-2.23701775290851,54.1205920764895],[-2.23654631713541,54.1159760638926],[-2.23646249158676,54.1157785058601],[-2.23580393777674,54.1161519361534],[-2.23490819742984,54.1154967585528],[-2.23807014408635,54.1106920875881],[-2.23539192758787,54.1093388715766],[-2.23453131564074,54.1092051716731],[-2.23343909325846,54.1080979212613],[-2.23170501956226,54.1071130859316],[-2.22642697953865,54.1037347749071],[-2.22089613321224,54.101228889528],[-2.21532300642007,54.1000685700186],[-2.21347424094163,54.0999752805882],[-2.20686915511875,54.0965119213447],[-2.20570239665241,54.0948928177741],[-2.20546144832118,54.0940661513999],[-2.20745609608937,54.0939624051969],[-2.20805126770012,54.0943115964866],[-2.21160838632118,54.0941882516381],[-2.21515137448503,54.0930947385191],[-2.2184166491782,54.0931952790687],[-2.22032339003501,54.092902221786],[-2.22159271042489,54.0899185792302],[-2.21859972357114,54.0841361501532],[-2.21873349529029,54.0828731675714],[-2.21793270152654,54.081464467812],[-2.21071647649993,54.0817997647095],[-2.20321328386208,54.0715065700237],[-2.20264005748695,54.0695901872343],[-2.20420759037433,54.0677055310937],[-2.20728051145763,54.0678688614554],[-2.20719367923496,54.0659469721289],[-2.20787702983378,54.0648206622951],[-2.20947616390359,54.0646504841317],[-2.21570181790534,54.0626103524529],[-2.22131244655834,54.0612381123915],[-2.22660938879141,54.0587732223954],[-2.22409803664106,54.0549623244524],[-2.22523193638458,54.0531819189172],[-2.22393343340104,54.0522721015373],[-2.22056601466895,54.0459761570339],[-2.22059729382615,54.0435873735016],[-2.22137276073917,54.0412500266255],[-2.22023467036313,54.0390878144924],[-2.22007782414497,54.0373612793122],[-2.21866882002523,54.0349448859483],[-2.21739568846058,54.0337204015181],[-2.2156451178765,54.0327748305783],[-2.21529631319024,54.0316694135927],[-2.21421030024738,54.0312739490026],[-2.2118625313681,54.0315351060598],[-2.21002404334664,54.0312771297924],[-2.20274406967274,54.0295525789121],[-2.20072048063944,54.0302901456748],[-2.1970272678454,54.0298404407748],[-2.19673556022149,54.02827624952],[-2.19723231389681,54.0273983002429],[-2.20135267636613,54.0255641537091],[-2.20096043707976,54.0227654718761],[-2.19855950807174,54.0210322153311],[-2.19652692262993,54.0183149933025],[-2.19384828244407,54.0170411650189],[-2.18996229276661,54.0145011520249],[-2.18941352660473,54.0132771047995],[-2.18990560520714,54.0121015495593],[-2.18872298839877,54.0121143221414],[-2.18658565627636,54.011573924858],[-2.18591024863751,54.010652904145],[-2.18784516089947,54.0103297000516],[-2.1908285447394,54.0090344260955],[-2.19083522081146,54.0050947483695],[-2.19159583756948,54.0027933815543],[-2.19034322800113,54.0013165332116],[-2.18908339217523,54.0006194655211],[-2.19042562131103,53.9989950756782],[-2.18869400845613,53.9986537283045],[-2.18690468063177,53.9972002935179],[-2.18716403818834,53.996888980081],[-2.18318914676277,53.9956301262247],[-2.18127952840183,53.99385489117],[-2.18318622712914,53.9932797506337],[-2.18397773083481,53.9917718311816],[-2.18301076854008,53.9900614542453],[-2.1832381522944,53.9869306057618],[-2.18473668985627,53.986024161558],[-2.18275795247515,53.9852343713319],[-2.18203290080923,53.9844195540286],[-2.18324347275836,53.9830476615272],[-2.18263032472159,53.981885835394],[-2.18356867860899,53.9809415268202],[-2.18884954044339,53.974379662387],[-2.19022413629978,53.971898590922],[-2.18985254819474,53.9691375571432],[-2.19037956600684,53.9689082678227],[-2.19164493169547,53.9692466546408],[-2.19601957652622,53.9695762084359],[-2.2006353321291,53.9701264062411],[-2.20040825476672,53.9696639686169],[-2.20148411396905,53.9688108899569],[-2.20166759346448,53.9678463696745],[-2.20317265790793,53.9677907162057],[-2.20665640632353,53.9664006827151],[-2.20703906953639,53.9651855667027],[-2.20963910817202,53.9628990023404],[-2.21311257683996,53.9634026610067],[-2.21297489698386,53.9637688648982],[-2.21442000906803,53.9650990759005],[-2.220611808427,53.963553657476],[-2.22573632770186,53.9610994922786],[-2.22598980749356,53.9627754621295],[-2.22530124662479,53.9649172303665],[-2.22594790757528,53.9672536345437],[-2.22751881274864,53.967412437516],[-2.22867367540812,53.967017603632],[-2.2293031301132,53.9673101699297],[-2.22973815050304,53.9676772091888],[-2.22916934045149,53.9684484858156],[-2.2297310826525,53.9696787157325],[-2.23093820034441,53.9707880565334],[-2.23201537597896,53.971230017457],[-2.22769670023745,53.9748558284822],[-2.22527921113556,53.9754589229888],[-2.22424062129332,53.9761756672939],[-2.22347818819646,53.976159710575],[-2.22269493829144,53.9770517534554],[-2.22106299281463,53.9779277540579],[-2.22405953824142,53.9786481688988],[-2.22710445557493,53.9783458416835],[-2.22819420522879,53.9799185634469],[-2.2303454265255,53.981530257884],[-2.2315131166662,53.9811083205935],[-2.23242805729471,53.9812386217101],[-2.23268427839818,53.9809586810973],[-2.23369036356838,53.9811707266738],[-2.23368886529391,53.9817431332515],[-2.2345782577686,53.9817838073557],[-2.23464894400997,53.9813879259315],[-2.23513133433754,53.9814980399513],[-2.23553861337799,53.981141833145],[-2.2369080638221,53.9809459162698],[-2.23810612137872,53.9811592165547],[-2.2391489679041,53.9808715122127],[-2.24126178146609,53.980870924086],[-2.2417575725164,53.9810757949549],[-2.24199129564108,53.9808711331535],[-2.24229789106453,53.9810261655259],[-2.24242347568107,53.9807042757902],[-2.24325295638451,53.9811148025717],[-2.24441060443301,53.9810513122346],[-2.24521996971272,53.9805300654606],[-2.24523118288623,53.9798424890905],[-2.24586869193566,53.9792724272022],[-2.2482113862338,53.978683399883],[-2.28450476781821,53.9738103756539],[-2.28615167914966,53.9747627481116],[-2.28706292974487,53.974473826853],[-2.29209382979321,53.9749896932836],[-2.29403526488673,53.9747265596336],[-2.29431965971552,53.9744329092698],[-2.29540729959405,53.974567573243],[-2.29524677645791,53.9751010708676],[-2.29885470049929,53.9765605291474],[-2.29852081650765,53.9776987924455],[-2.2967652008158,53.9792599827837],[-2.29673343528743,53.9805542813565],[-2.3000778301347,53.9814757478367],[-2.30531819613663,53.9839103551266],[-2.30447568072557,53.9845427825056],[-2.30946396540386,53.9874653142614],[-2.31020182405587,53.9877511461399],[-2.31077033937631,53.9875227002557],[-2.31155069751456,53.9881410007675],[-2.31279578310014,53.9881734305741],[-2.31425037168643,53.9886223782738],[-2.31484859889634,53.9896999078841],[-2.31735929329504,53.9911098276338],[-2.3183598673871,53.9920933957942],[-2.31915113219434,53.9938419286139],[-2.32460352330048,53.9940851087874],[-2.32689457624158,53.9938735705186],[-2.33366723200391,53.99041152806],[-2.33402447160851,53.9909784435462],[-2.335968887158,53.9917246107638],[-2.33832142916629,53.9912441693875],[-2.3399233069841,53.9894277878199],[-2.34542298019487,53.9922072259629],[-2.35235740584863,53.9946738270487],[-2.35357113511677,54.00378679827],[-2.35231049001432,54.0105390653509],[-2.35042776546604,54.0122196530835],[-2.34922081545647,54.0115364568153],[-2.34797856315617,54.0099897045512],[-2.34280102052285,54.0087829183067],[-2.34076003204109,54.0074624423029],[-2.33938194913724,54.0087934320605],[-2.34354061851956,54.0173276090013],[-2.3456395211905,54.0181933679418],[-2.3493917867923,54.0176997827636],[-2.35015019560417,54.0186215954865],[-2.35732326856055,54.0191169555499],[-2.35752642991999,54.0202265967439],[-2.35654313093168,54.021472623523],[-2.35779474393999,54.0224760649313],[-2.35791947652902,54.0233333874314],[-2.35927735582039,54.0234280036574],[-2.36035060749027,54.0243181779855],[-2.35951374818317,54.0263931712773],[-2.36172820638126,54.0272296487027],[-2.36131033776323,54.0279993548052],[-2.36193322347758,54.0292445034242],[-2.35925757189007,54.0317496897965],[-2.36265840340509,54.0344455587641],[-2.36184726214441,54.0379486610456],[-2.36417934081207,54.0400932782127],[-2.36199942120066,54.0406697222008],[-2.37407229749618,54.0490883823262],[-2.36507069695875,54.0612014371686],[-2.35646634961227,54.0649616170527],[-2.35475263299557,54.0648433957507],[-2.35200920874755,54.0656426628687],[-2.34162538467036,54.0745655342525],[-2.33315081019875,54.078328732341],[-2.33024910028093,54.0790998203595],[-2.32727815238725,54.081568315863],[-2.32405270348503,54.0828774535489],[-2.3234449951639,54.0835125678183],[-2.32047351599596,54.085076943086],[-2.31764678589529,54.0875888620749],[-2.31746313788202,54.0880628812161],[-2.31794278634744,54.0885546378849],[-2.31225087488142,54.0926152417059],[-2.31027165641303,54.094441909708],[-2.30740405584328,54.0986092473882],[-2.30798093110235,54.1023512829842],[-2.30873851873354,54.1037304042687],[-2.30865546782556,54.1040574471234],[-2.30740899108635,54.1042387155187],[-2.30794303240833,54.1046523783438],[-2.30745218554177,54.1049727638672],[-2.30724608249804,54.1064293056762],[-2.30981685762012,54.1062776023771],[-2.31049178722382,54.1081004385108],[-2.30972790659461,54.1123798829939],[-2.30689157468684,54.1128618143935],[-2.30577141418874,54.1149815044587],[-2.30033745534543,54.1173307566411],[-2.2975576528252,54.1171793594984],[-2.29539010072071,54.1173843983828],[-2.29541115194308,54.1181904126172],[-2.29756853164255,54.1186965212668],[-2.29708574712392,54.1192434262307],[-2.29719211762792,54.120610098981],[-2.29842449670185,54.1211235935124],[-2.29633470267342,54.1232778780992],[-2.29996349498461,54.1238754308976],[-2.30163530426524,54.1244408729077],[-2.30221510524366,54.1252690533688],[-2.30309496413816,54.1253499142436],[-2.30511596635433,54.1264840037089],[-2.30880074484982,54.1275679543629],[-2.31119369573215,54.1288554065784],[-2.31734011935098,54.1344286510495],[-2.32130169637365,54.1374025181603],[-2.32502778533512,54.1523630661679],[-2.32859919938797,54.1521278240937],[-2.33024844526049,54.1523617503746],[-2.33385733416353,54.1515552758856],[-2.33711264756167,54.1518233990107],[-2.34194559368868,54.1541274040828],[-2.34506591645612,54.1538974693319],[-2.34735111601011,54.1546843154706],[-2.34963986295553,54.1570144202471],[-2.34956129163492,54.158194779137],[-2.35093762118347,54.1585376603337],[-2.35520682046583,54.1586418323252],[-2.35612096894256,54.1588423377058],[-2.35652503401969,54.1599723001518],[-2.35839137145584,54.1611150382911],[-2.36314527254916,54.161129436593],[-2.36877032064884,54.1646220124108],[-2.36595646919939,54.1661567389367],[-2.36506824536143,54.1676520713841],[-2.36932946150958,54.1674591211931],[-2.37017242361455,54.1687510089372],[-2.37201901741303,54.1698507250942],[-2.37534944298684,54.1727773396022],[-2.37601534393975,54.1728921068892],[-2.37656785847463,54.1739023079114],[-2.37581417561406,54.1768929709231],[-2.37323416736116,54.1811539807493],[-2.37142273474682,54.1822653300437],[-2.37189503297391,54.1830334155252],[-2.37114764823224,54.1842717648512],[-2.36688023580489,54.1875310005136],[-2.36457904527262,54.1880230252871],[-2.36283935790979,54.1891637753647],[-2.36132016575435,54.1890919581075],[-2.36021038851842,54.1907843509552],[-2.35664590325765,54.1942036498684],[-2.35444506724062,54.1951978165941],[-2.35338613853032,54.1949798376305],[-2.35201985551177,54.1952360454514],[-2.35151771335251,54.1959640316955],[-2.34738624814052,54.1983167775202],[-2.34293435867622,54.2002865611793],[-2.34189595633945,54.2013334504086],[-2.34279415497496,54.2020383706356],[-2.34242881491812,54.2025956733517],[-2.34004289075175,54.2019161568253],[-2.33505922714937,54.1979193584255],[-2.33113317751971,54.1967238787835],[-2.33181692085963,54.1978911592011],[-2.33146844211631,54.1999538890615],[-2.33261737203396,54.2006365641133],[-2.33274272448462,54.2015124897358],[-2.33506168799594,54.2022635264055],[-2.33679615633266,54.2023153795693],[-2.33589772234968,54.2042853172814],[-2.33870179638871,54.2045802135732],[-2.3407413098727,54.2044719373087],[-2.3420937590815,54.2058768635171],[-2.34476679865661,54.2058591980618],[-2.34650085538406,54.20641696398],[-2.34657672200947,54.2078103462632],[-2.3391207449137,54.2124225187695],[-2.33590250418286,54.2138422572666],[-2.33508970237205,54.2147766872069],[-2.3318663606034,54.2164797506242],[-2.33062103396756,54.2175178171679],[-2.327923757457,54.2190106836005],[-2.3265634459272,54.2194098322532],[-2.32654407458634,54.2212053949544],[-2.32517896056275,54.2231377188674],[-2.32410805055366,54.2236663724116],[-2.32324406995229,54.224858120978],[-2.32383709235354,54.2259114124074],[-2.32234419001187,54.2276598149332],[-2.32151663824721,54.2279397501547],[-2.31971771144276,54.2277684985705],[-2.31300541343149,54.2284099577925],[-2.30829727632723,54.2295840235466],[-2.30310832454719,54.2294496565477],[-2.30017644089412,54.2306695883041],[-2.29746434646155,54.2311740058552],[-2.29527019091764,54.2306021737171],[-2.28922852497144,54.2339975968568],[-2.28899655814997,54.2355150534269],[-2.28821174848899,54.2362497785835],[-2.28858559002772,54.2394842213685],[-2.28640616125701,54.2404966195706],[-2.28600473585244,54.2394488281229],[-2.28331927281207,54.2385603769486],[-2.2827532861298,54.2395101689854],[-2.28129647750787,54.2398441505564],[-2.28046070646888,54.2394169591941],[-2.27788188812031,54.2410350522687],[-2.27567081928099,54.2410960377344],[-2.27509415835556,54.2415576636693],[-2.27502047259143,54.242516113812],[-2.27402348615069,54.2430141048971],[-2.27013319803418,54.2439118145922],[-2.26779124344324,54.244813820508],[-2.265087890037,54.2448695202677],[-2.26366520594991,54.2453408071864],[-2.26283283046723,54.2423534823393]]]},"properties":{"FID":5516,"MSOA21CD":"E02005744","MSOA21NM":"Craven 003","MSOA21NMW":" ","BNG_E":381865,"BNG_N":466011,"LAT":54.0897,"LONG":-2.27875,"GlobalID":"299361e4-ae85-4c0d-9e27-2919f874e342","GROUP":"Harrogate & The Dales"}},{"type":"Feature","id":5517,"geometry":{"type":"Polygon","coordinates":[[[-1.96591761032064,53.9691338252541],[-1.96434655032624,53.9669431614742],[-1.96372874562763,53.9635492752019],[-1.96114329870757,53.9588883500295],[-1.9542100815031,53.9592193287729],[-1.95268049688338,53.9586345420015],[-1.95009394181917,53.9582492828876],[-1.95068319248708,53.9567421516694],[-1.95638408243228,53.9574801608271],[-1.9656719074614,53.9578471338685],[-1.97547159741172,53.9578380030085],[-1.98539541309932,53.9569060110179],[-1.99402834470575,53.9550701571316],[-1.99532934957205,53.9551828389724],[-1.99634322965706,53.9548500489165],[-1.99623838525946,53.9559558144912],[-1.99745675588404,53.9563192372386],[-1.99983862477344,53.9552649393325],[-2.00194877257833,53.9557497019765],[-2.00097813119458,53.9562050327122],[-2.00276708924988,53.9571630138366],[-2.0041975534709,53.9564707006904],[-2.00390749989371,53.9561736304844],[-1.99776089247616,53.9525629037364],[-2.00463809731864,53.9524205805421],[-2.00636040939305,53.9534327522493],[-2.00924628376849,53.9551240166432],[-2.00943760539172,53.9557981259489],[-2.01068031356482,53.9540999876841],[-2.01296023383747,53.9540524499992],[-2.01348607996103,53.9549791161689],[-2.01287049767677,53.9557368404984],[-2.01238735628068,53.9569854753122],[-2.01147589857317,53.9575675576268],[-2.01205885798822,53.9577933345053],[-2.01188805582844,53.9580130385601],[-2.0126353339713,53.9580267757595],[-2.01289152828282,53.958117105474],[-2.01380298252187,53.9585750428308],[-2.01347888270682,53.9590411093454],[-2.01234908944808,53.9587736404175],[-2.01216833860608,53.9595015743515],[-2.01203260420887,53.9596901324861],[-2.01315525190002,53.9601470752324],[-2.0139711961103,53.9599419006831],[-2.01463811803617,53.9594691655886],[-2.01541821347803,53.9596608113237],[-2.01781503136443,53.9597788388273],[-2.01776517530205,53.9602183241183],[-2.01982766307585,53.9601559755223],[-2.01987665417606,53.9602727645809],[-2.02043970097466,53.9608291172176],[-2.02199149858318,53.9609908994447],[-2.02557241473472,53.9597136712368],[-2.02675555576501,53.9595354468366],[-2.02815724595514,53.960582688743],[-2.02645472435534,53.9615657040289],[-2.02596775089989,53.9617289466873],[-2.02542554215033,53.9615089719421],[-2.02540561118461,53.9619530322033],[-2.02611430978033,53.9621763591736],[-2.0253745272624,53.9628996068432],[-2.02590432609229,53.9632916991376],[-2.02592561035607,53.9638019089666],[-2.02491421872012,53.963838721797],[-2.02471243153885,53.9648393115939],[-2.02259421018997,53.9645108342055],[-2.0218894228494,53.9641465675258],[-2.01937508663339,53.9654227981358],[-2.01882957315002,53.9658205825431],[-2.01773658741115,53.9686584655048],[-2.01715590506507,53.9686212961696],[-2.01532713726073,53.9651846992713],[-2.01560800667911,53.9645529886183],[-2.01391091893303,53.9639166077631],[-2.01391864003619,53.9634226691636],[-2.01234433534098,53.9637082202827],[-2.01108704669288,53.9659786213809],[-2.00868508990867,53.9668715876514],[-2.00497734289236,53.9674795388338],[-1.99787193584834,53.9681634139005],[-1.99719785537122,53.9686644649044],[-1.99312541391681,53.9684674188024],[-1.98364762414143,53.9697632729634],[-1.9790009460508,53.9699004540287],[-1.97235911505518,53.9722884434477],[-1.95963718051563,53.9752418151032],[-1.95796243095209,53.9747657519266],[-1.95666252566357,53.9739948873494],[-1.95496919928195,53.9736414939721],[-1.95844561570637,53.9716915987999],[-1.96225202077933,53.9701696889898],[-1.96391056845794,53.9699395686805],[-1.96591761032064,53.9691338252541]]]},"properties":{"FID":5517,"MSOA21CD":"E02005746","MSOA21NM":"Craven 005","MSOA21NMW":" ","BNG_E":400887,"BNG_N":451971,"LAT":53.96383,"LONG":-1.98797,"GlobalID":"c32302ec-1040-42e1-bcaa-a49d8f0a158d","GROUP":"Harrogate & The Dales"}},{"type":"Feature","id":5518,"geometry":{"type":"Polygon","coordinates":[[[-2.01987665417606,53.9602727645809],[-2.01982766307585,53.9601559755223],[-2.01776517530205,53.9602183241183],[-2.01781503136443,53.9597788388273],[-2.01541821347803,53.9596608113237],[-2.01463811803617,53.9594691655886],[-2.0139711961103,53.9599419006831],[-2.01315525190002,53.9601470752324],[-2.01203260420887,53.9596901324861],[-2.01216833860608,53.9595015743515],[-2.01234908944808,53.9587736404175],[-2.01347888270682,53.9590411093454],[-2.01380298252187,53.9585750428308],[-2.01289152828282,53.958117105474],[-2.0126353339713,53.9580267757595],[-2.01188805582844,53.9580130385601],[-2.01205885798822,53.9577933345053],[-2.01147589857317,53.9575675576268],[-2.01238735628068,53.9569854753122],[-2.01287049767677,53.9557368404984],[-2.01348607996103,53.9549791161689],[-2.01296023383747,53.9540524499992],[-2.01068031356482,53.9540999876841],[-2.00943760539172,53.9557981259489],[-2.00924628376849,53.9551240166432],[-2.00636040939305,53.9534327522493],[-2.00463809731864,53.9524205805421],[-1.99776089247616,53.9525629037364],[-2.00390749989371,53.9561736304844],[-2.0041975534709,53.9564707006904],[-2.00276708924988,53.9571630138366],[-2.00097813119458,53.9562050327122],[-2.00194877257833,53.9557497019765],[-1.99983862477344,53.9552649393325],[-1.99745675588404,53.9563192372386],[-1.99623838525946,53.9559558144912],[-1.99634322965706,53.9548500489165],[-1.99532934957205,53.9551828389724],[-1.99402834470575,53.9550701571316],[-1.98539541309932,53.9569060110179],[-1.97547159741172,53.9578380030085],[-1.9656719074614,53.9578471338685],[-1.95638408243228,53.9574801608271],[-1.95068319248708,53.9567421516694],[-1.94936202633437,53.9530122602806],[-1.95820534826923,53.9539531205569],[-1.9661739977042,53.9515600301348],[-1.96505030923779,53.9482350349345],[-1.97810376000724,53.94940999228],[-1.97885829073975,53.9497727187402],[-1.98158710204331,53.9499754432411],[-1.98216445538563,53.9503636379892],[-1.98425031639035,53.9504269675158],[-1.98604713036059,53.9499257355153],[-1.98370542172287,53.9490275502928],[-1.98388550207505,53.9484899370875],[-1.98805694412954,53.9470711982793],[-1.99043851832563,53.9458210979487],[-1.99530269829483,53.9446660664923],[-1.99800362726962,53.9435685021586],[-2.00069586265451,53.9435856538575],[-2.00444749374458,53.9443911058375],[-2.00767014157498,53.9441822452326],[-2.01171770518438,53.9433066725839],[-2.01455221339463,53.9429274037228],[-2.01608370450476,53.9430970305917],[-2.01917923424693,53.9415219426751],[-2.01921496168267,53.9401630600981],[-2.01831148173908,53.9396116862965],[-2.02085111437907,53.9397652931413],[-2.02109026250007,53.9407751245693],[-2.02321687281522,53.9410120611184],[-2.02466940517334,53.9419293661912],[-2.02427520244254,53.942675142295],[-2.02294384346317,53.9430683404141],[-2.02337844748695,53.9437690217797],[-2.02437998058484,53.9443049947574],[-2.02380942008389,53.9455940060085],[-2.02444519819143,53.946658925223],[-2.02664698642225,53.946950547943],[-2.02723194878014,53.9467201144332],[-2.02777377580995,53.9481133684353],[-2.02882131260246,53.94695393602],[-2.02924661139878,53.9469189110389],[-2.02893436948574,53.9476028506539],[-2.03017166270575,53.9475833565373],[-2.03129346023615,53.9480904626782],[-2.03230752123994,53.9481043761688],[-2.0352226721562,53.9495233300824],[-2.03648033817269,53.9496830521731],[-2.03750007503262,53.9489831045269],[-2.04077070754671,53.9500717096215],[-2.04261075750055,53.9510227265495],[-2.0465532601715,53.9512980820657],[-2.04931891072912,53.9538141611916],[-2.04860330654344,53.9546278968671],[-2.0489861508774,53.9550133685576],[-2.0495494183171,53.955028555574],[-2.04943522269208,53.9565828315344],[-2.04568861426354,53.9564920279445],[-2.04349536220369,53.9568885641162],[-2.04227660495882,53.9576463235481],[-2.0402033474552,53.9583811357343],[-2.03903240168499,53.9596341949013],[-2.03692349745169,53.9594143941795],[-2.03475138936606,53.9597312044117],[-2.03101993113648,53.9593017979993],[-2.02868838598624,53.9590123455379],[-2.02675555576501,53.9595354468366],[-2.02557241473472,53.9597136712368],[-2.02199149858318,53.9609908994447],[-2.02043970097466,53.9608291172176],[-2.01987665417606,53.9602727645809]]]},"properties":{"FID":5518,"MSOA21CD":"E02005747","MSOA21NM":"Craven 006","MSOA21NMW":" ","BNG_E":399249,"BNG_N":450466,"LAT":53.95031,"LONG":-2.01293,"GlobalID":"8762f8f5-e1f1-4d5c-b247-d3a58a26ff2b","GROUP":"Harrogate & The Dales"}},{"type":"Feature","id":5519,"geometry":{"type":"Polygon","coordinates":[[[-2.11492445973457,53.9969900920468],[-2.10817090524861,53.9955665578695],[-2.10568907079362,53.9954617487615],[-2.10164749319661,53.9962887495935],[-2.09513723991231,53.9963828621311],[-2.09366739675267,53.996699434158],[-2.09178992685725,53.9986746528652],[-2.09117489040803,53.9967367555283],[-2.08885251325993,53.9956220750204],[-2.08688481258735,53.9933381101648],[-2.08673011206337,53.9922827722006],[-2.08631455517394,53.9920639643729],[-2.08783476267117,53.9897072901348],[-2.0889800439791,53.9888416985238],[-2.08902317697679,53.9863814875687],[-2.0897450826637,53.9864253872934],[-2.09016462582506,53.9858380717012],[-2.08962609263469,53.9836103887589],[-2.08815055539342,53.9817285691265],[-2.08707171583972,53.9812729469361],[-2.08346693265103,53.9782059419259],[-2.08227667351831,53.9777160903006],[-2.08347854543823,53.9770223946056],[-2.08254222594946,53.9770931424616],[-2.08185710848901,53.9746175305805],[-2.08080033594823,53.9729725717621],[-2.0776349702568,53.9726871979905],[-2.07645750903888,53.9717759896896],[-2.07664873749449,53.9695716334967],[-2.07621011816871,53.9673151625862],[-2.07144319357139,53.9678275721048],[-2.0677936655113,53.9664062068579],[-2.06442772066003,53.9656359896026],[-2.06375860542699,53.9642771213054],[-2.0623716468561,53.9643655839263],[-2.06266072104342,53.9635374758463],[-2.0612504523793,53.9604866667246],[-2.06154687343681,53.9595500572388],[-2.06082851813602,53.9591397746357],[-2.05886111976408,53.9591635042621],[-2.05626934432323,53.9580335353975],[-2.05440244107776,53.9580105345422],[-2.05122407963847,53.9567004455982],[-2.04943522269208,53.9565828315344],[-2.0495494183171,53.955028555574],[-2.0489861508774,53.9550133685576],[-2.04860330654344,53.9546278968671],[-2.04931891072912,53.9538141611916],[-2.0465532601715,53.9512980820657],[-2.04261075750055,53.9510227265495],[-2.04077070754671,53.9500717096215],[-2.03750007503262,53.9489831045269],[-2.03648033817269,53.9496830521731],[-2.0352226721562,53.9495233300824],[-2.03230752123994,53.9481043761688],[-2.03129346023615,53.9480904626782],[-2.03017166270575,53.9475833565373],[-2.02893436948574,53.9476028506539],[-2.02924661139878,53.9469189110389],[-2.02882131260246,53.94695393602],[-2.02777377580995,53.9481133684353],[-2.02723194878014,53.9467201144332],[-2.02664698642225,53.946950547943],[-2.02444519819143,53.946658925223],[-2.02380942008389,53.9455940060085],[-2.02437998058484,53.9443049947574],[-2.02337844748695,53.9437690217797],[-2.02294384346317,53.9430683404141],[-2.02427520244254,53.942675142295],[-2.02466940517334,53.9419293661912],[-2.02321687281522,53.9410120611184],[-2.02109026250007,53.9407751245693],[-2.02085111437907,53.9397652931413],[-2.01831148173908,53.9396116862965],[-2.01726785461119,53.9392935943481],[-2.01820853457327,53.9383517081298],[-2.01663615491422,53.9381766765184],[-2.01551054740616,53.9374299994574],[-2.01553401428097,53.9353762929438],[-2.01473387231019,53.9340577280577],[-2.01502525415552,53.9318719741023],[-2.01314728800114,53.9308332464441],[-2.01236524468201,53.9290852266093],[-2.00921741310245,53.9286279821834],[-2.00929773829189,53.9282260515592],[-2.01084524172263,53.927666151916],[-2.0117966542647,53.9264588944833],[-2.01090968607514,53.9250551963047],[-2.01143191796484,53.9241625524486],[-2.01082415626055,53.9238382046274],[-2.00965168392155,53.9239874495168],[-2.00714033324511,53.9227034990384],[-2.00541680477616,53.9226027575845],[-2.0050315012173,53.9218610218731],[-2.00292846901106,53.9209058363928],[-1.9995619923458,53.9222012040404],[-1.99808798522607,53.9206327951525],[-1.99747466368825,53.9189161795393],[-1.99908383241234,53.9158682157991],[-1.99898772943005,53.9140681307943],[-2.00148916782591,53.9131640050888],[-2.00383490832107,53.9118354546085],[-2.00617166194058,53.9121760364898],[-2.00758734883556,53.911852392652],[-2.00953420898528,53.911940061938],[-2.01126966021607,53.9110684789616],[-2.0118476956319,53.9112170088343],[-2.01610421674924,53.9096880054663],[-2.04654160323012,53.9119682131965],[-2.04338869356107,53.9101828562368],[-2.04531675765964,53.9098021286755],[-2.04576963651102,53.9075258574544],[-2.046398681409,53.9071909856803],[-2.04689623178691,53.9061864534027],[-2.04689707654123,53.9044462596951],[-2.0476045700365,53.9042419931008],[-2.04805378997465,53.9031958477098],[-2.04753510985378,53.9029702448131],[-2.04475527465955,53.9026744394217],[-2.04383655721693,53.9032764057775],[-2.04295697194301,53.9025440709895],[-2.04278800267651,53.9027331390062],[-2.04036823862858,53.9022142588013],[-2.0361204654761,53.8988516373321],[-2.03540970137417,53.8986084237376],[-2.03513327860504,53.898967083138],[-2.03350258821263,53.8984344657309],[-2.03316257045586,53.8972959029048],[-2.03078793757069,53.8963483321859],[-2.02480639820518,53.897455140406],[-2.02440807407456,53.8977374444816],[-2.0203217723597,53.8973507546028],[-2.01944852890061,53.8979783397953],[-2.01967016619349,53.8961777378095],[-2.02124609080514,53.8952249741653],[-2.02229134271425,53.8952840401283],[-2.02418703843718,53.8945838971467],[-2.0248310682711,53.8951622031586],[-2.02635297912986,53.8955079080802],[-2.02812214536147,53.8950904158066],[-2.02909669848576,53.8953763906187],[-2.03092960967758,53.8950254052266],[-2.03005055134431,53.8933156961684],[-2.03022760172903,53.8916029043861],[-2.02925443605121,53.8904777083026],[-2.02772573555117,53.8868559750827],[-2.02630097926409,53.8855575543181],[-2.02361892583865,53.879350327194],[-2.02163095774444,53.8714974899396],[-2.02577450402758,53.8663473070757],[-2.03170862527147,53.8585935139021],[-2.03835092651242,53.855222216645],[-2.04507321482699,53.8512497591499],[-2.04613123426088,53.8501417062834],[-2.06228956933509,53.8590814354761],[-2.06315074905904,53.8592554123457],[-2.06475655885684,53.858878187321],[-2.06640784084094,53.859634224766],[-2.06780081856783,53.8598685404862],[-2.06896513399834,53.8597310890743],[-2.07136828390661,53.8610975197502],[-2.07484954547751,53.8623671795219],[-2.07596387219928,53.8636094789046],[-2.0757956134078,53.8642144381113],[-2.07645905200543,53.8653007043902],[-2.07620274171439,53.8659847909906],[-2.07672367974157,53.8668360323294],[-2.08119133162645,53.8699714526493],[-2.08449752003115,53.8700715200862],[-2.08611915590137,53.8696577597332],[-2.08899029082826,53.8681917633149],[-2.08991503020994,53.868182085264],[-2.09009668499126,53.8684594492969],[-2.08834502355468,53.8700597847349],[-2.08424583169946,53.8722254592165],[-2.08269355485576,53.8736993814548],[-2.08144790230464,53.8756795227659],[-2.08241369400595,53.8766169696358],[-2.08245736160556,53.8775547591048],[-2.0830256816951,53.8779414194773],[-2.08370729961354,53.8779327932327],[-2.08624857201056,53.8807478552697],[-2.09067962813737,53.8828109368253],[-2.09092150141167,53.8834227630256],[-2.09385512813567,53.8850874697397],[-2.09573416997154,53.8881545686115],[-2.10301902284851,53.8909414292064],[-2.10341711425709,53.8918929044634],[-2.11045425224156,53.9011101766129],[-2.11317600325158,53.9046114654552],[-2.10746731360746,53.9080424856852],[-2.10979088637042,53.9090933481223],[-2.1118192784899,53.91193302463],[-2.11469529613371,53.9137517421028],[-2.11309294301974,53.9154391063898],[-2.11668626563787,53.9172854082938],[-2.11828972403619,53.9176545755551],[-2.12175821180882,53.9173309146469],[-2.12461839206385,53.9219071876697],[-2.12435029041973,53.9232006563581],[-2.12706499234094,53.9236671536888],[-2.13015886603452,53.9234804225764],[-2.13089811973344,53.924604772426],[-2.1325471341571,53.9255458344121],[-2.13182491301374,53.9263412135802],[-2.13778879385778,53.9280431747384],[-2.13821579446008,53.9277001397186],[-2.13997781843913,53.9283254075072],[-2.14087792588261,53.9264351052361],[-2.14179851624694,53.9256745879524],[-2.14496126338572,53.9265139191744],[-2.14943301938037,53.9260281615435],[-2.14949343996587,53.9264782852329],[-2.14811488596512,53.9278258575932],[-2.15171623590603,53.9294841190776],[-2.15518230305,53.9275669617495],[-2.15688677216603,53.9270215286155],[-2.1578185070043,53.9282710029167],[-2.15933763207469,53.9279148014129],[-2.15966266293254,53.9286457162539],[-2.16287669194198,53.9272699625026],[-2.16321507137299,53.928493478118],[-2.1637418994818,53.9288595995205],[-2.16378843445549,53.9302885607791],[-2.16164896434306,53.9318283834982],[-2.16412015993123,53.9346353662441],[-2.17167933247296,53.9376884662584],[-2.174427331557,53.9366646702444],[-2.17594508457988,53.9342601898503],[-2.17931685395002,53.9354654464267],[-2.18228144974479,53.935390213434],[-2.18438636687014,53.9371342700175],[-2.18563830209206,53.9404543861171],[-2.18548815355187,53.9418868346177],[-2.18371572758308,53.9437020139737],[-2.18384335626958,53.9452170962217],[-2.18316103316674,53.9456304463575],[-2.18140149917027,53.9455783863031],[-2.17946868970694,53.9459854045506],[-2.18046123906973,53.9466566322021],[-2.18071180322834,53.9479960008276],[-2.18368065800535,53.949336284526],[-2.18352474262763,53.9514365629817],[-2.18452312864181,53.9522647032799],[-2.18616935274123,53.9535603215585],[-2.18776741181817,53.9541833249428],[-2.18815442575365,53.9552084296042],[-2.19128633499429,53.9580792396015],[-2.19361584143648,53.9614001152828],[-2.19558894549239,53.9663434520949],[-2.19601957652622,53.9695762084359],[-2.19164493169547,53.9692466546408],[-2.19037956600684,53.9689082678227],[-2.18891105855882,53.9680972144688],[-2.18491893682944,53.9670743665279],[-2.1816398234014,53.9680643722957],[-2.17987916082111,53.9679426173664],[-2.17577150908016,53.9670288949854],[-2.17069079603786,53.9673676828268],[-2.16743986107036,53.9669723478994],[-2.16598642191667,53.9665395694002],[-2.16531916850818,53.9659613555946],[-2.16184155778873,53.966354262728],[-2.15783684941084,53.9655616807621],[-2.15567839803757,53.9647457860469],[-2.15479926884675,53.964801280253],[-2.15255950576901,53.9657923777573],[-2.14763721539241,53.9644827001262],[-2.14662190616438,53.9646087875452],[-2.14364566174999,53.9658146867529],[-2.13922248983392,53.965857237242],[-2.13455992640604,53.96269973365],[-2.13183376300634,53.9614891860525],[-2.13222329823473,53.9594418933412],[-2.13017312822024,53.9579562715802],[-2.12955054343333,53.9578420580162],[-2.12947869158029,53.9588462441008],[-2.12852170792079,53.9591346771837],[-2.12938900943824,53.9604398540289],[-2.1283839469094,53.9616577749493],[-2.13029558803163,53.9632841633296],[-2.1297882686064,53.9643301023959],[-2.13053062277288,53.9657698532676],[-2.12831593321708,53.9678517752518],[-2.12686779768097,53.9686231587028],[-2.12333170462068,53.968446556586],[-2.11721805189022,53.9674196798608],[-2.1135048162659,53.9673881536481],[-2.11244010960412,53.9677138391721],[-2.11118357677638,53.9686359730296],[-2.10899302784223,53.9692707763543],[-2.10361510112068,53.9696619197364],[-2.10393443275305,53.9702153385358],[-2.10294552529917,53.9710071112548],[-2.10277981939543,53.9718071586046],[-2.10416741133313,53.9738075880389],[-2.09856154833137,53.9741538033796],[-2.09900698560151,53.978371176758],[-2.1122965274972,53.9761743902559],[-2.10829658836714,53.9808314229549],[-2.10663726780882,53.9807203374561],[-2.10597638444162,53.9812773596329],[-2.10606731628657,53.9816637472742],[-2.10752795646206,53.9820888677237],[-2.10793054118695,53.9826519480968],[-2.10866813871207,53.9827342076979],[-2.1084234052059,53.9830663255369],[-2.10966781744464,53.9832330864883],[-2.11027695906315,53.9831549889581],[-2.10986172728265,53.9823834063643],[-2.11061371180008,53.9821812452291],[-2.11072639272736,53.9817595220629],[-2.11229639656462,53.9833107761272],[-2.11353733609115,53.9826748333703],[-2.11470697819052,53.9824869795381],[-2.11600124676942,53.9828129684976],[-2.11550530901088,53.98361161292],[-2.11471922652591,53.9838756900619],[-2.1183965613431,53.9846809852834],[-2.12102217269569,53.9856130633101],[-2.12579697858088,53.9861473833332],[-2.12790309851989,53.9866754146044],[-2.1294013165417,53.9878691524658],[-2.13741834425118,53.9910418099366],[-2.13937098794857,53.9911653743375],[-2.14099405541782,53.9908568020114],[-2.14111199975738,53.9918463886874],[-2.14281932440923,53.9938106873164],[-2.14209347469026,53.9948201240356],[-2.14132238877035,53.9945837117937],[-2.14220903554609,53.9941801767723],[-2.14190985144397,53.9936645898525],[-2.14108658179564,53.9937770650888],[-2.14073813595275,53.9944801991061],[-2.14246555473039,53.9960482237865],[-2.14184431077503,53.996377999085],[-2.14102637449745,53.9958496243306],[-2.14037477865638,53.9962826415101],[-2.14010407023192,53.9982835457206],[-2.13845405240925,53.998802283229],[-2.14106498810608,54.0023422731694],[-2.14146266299111,54.0034902548223],[-2.14017839317398,54.0036706752135],[-2.13999329180345,54.004354793498],[-2.13449896417508,54.0052841568541],[-2.13207489101121,54.0051889599106],[-2.12997773342824,54.0035735225009],[-2.12128465043932,53.9993691708049],[-2.11492445973457,53.9969900920468]]]},"properties":{"FID":5519,"MSOA21CD":"E02005748","MSOA21NM":"Craven 007","MSOA21NMW":" ","BNG_E":393747,"BNG_N":449596,"LAT":53.94245,"LONG":-2.09675,"GlobalID":"58579f16-36bc-4633-9a4e-79ae68027ea6","GROUP":"Harrogate & The Dales"}},{"type":"Feature","id":5520,"geometry":{"type":"Polygon","coordinates":[[[-1.96238493450265,53.9453209255545],[-1.962118632264,53.9433677006401],[-1.96915369529355,53.9439269133146],[-1.96892991977669,53.9434316945994],[-1.97052434176014,53.9433411025017],[-1.97046621881791,53.9426580112634],[-1.96996068811617,53.9418888777135],[-1.96777761392769,53.9404005586597],[-1.96307660813295,53.9334038088529],[-1.96801884221848,53.9318244815505],[-1.96591612194532,53.9304264703034],[-1.96590196385958,53.9278809893861],[-1.96724104244867,53.9275219213415],[-1.97041507524033,53.9284368569828],[-1.97021809451137,53.9290839276328],[-1.97192174700271,53.9299802963022],[-1.97685802502018,53.9264254339997],[-1.9739463673985,53.9240549333766],[-1.96170557621166,53.9182872369336],[-1.9602030357807,53.9162032893821],[-1.957453371637,53.9135880210514],[-1.95683664195638,53.9137377845449],[-1.95431393849138,53.9122445219471],[-1.95322724316284,53.9117067459845],[-1.95334096204964,53.9082908283112],[-1.95341072819944,53.9065260573483],[-1.95256789657595,53.90353311488],[-1.95394103538034,53.9034763070084],[-1.96478451302452,53.9033487284301],[-1.96841449799333,53.903839408063],[-1.97129518285992,53.9026845531829],[-1.97488563991095,53.9011787146728],[-1.97697554236942,53.9009238222934],[-1.97928109516115,53.9012163426427],[-1.97909081368013,53.899340686903],[-1.97900785908605,53.8978236717831],[-1.98071027109663,53.8970058377834],[-1.98110782891158,53.8969746676463],[-1.98091709873288,53.8957059313802],[-1.98131255168964,53.894251090722],[-1.97933898770457,53.891771899823],[-1.97894479209137,53.8912828760923],[-1.97725177846699,53.88773789408],[-1.97809792403466,53.8842000769993],[-1.97612799996952,53.8788961554249],[-1.97697972338523,53.8756008162935],[-1.97708807318514,53.8754398913187],[-1.97872400965516,53.8738061437056],[-1.98019959866255,53.8711150875017],[-1.98235912726663,53.86886171484],[-1.98765350871175,53.8677369276518],[-1.99548168021728,53.8686795060459],[-1.9994558604681,53.8720653596079],[-2.00280142584769,53.8717177282758],[-2.0130376511836,53.870519408406],[-2.01348493103822,53.8697373782637],[-2.02163095774444,53.8714974899396],[-2.02361892583865,53.879350327194],[-2.02630097926409,53.8855575543181],[-2.02772573555117,53.8868559750827],[-2.02925443605121,53.8904777083026],[-2.03022760172903,53.8916029043861],[-2.03005055134431,53.8933156961684],[-2.03092960967758,53.8950254052266],[-2.02909669848576,53.8953763906187],[-2.02812214536147,53.8950904158066],[-2.02635297912986,53.8955079080802],[-2.0248310682711,53.8951622031586],[-2.02418703843718,53.8945838971467],[-2.02229134271425,53.8952840401283],[-2.02124609080514,53.8952249741653],[-2.01967016619349,53.8961777378095],[-2.01944852890061,53.8979783397953],[-2.0203217723597,53.8973507546028],[-2.02440807407456,53.8977374444816],[-2.02480639820518,53.897455140406],[-2.03078793757069,53.8963483321859],[-2.03316257045586,53.8972959029048],[-2.03350258821263,53.8984344657309],[-2.03513327860504,53.898967083138],[-2.03540970137417,53.8986084237376],[-2.0361204654761,53.8988516373321],[-2.04036823862858,53.9022142588013],[-2.04278800267651,53.9027331390062],[-2.04295697194301,53.9025440709895],[-2.04383655721693,53.9032764057775],[-2.04475527465955,53.9026744394217],[-2.04753510985378,53.9029702448131],[-2.04805378997465,53.9031958477098],[-2.0476045700365,53.9042419931008],[-2.04689707654123,53.9044462596951],[-2.04689623178691,53.9061864534027],[-2.046398681409,53.9071909856803],[-2.04576963651102,53.9075258574544],[-2.04531675765964,53.9098021286755],[-2.04338869356107,53.9101828562368],[-2.04654160323012,53.9119682131965],[-2.01610421674924,53.9096880054663],[-2.0118476956319,53.9112170088343],[-2.01126966021607,53.9110684789616],[-2.00953420898528,53.911940061938],[-2.00758734883556,53.911852392652],[-2.00617166194058,53.9121760364898],[-2.00383490832107,53.9118354546085],[-2.00148916782591,53.9131640050888],[-1.99898772943005,53.9140681307943],[-1.99908383241234,53.9158682157991],[-1.99747466368825,53.9189161795393],[-1.99808798522607,53.9206327951525],[-1.9995619923458,53.9222012040404],[-2.00292846901106,53.9209058363928],[-2.0050315012173,53.9218610218731],[-2.00541680477616,53.9226027575845],[-2.00714033324511,53.9227034990384],[-2.00965168392155,53.9239874495168],[-2.01082415626055,53.9238382046274],[-2.01143191796484,53.9241625524486],[-2.01090968607514,53.9250551963047],[-2.0117966542647,53.9264588944833],[-2.01084524172263,53.927666151916],[-2.00929773829189,53.9282260515592],[-2.00921741310245,53.9286279821834],[-2.01236524468201,53.9290852266093],[-2.01314728800114,53.9308332464441],[-2.01502525415552,53.9318719741023],[-2.01473387231019,53.9340577280577],[-2.01553401428097,53.9353762929438],[-2.01551054740616,53.9374299994574],[-2.01663615491422,53.9381766765184],[-2.01820853457327,53.9383517081298],[-2.01726785461119,53.9392935943481],[-2.01831148173908,53.9396116862965],[-2.01921496168267,53.9401630600981],[-2.01917923424693,53.9415219426751],[-2.01608370450476,53.9430970305917],[-2.01455221339463,53.9429274037228],[-2.01171770518438,53.9433066725839],[-2.00767014157498,53.9441822452326],[-2.00444749374458,53.9443911058375],[-2.00069586265451,53.9435856538575],[-1.99800362726962,53.9435685021586],[-1.99530269829483,53.9446660664923],[-1.99043851832563,53.9458210979487],[-1.98805694412954,53.9470711982793],[-1.98388550207505,53.9484899370875],[-1.98370542172287,53.9490275502928],[-1.98604713036059,53.9499257355153],[-1.98425031639035,53.9504269675158],[-1.98216445538563,53.9503636379892],[-1.98158710204331,53.9499754432411],[-1.97885829073975,53.9497727187402],[-1.97810376000724,53.94940999228],[-1.96505030923779,53.9482350349345],[-1.96389283463966,53.9480390461028],[-1.96357176429715,53.9476777608446],[-1.96305350370109,53.9457962752868],[-1.96238493450265,53.9453209255545]]]},"properties":{"FID":5520,"MSOA21CD":"E02005749","MSOA21NM":"Craven 008","MSOA21NMW":" ","BNG_E":400129,"BNG_N":445882,"LAT":53.90911,"LONG":-1.99953,"GlobalID":"7cb81d10-7b1a-47fc-9868-a42cda27c94e","GROUP":"Harrogate & The Dales"}},{"type":"Feature","id":5521,"geometry":{"type":"Polygon","coordinates":[[[-1.0946681490401,54.5067628492883],[-1.08725145844872,54.5033545717153],[-1.07819797039277,54.5038217975885],[-1.0738133878254,54.5026188359116],[-1.06790628686502,54.5004354657101],[-1.06480047507541,54.4985187209687],[-1.06001936726949,54.5003323453174],[-1.05773936901089,54.4989952688929],[-1.05107978252245,54.496421146157],[-1.0491353808356,54.496417671021],[-1.04671079110011,54.4959635497079],[-1.04460697843638,54.4960118336676],[-1.04296336834217,54.4955455756767],[-1.0428963166571,54.4952735648488],[-1.03950509227057,54.4951193335335],[-1.03685127014028,54.4940441776903],[-1.03390903892384,54.4929239842896],[-1.03158608260105,54.4913270107769],[-1.03163489061667,54.4907510888228],[-1.03049006312398,54.4891593130478],[-1.03058861635555,54.4883366381674],[-1.02997137118112,54.4875936232675],[-1.02900170337032,54.4874116963995],[-1.02744443149542,54.4862356046898],[-1.02729490475359,54.4856858959383],[-1.02603324621384,54.4858327714016],[-1.02579753650394,54.4851407711302],[-1.02484145964793,54.4852838934038],[-1.02492591564575,54.4848964376644],[-1.02307537394374,54.4839931615773],[-1.02299937921639,54.4833561445233],[-1.01907037963148,54.4825062463518],[-1.01870173391491,54.4813774054552],[-1.01909076685274,54.4801544916756],[-1.01852885150782,54.4796956405075],[-1.01829470156145,54.4780079177744],[-1.0164537477995,54.4766431697178],[-1.0095327305501,54.4755253556204],[-1.00412824247395,54.4754806969353],[-0.999444039092948,54.4760192063918],[-0.994701226660115,54.4773704075862],[-0.991625287726101,54.4788121513947],[-0.991153469378142,54.4785732701235],[-0.989527993617163,54.47949916433],[-0.983516620765895,54.478877552647],[-0.979961892680382,54.4719413861706],[-0.976120873654663,54.4676778424519],[-0.97209252365794,54.4608471380597],[-0.973427370196581,54.4613801130783],[-0.97412790857214,54.4612228811674],[-0.976424954464339,54.4597563358062],[-0.978177487512112,54.4594959054922],[-0.981728760149047,54.4576719227304],[-0.984802225309914,54.4574523438753],[-0.988401907028171,54.458816237591],[-0.994241850410812,54.4581335861633],[-0.995990426938059,54.4574558040717],[-0.996906186916824,54.457992813377],[-1.00066181909327,54.4586855960549],[-1.00345664416097,54.4583328644762],[-1.0068514478813,54.4584829610484],[-1.00789308293884,54.4582662673804],[-1.0100817934386,54.458844158923],[-1.01123984209446,54.459632504468],[-1.01314970300224,54.4600165839859],[-1.01932159655426,54.4596339846304],[-1.02149406888951,54.4600060234882],[-1.02318628068492,54.4598733214636],[-1.02364671657154,54.4595102938945],[-1.02593234895872,54.4591574267467],[-1.02660048449827,54.4595234240047],[-1.0275899952738,54.4593066988333],[-1.0282991322878,54.4596317372904],[-1.02851207660439,54.4593107381227],[-1.02926921682529,54.4593862265038],[-1.02920892348154,54.4591056375488],[-1.02988678369992,54.4593161546592],[-1.03101479824458,54.4589221218032],[-1.03116862391495,54.4591013130594],[-1.03288683592648,54.4587361737227],[-1.03394038108894,54.4589899482877],[-1.03482456825064,54.4585962239598],[-1.03569004451273,54.45860790903],[-1.03594506699685,54.4584433881635],[-1.03543183995062,54.4583547607672],[-1.03573757034212,54.4580803158852],[-1.03619282046589,54.4581721153601],[-1.03659939859333,54.4574269945182],[-1.037005771205,54.4577982952393],[-1.03776659538285,54.4574223877689],[-1.0373892436087,54.4572935616702],[-1.03770424942823,54.4570693531275],[-1.03904399190209,54.4572317485686],[-1.03874521896918,54.4567853082678],[-1.03926212845078,54.4562216520197],[-1.04215948880643,54.4553844391243],[-1.04159990086683,54.4550801601924],[-1.0423020676689,54.4542588843494],[-1.04321569849862,54.4541242771284],[-1.04254214409721,54.4538538010499],[-1.04341259590608,54.4533481482987],[-1.04348973924177,54.4528283625339],[-1.04838984442755,54.452146339202],[-1.0478937941485,54.4516535218052],[-1.04884792799697,54.4517892974657],[-1.04939202626873,54.4508058944509],[-1.04992103122819,54.4507966333035],[-1.05028307668862,54.4502325668134],[-1.05143254083891,54.4500851448329],[-1.05256596053838,54.4494025686462],[-1.05274351983513,54.4484531132348],[-1.05358764928463,54.447687797055],[-1.05335639356127,54.447267125594],[-1.05500347004621,54.4460348028913],[-1.05549557280144,54.4440669151535],[-1.05701080065604,54.4424142329455],[-1.0575056308369,54.4409177551962],[-1.05266294546513,54.4369589032925],[-1.05394178596571,54.4340005333798],[-1.05556295327199,54.4274350034878],[-1.0646952946197,54.4211406689002],[-1.05938054636086,54.4125782562812],[-1.07094132686955,54.4056805195188],[-1.08181089981254,54.4050252281381],[-1.09775464959699,54.4096533360922],[-1.10545626829757,54.4151263728302],[-1.10208743106607,54.4164064790274],[-1.10813619533944,54.4188767623699],[-1.1100332931603,54.4209628942488],[-1.11094948530433,54.4214004770546],[-1.11594870865115,54.4222286280866],[-1.11776792389287,54.4219088351764],[-1.11923070581363,54.4221074106029],[-1.12427786853252,54.4245176054756],[-1.12711571186456,54.4266080444831],[-1.13214887213356,54.4262677895206],[-1.13499066452182,54.4261518716904],[-1.13852299532215,54.4253828708008],[-1.1405357943809,54.4253859878673],[-1.14869355116191,54.4242790664915],[-1.15262447459349,54.4252287516692],[-1.1574455320123,54.4243499872937],[-1.16020341119955,54.4233213370759],[-1.16283891485592,54.4230121221398],[-1.16278086378009,54.4216990076573],[-1.17313928325597,54.4192686619718],[-1.17699104355762,54.4229290845373],[-1.18117033758909,54.4261131495044],[-1.18248277882228,54.4299708659446],[-1.18280545548392,54.4328824198869],[-1.18630634698968,54.4364599688329],[-1.18577735080476,54.437023232187],[-1.18683770034048,54.4378030014232],[-1.18694272934975,54.4390444377176],[-1.18796579751042,54.4397436270066],[-1.18747601189569,54.4420125893188],[-1.18818585907885,54.4423853933737],[-1.1890449379404,54.4446351568754],[-1.19066958288498,54.4470959163882],[-1.19233272677365,54.4472168639973],[-1.19281050959733,54.4469116793756],[-1.19445660450978,54.4505313257898],[-1.19694850820245,54.4536768699719],[-1.20030491933576,54.4567564679794],[-1.20206894685758,54.456395453337],[-1.20579304945541,54.4581669293373],[-1.20426973609655,54.4592950623156],[-1.20578277184364,54.4605414019189],[-1.20608434697158,54.460066873041],[-1.2064705722259,54.4601990787028],[-1.20570566645997,54.4610638433224],[-1.20605670760058,54.4618817415],[-1.20419103170052,54.4623039329898],[-1.20440948696109,54.4616285265746],[-1.20341212832604,54.4615744826079],[-1.20292093210168,54.4616717911984],[-1.20304008175781,54.4619907969292],[-1.20146086688776,54.4623558529729],[-1.20112604646688,54.4620169058455],[-1.20001939886585,54.4625541444808],[-1.19843176518525,54.4625087939702],[-1.1983136938955,54.4629017585772],[-1.19754988245531,54.463098575785],[-1.19595677231218,54.4626364098893],[-1.18905364445567,54.4659861308104],[-1.19116598253554,54.4674306288945],[-1.19295655611086,54.4670098061946],[-1.19397632693883,54.467957003911],[-1.19298369798941,54.4682805588344],[-1.19183501846926,54.467934168306],[-1.19194849158164,54.4688089725861],[-1.1925187865517,54.4691552897507],[-1.19507275264733,54.4691922034805],[-1.19574607221534,54.4688527752756],[-1.19577876036864,54.4679722435027],[-1.19715793444114,54.4676668641512],[-1.19848990767715,54.467847967658],[-1.19747438180687,54.466672210538],[-1.20047940668341,54.4662568954015],[-1.20080235062805,54.4669279241506],[-1.20233988198789,54.4668272563629],[-1.20257981013808,54.4674058705052],[-1.20071952918259,54.467872308633],[-1.2013219864436,54.4680780334421],[-1.2011972642248,54.4685816982174],[-1.20268210020311,54.4685443251509],[-1.20477781891996,54.4690759035798],[-1.20646645397386,54.475300397125],[-1.20549885244561,54.4763074016762],[-1.20450293977568,54.4765391169409],[-1.2034091468513,54.4745080591582],[-1.20376393018453,54.474393078921],[-1.2013741619585,54.4746378973723],[-1.20234436071439,54.4753009949015],[-1.19809882949053,54.4749946978636],[-1.19533511696942,54.4744715760775],[-1.19469451621623,54.4737032805502],[-1.19609969437505,54.4731245508941],[-1.19465694175536,54.4732198045738],[-1.19398378525673,54.4733055290189],[-1.19402224458154,54.4736713053463],[-1.19201951495545,54.4738947499149],[-1.19187092630406,54.4736589286115],[-1.19031863751279,54.4739491667303],[-1.18985605719574,54.4732978252331],[-1.18841475931754,54.4737474797963],[-1.18792977504568,54.4734765358546],[-1.18672317977097,54.4741307874159],[-1.18683986719934,54.4754358634399],[-1.1868660087365,54.4754888214216],[-1.18633545018697,54.4755977694152],[-1.18655065352836,54.4765154221897],[-1.18505159759202,54.4759349445829],[-1.18459325634953,54.4760423318674],[-1.18542450405916,54.4765845403842],[-1.18499010145781,54.4767939879627],[-1.18405137283469,54.4769072174397],[-1.18346873882291,54.4763858497383],[-1.18355937843467,54.4756636818515],[-1.1826199368101,54.4763768652766],[-1.18301651061826,54.4773861182201],[-1.18286170316013,54.4781849350359],[-1.18228735370128,54.4783518062627],[-1.18139125233214,54.4760809540712],[-1.18189535759038,54.4732444013251],[-1.18181527672904,54.4702960430386],[-1.18166709044033,54.469989472878],[-1.18105069260288,54.4699493465409],[-1.18160034669513,54.4694677693769],[-1.17898490478702,54.4675447151381],[-1.17216596033854,54.4652154155955],[-1.17273087517515,54.4647639835058],[-1.17128578038045,54.4649442475686],[-1.17019743347037,54.4645849882207],[-1.16968762593379,54.4648667128722],[-1.17121306276952,54.4670470906332],[-1.16957271059701,54.4677103948314],[-1.17094918428714,54.4693971910243],[-1.1697935950464,54.4699722082654],[-1.17314275491381,54.4736378200673],[-1.17320342229474,54.4739070079165],[-1.17236656379163,54.4740108139659],[-1.17175584502119,54.4733470766293],[-1.16909590062998,54.4739706661185],[-1.16695562444594,54.4713878186829],[-1.16456555457801,54.4713347632784],[-1.16581394496895,54.4729681683345],[-1.15785346445161,54.4754318880312],[-1.15153280916385,54.4779627921399],[-1.14919621822421,54.4784857934683],[-1.14941455765976,54.4788456660492],[-1.14418195811228,54.480318425248],[-1.14004650376533,54.4808777384405],[-1.13824613876641,54.4813994793753],[-1.13434181804028,54.4825637030341],[-1.13679372261928,54.4834024487838],[-1.13836042293525,54.4844151254006],[-1.13423779345896,54.4826022779626],[-1.13121715493472,54.4838461489146],[-1.13299260092453,54.4854507409555],[-1.13239081240313,54.4856204695695],[-1.13161632038114,54.485838857435],[-1.13079121642951,54.4853822090937],[-1.12917122723409,54.4868601569805],[-1.13014592285794,54.4868410171274],[-1.13034490511725,54.4871845223987],[-1.13124925290616,54.4873623637021],[-1.13362540535852,54.48666834013],[-1.13439944722649,54.4874750991849],[-1.13526391154412,54.4871890254179],[-1.13790769964291,54.4865029702899],[-1.13841647291666,54.4873186793777],[-1.13901043559486,54.4872127625617],[-1.13964417316216,54.4877478561665],[-1.13945195587195,54.488349714484],[-1.14115982382962,54.4881733679022],[-1.14099528877747,54.4887155607258],[-1.14013111055706,54.4890595803739],[-1.14125408402335,54.48924731569],[-1.14018919647485,54.4897901737138],[-1.14053468539069,54.4904184066564],[-1.14101334004308,54.4904229294633],[-1.14105597852661,54.491037611244],[-1.14273940675867,54.4905184816679],[-1.14406877276332,54.4904805449253],[-1.14483963776219,54.4916624402265],[-1.14423023092517,54.4915074307934],[-1.14205817257391,54.491956052658],[-1.14097727753749,54.492507773468],[-1.14052819220874,54.4923648756169],[-1.13942453716473,54.4931815902999],[-1.13768660362043,54.493982432439],[-1.13696198350503,54.493082194478],[-1.13601195961382,54.4935539831448],[-1.13528986749058,54.4932966303523],[-1.13482963002211,54.4937209354412],[-1.1343501816958,54.4935285570028],[-1.13447514242475,54.4940925038762],[-1.13328188222696,54.4942349330859],[-1.13336124945698,54.493758088636],[-1.13272718354929,54.4935269347122],[-1.13295357751093,54.4930573277092],[-1.13251364483719,54.493040468011],[-1.1319761582493,54.495279495348],[-1.1311614142977,54.4952939308231],[-1.13084817076673,54.4945332532186],[-1.12981254036541,54.4948153961281],[-1.12954117295378,54.4955540765896],[-1.12844851518535,54.4954696288736],[-1.12490541981561,54.4960263101441],[-1.12468444791489,54.4962888928158],[-1.12668082227242,54.4987320819095],[-1.12281187917864,54.4989902454929],[-1.11848800570917,54.4981929837732],[-1.11440663590613,54.4989431123587],[-1.11181729331544,54.5015551601046],[-1.11178275638994,54.5043740554343],[-1.10618675974696,54.5057006448999],[-1.0946681490401,54.5067628492883]]]},"properties":{"FID":5521,"MSOA21CD":"E02005750","MSOA21NM":"Hambleton 001","MSOA21NMW":" ","BNG_E":459127,"BNG_N":507084,"LAT":54.45572,"LONG":-1.08953,"GlobalID":"d66a68fd-5ba8-489c-a177-2990c8577d98","GROUP":"A1 Corridor"}},{"type":"Feature","id":5522,"geometry":{"type":"Polygon","coordinates":[[[-1.22013618747223,54.5109411996656],[-1.21897740964864,54.5101501920445],[-1.21410665133498,54.5100372502148],[-1.20850048885305,54.5088903068701],[-1.20686721296922,54.5079432703855],[-1.20391181008146,54.5069119883171],[-1.20216730007394,54.5069530293707],[-1.19677835993067,54.5061882723207],[-1.19548494768122,54.5066323819319],[-1.18972532093369,54.5062928660919],[-1.18509371471916,54.5072854396389],[-1.1811625631664,54.5057723230548],[-1.18001128815107,54.5061950573177],[-1.179379118577,54.5059992311022],[-1.17614333129073,54.5043137384409],[-1.17554986222313,54.5046874500335],[-1.17386376673081,54.5047169437836],[-1.17347509173791,54.5040494937503],[-1.17420899845653,54.5038393934361],[-1.1739082204608,54.503208921013],[-1.1743927746503,54.5028936765518],[-1.17356039697164,54.5025077184547],[-1.17272703223381,54.5028810983397],[-1.17232394747717,54.5025580611853],[-1.17179307689899,54.5026771038421],[-1.17067301056877,54.5023500078865],[-1.16995163437162,54.5026005927919],[-1.16995297032138,54.5029898019509],[-1.16945738843064,54.5029145531672],[-1.16897194649227,54.5035318992914],[-1.16697705436737,54.5033844810529],[-1.16663814190281,54.5037236677137],[-1.16603293878216,54.503109198732],[-1.16535415454902,54.5035487601192],[-1.164182853755,54.5031508993029],[-1.16407234756509,54.5034113305439],[-1.16311319648934,54.5035420267023],[-1.15744171021694,54.5022362684048],[-1.15266762516291,54.5019116423899],[-1.14805865800983,54.5011251799998],[-1.14669229304637,54.5013729488304],[-1.14619688765017,54.5028216002531],[-1.13045066701078,54.4999265547928],[-1.12668082227242,54.4987320819095],[-1.12468444791489,54.4962888928158],[-1.12490541981561,54.4960263101441],[-1.12844851518535,54.4954696288736],[-1.12954117295378,54.4955540765896],[-1.12981254036541,54.4948153961281],[-1.13084817076673,54.4945332532186],[-1.1311614142977,54.4952939308231],[-1.1319761582493,54.495279495348],[-1.13251364483719,54.493040468011],[-1.13295357751093,54.4930573277092],[-1.13272718354929,54.4935269347122],[-1.13336124945698,54.493758088636],[-1.13328188222696,54.4942349330859],[-1.13447514242475,54.4940925038762],[-1.1343501816958,54.4935285570028],[-1.13482963002211,54.4937209354412],[-1.13528986749058,54.4932966303523],[-1.13601195961382,54.4935539831448],[-1.13696198350503,54.493082194478],[-1.13768660362043,54.493982432439],[-1.13942453716473,54.4931815902999],[-1.14052819220874,54.4923648756169],[-1.14097727753749,54.492507773468],[-1.14205817257391,54.491956052658],[-1.14423023092517,54.4915074307934],[-1.14483963776219,54.4916624402265],[-1.14406877276332,54.4904805449253],[-1.14273940675867,54.4905184816679],[-1.14105597852661,54.491037611244],[-1.14101334004308,54.4904229294633],[-1.14053468539069,54.4904184066564],[-1.14018919647485,54.4897901737138],[-1.14125408402335,54.48924731569],[-1.14013111055706,54.4890595803739],[-1.14099528877747,54.4887155607258],[-1.14115982382962,54.4881733679022],[-1.13945195587195,54.488349714484],[-1.13964417316216,54.4877478561665],[-1.13901043559486,54.4872127625617],[-1.13841647291666,54.4873186793777],[-1.13790769964291,54.4865029702899],[-1.13526391154412,54.4871890254179],[-1.13439944722649,54.4874750991849],[-1.13362540535852,54.48666834013],[-1.13124925290616,54.4873623637021],[-1.13034490511725,54.4871845223987],[-1.13014592285794,54.4868410171274],[-1.12917122723409,54.4868601569805],[-1.13079121642951,54.4853822090937],[-1.13161632038114,54.485838857435],[-1.13239081240313,54.4856204695695],[-1.13299260092453,54.4854507409555],[-1.13121715493472,54.4838461489146],[-1.13423779345896,54.4826022779626],[-1.13836042293525,54.4844151254006],[-1.13679372261928,54.4834024487838],[-1.13434181804028,54.4825637030341],[-1.13824613876641,54.4813994793753],[-1.14004650376533,54.4808777384405],[-1.14418195811228,54.480318425248],[-1.14941455765976,54.4788456660492],[-1.14919621822421,54.4784857934683],[-1.15153280916385,54.4779627921399],[-1.15785346445161,54.4754318880312],[-1.16581394496895,54.4729681683345],[-1.16456555457801,54.4713347632784],[-1.16695562444594,54.4713878186829],[-1.16909590062998,54.4739706661185],[-1.17175584502119,54.4733470766293],[-1.17236656379163,54.4740108139659],[-1.17320342229474,54.4739070079165],[-1.17314275491381,54.4736378200673],[-1.1697935950464,54.4699722082654],[-1.17094918428714,54.4693971910243],[-1.16957271059701,54.4677103948314],[-1.17121306276952,54.4670470906332],[-1.16968762593379,54.4648667128722],[-1.17019743347037,54.4645849882207],[-1.17128578038045,54.4649442475686],[-1.17273087517515,54.4647639835058],[-1.17216596033854,54.4652154155955],[-1.17898490478702,54.4675447151381],[-1.18160034669513,54.4694677693769],[-1.18105069260288,54.4699493465409],[-1.18166709044033,54.469989472878],[-1.18181527672904,54.4702960430386],[-1.18189535759038,54.4732444013251],[-1.18139125233214,54.4760809540712],[-1.18228735370128,54.4783518062627],[-1.18286170316013,54.4781849350359],[-1.18301651061826,54.4773861182201],[-1.1826199368101,54.4763768652766],[-1.18355937843467,54.4756636818515],[-1.18346873882291,54.4763858497383],[-1.18405137283469,54.4769072174397],[-1.18499010145781,54.4767939879627],[-1.18542450405916,54.4765845403842],[-1.18459325634953,54.4760423318674],[-1.18505159759202,54.4759349445829],[-1.18655065352836,54.4765154221897],[-1.18633545018697,54.4755977694152],[-1.1868660087365,54.4754888214216],[-1.18683986719934,54.4754358634399],[-1.18672317977097,54.4741307874159],[-1.18792977504568,54.4734765358546],[-1.18841475931754,54.4737474797963],[-1.18985605719574,54.4732978252331],[-1.19031863751279,54.4739491667303],[-1.19187092630406,54.4736589286115],[-1.19201951495545,54.4738947499149],[-1.19402224458154,54.4736713053463],[-1.19398378525673,54.4733055290189],[-1.19465694175536,54.4732198045738],[-1.19609969437505,54.4731245508941],[-1.19469451621623,54.4737032805502],[-1.19533511696942,54.4744715760775],[-1.19809882949053,54.4749946978636],[-1.20234436071439,54.4753009949015],[-1.2013741619585,54.4746378973723],[-1.20376393018453,54.474393078921],[-1.2034091468513,54.4745080591582],[-1.20450293977568,54.4765391169409],[-1.20549885244561,54.4763074016762],[-1.20646645397386,54.475300397125],[-1.20477781891996,54.4690759035798],[-1.20268210020311,54.4685443251509],[-1.2011972642248,54.4685816982174],[-1.2013219864436,54.4680780334421],[-1.20071952918259,54.467872308633],[-1.20257981013808,54.4674058705052],[-1.20233988198789,54.4668272563629],[-1.20080235062805,54.4669279241506],[-1.20047940668341,54.4662568954015],[-1.19747438180687,54.466672210538],[-1.19848990767715,54.467847967658],[-1.19715793444114,54.4676668641512],[-1.19577876036864,54.4679722435027],[-1.19574607221534,54.4688527752756],[-1.19507275264733,54.4691922034805],[-1.1925187865517,54.4691552897507],[-1.19194849158164,54.4688089725861],[-1.19183501846926,54.467934168306],[-1.19298369798941,54.4682805588344],[-1.19397632693883,54.467957003911],[-1.19295655611086,54.4670098061946],[-1.19116598253554,54.4674306288945],[-1.18905364445567,54.4659861308104],[-1.19595677231218,54.4626364098893],[-1.19754988245531,54.463098575785],[-1.1983136938955,54.4629017585772],[-1.19843176518525,54.4625087939702],[-1.20001939886585,54.4625541444808],[-1.20112604646688,54.4620169058455],[-1.20146086688776,54.4623558529729],[-1.20304008175781,54.4619907969292],[-1.20292093210168,54.4616717911984],[-1.20341212832604,54.4615744826079],[-1.20440948696109,54.4616285265746],[-1.20419103170052,54.4623039329898],[-1.20605670760058,54.4618817415],[-1.20570566645997,54.4610638433224],[-1.2064705722259,54.4601990787028],[-1.20608434697158,54.460066873041],[-1.20578277184364,54.4605414019189],[-1.20426973609655,54.4592950623156],[-1.20579304945541,54.4581669293373],[-1.20206894685758,54.456395453337],[-1.20030491933576,54.4567564679794],[-1.19694850820245,54.4536768699719],[-1.19445660450978,54.4505313257898],[-1.19281050959733,54.4469116793756],[-1.19233272677365,54.4472168639973],[-1.19066958288498,54.4470959163882],[-1.1890449379404,54.4446351568754],[-1.18818585907885,54.4423853933737],[-1.18747601189569,54.4420125893188],[-1.18796579751042,54.4397436270066],[-1.18694272934975,54.4390444377176],[-1.18683770034048,54.4378030014232],[-1.18577735080476,54.437023232187],[-1.18630634698968,54.4364599688329],[-1.18280545548392,54.4328824198869],[-1.18248277882228,54.4299708659446],[-1.18117033758909,54.4261131495044],[-1.17699104355762,54.4229290845373],[-1.17313928325597,54.4192686619718],[-1.16278086378009,54.4216990076573],[-1.16283891485592,54.4230121221398],[-1.16020341119955,54.4233213370759],[-1.1574455320123,54.4243499872937],[-1.15262447459349,54.4252287516692],[-1.14869355116191,54.4242790664915],[-1.1405357943809,54.4253859878673],[-1.13852299532215,54.4253828708008],[-1.13499066452182,54.4261518716904],[-1.13214887213356,54.4262677895206],[-1.12711571186456,54.4266080444831],[-1.12427786853252,54.4245176054756],[-1.11923070581363,54.4221074106029],[-1.11776792389287,54.4219088351764],[-1.11594870865115,54.4222286280866],[-1.11094948530433,54.4214004770546],[-1.1100332931603,54.4209628942488],[-1.10813619533944,54.4188767623699],[-1.10208743106607,54.4164064790274],[-1.10545626829757,54.4151263728302],[-1.09775464959699,54.4096533360922],[-1.08181089981254,54.4050252281381],[-1.07042775941028,54.3957696210623],[-1.07882432973768,54.3882130473846],[-1.06723400908116,54.3754710077889],[-1.06720334332722,54.3651423174957],[-1.06621137548327,54.3626677882017],[-1.07048951731781,54.3610362614597],[-1.07816273950395,54.3602471496434],[-1.078029053839,54.359710822944],[-1.07859360323651,54.359217166059],[-1.07827815485897,54.3585471498103],[-1.07884070317197,54.3577559581144],[-1.08530953547773,54.3470894562537],[-1.09924023351373,54.3291699232544],[-1.10298153628869,54.3285166794751],[-1.11349707840437,54.3297882692505],[-1.11512391021577,54.3302950656574],[-1.11666598385306,54.3286574559258],[-1.11782379482709,54.3290301882724],[-1.11941358150478,54.3301699891141],[-1.12223209636263,54.3311827722098],[-1.12260647037305,54.331610992013],[-1.1207947490101,54.3331885827964],[-1.12145184573672,54.3339044922833],[-1.12082679919153,54.3347514981907],[-1.12106222735029,54.3370329249731],[-1.12068601197966,54.337076965538],[-1.1204259316758,54.3366471642143],[-1.11919333785103,54.3373122341251],[-1.11956322662083,54.337862325968],[-1.11858419279893,54.3387286725503],[-1.11906029175451,54.3389730936812],[-1.11874033385001,54.3409679170245],[-1.12107496772103,54.3419859534269],[-1.12163024245515,54.3426345048409],[-1.12092734230591,54.3431363324667],[-1.12088119739835,54.3438122874629],[-1.12162402364584,54.343941061919],[-1.12115940595925,54.3445211960444],[-1.1217944829555,54.3452381186961],[-1.12415104597502,54.3448280345036],[-1.12496088714974,54.344292415687],[-1.12712580287284,54.3437573266515],[-1.12786754261877,54.343894691606],[-1.13056273261573,54.3433732103156],[-1.13084650574898,54.3438470445503],[-1.13293771049321,54.343591636967],[-1.13330284100128,54.3445851144262],[-1.13664146658396,54.3452488180792],[-1.13701630674738,54.3460589570198],[-1.14066574187711,54.3458892143329],[-1.14167907474629,54.3469308100759],[-1.14283957686662,54.3472783417993],[-1.1455611264732,54.3489211713326],[-1.14942968381019,54.3487238455323],[-1.15304191668024,54.349250560509],[-1.15754781213596,54.349268631395],[-1.15931776982482,54.3597181541385],[-1.16289761352627,54.3720569009418],[-1.16603361886349,54.3778728960796],[-1.17219318646638,54.3818708148925],[-1.1753756016863,54.3800234276286],[-1.18090223486631,54.3767338339071],[-1.19016455735194,54.3772557899797],[-1.20874198728428,54.3737828889833],[-1.2222604679175,54.3769775558964],[-1.2250395347815,54.3780379630315],[-1.22717123489238,54.3775033964849],[-1.22923008565076,54.3775435199738],[-1.23848133609683,54.3759498129098],[-1.2454928056518,54.3753050283662],[-1.25126560422322,54.3760770830368],[-1.25497206635239,54.3780086893831],[-1.2584619603443,54.3805775178508],[-1.26435029856296,54.3835287834247],[-1.26873826263141,54.3873135171028],[-1.2714437127221,54.3881363026248],[-1.27171101321164,54.387865336403],[-1.27339003906964,54.3877313814248],[-1.27440837475032,54.3880320392673],[-1.27489669371953,54.3878134673361],[-1.27599467125141,54.3880694460479],[-1.2779749037427,54.3878771055419],[-1.277872793738,54.3874703853195],[-1.2812946999555,54.3856781402106],[-1.28126283302191,54.3859195211461],[-1.28209859264787,54.3858823273876],[-1.28632605919013,54.3870675660371],[-1.2875939449259,54.3898835809228],[-1.28980090026098,54.3916707142984],[-1.29140660144224,54.3923864749795],[-1.29184138496815,54.3922929837592],[-1.29356152691374,54.3913326858661],[-1.29357609020948,54.390009595832],[-1.29723151326839,54.3851621003571],[-1.29816543001082,54.3820604377803],[-1.3047859899457,54.3833178728346],[-1.30616278912357,54.3845929932679],[-1.30782530787137,54.3844469341453],[-1.3100916308074,54.3847359506801],[-1.31328401268724,54.385993258828],[-1.31522824000067,54.3843318105517],[-1.31637816550344,54.3841046477933],[-1.31790596078938,54.3842747603909],[-1.32092583214231,54.386142583952],[-1.32373355914025,54.3860004649367],[-1.32569932855438,54.3887289776914],[-1.32843333705532,54.3915237853953],[-1.32778831121617,54.3924756535118],[-1.32664506775487,54.3927819354299],[-1.32666954084904,54.393435559435],[-1.32599156956302,54.3940434830072],[-1.32505369942645,54.3944179733927],[-1.32596208000356,54.3951695259144],[-1.3259508477531,54.395943209405],[-1.32654377338967,54.3964172145603],[-1.32613029405998,54.3967423814009],[-1.32638658079163,54.3984064335962],[-1.32492026616294,54.3994427652109],[-1.324825095413,54.3999918576502],[-1.32562696125044,54.4007607991251],[-1.32956211681764,54.4018537872539],[-1.33034818902658,54.4025681170757],[-1.33095976933086,54.4023771485251],[-1.33239434972124,54.4028493079973],[-1.33309712379283,54.4025563150405],[-1.33369966439198,54.4028935636646],[-1.33425799259962,54.402723275219],[-1.33512835291614,54.4031336185542],[-1.33617483085045,54.4046349141465],[-1.33766072772264,54.4042299108554],[-1.33807242528472,54.4045390908277],[-1.33840383533253,54.4042713087498],[-1.3391309894625,54.4045465493712],[-1.33968077914391,54.4043760123628],[-1.34194112727282,54.4051210351324],[-1.34158731603449,54.405540663495],[-1.34183921567018,54.407550358959],[-1.34120314902593,54.4076726708637],[-1.34120139720565,54.4082066115413],[-1.34004253661409,54.4086241872668],[-1.33966567535208,54.4092491830612],[-1.34010475599454,54.4095501149223],[-1.3397859718142,54.4100041960513],[-1.34050998733248,54.4107023874175],[-1.34088256872145,54.4106179120657],[-1.34032887607465,54.4111577756207],[-1.34136057177257,54.4112869459676],[-1.34126867587233,54.4120938913303],[-1.34170653048921,54.4120810803983],[-1.34206802176526,54.4127275593314],[-1.34265102584035,54.4128418743848],[-1.34177548779396,54.4129804593061],[-1.34068681936141,54.4125586152756],[-1.33999404978089,54.4127215398797],[-1.33920921132344,54.4122500730499],[-1.33731474550247,54.4122016109736],[-1.33746829479007,54.4125966889689],[-1.33666827099877,54.4131787234197],[-1.33519659434197,54.4136966887576],[-1.33376647181499,54.4131313625772],[-1.33140257626141,54.4131585785386],[-1.33154795833934,54.4148325965609],[-1.32965134583826,54.4152961967925],[-1.3276595816545,54.4170424262734],[-1.32768419985089,54.4200737346397],[-1.3296146381013,54.4213917609257],[-1.32963458115514,54.4222655855882],[-1.32806594157179,54.4235047073681],[-1.32661905159928,54.4234197271918],[-1.32481722177981,54.4238012938685],[-1.32387050163354,54.424319717047],[-1.32353257051549,54.4253614570063],[-1.31884600646992,54.4251874550007],[-1.32022365186469,54.4287395042852],[-1.3240789583594,54.4344366647957],[-1.32445608449365,54.436731300308],[-1.32564951490066,54.4396362638418],[-1.32869014564376,54.4429530884383],[-1.32455132019739,54.4436894953855],[-1.31521793447358,54.4464664029617],[-1.30861117975419,54.4495213191961],[-1.3091248549627,54.4506232709752],[-1.3113878505438,54.4523275873883],[-1.31003272275659,54.4556745783458],[-1.31093710837783,54.455839804014],[-1.31022665525695,54.4564407022522],[-1.30599716050382,54.4571670005122],[-1.3020859126331,54.4556094617139],[-1.30087167340248,54.4560653120099],[-1.30058106277965,54.4571106269305],[-1.29890567485947,54.4575817630661],[-1.29703015093228,54.4576607713528],[-1.29502045429413,54.4598015143494],[-1.29245657829722,54.4609647354535],[-1.28984775392818,54.4610663239683],[-1.2863447883079,54.4606054029871],[-1.28443144734274,54.4612411996977],[-1.28187636656939,54.4631476410177],[-1.27975724800313,54.4632724107717],[-1.27631426496727,54.4643911525573],[-1.27690850323211,54.465079836462],[-1.27765690738812,54.4649890946657],[-1.27842086839721,54.4654123738367],[-1.27847731439227,54.4657946588345],[-1.27761516001336,54.4663756547698],[-1.27877758491795,54.4681889661781],[-1.28013033810865,54.4688322754824],[-1.28135009918158,54.4688673026717],[-1.28485417798434,54.4705472369503],[-1.28628115853025,54.4716456047557],[-1.28602824080243,54.4735564163267],[-1.28476649101694,54.4747114017116],[-1.28491092711655,54.4751102749964],[-1.28704333395706,54.4762632198932],[-1.28957467300877,54.4757936282279],[-1.29111124701147,54.4758986585977],[-1.2933917242069,54.4766317573011],[-1.29568794439894,54.4762847885605],[-1.2986121241529,54.4774809838033],[-1.29694941507324,54.4795007592667],[-1.29615978869331,54.4796478386141],[-1.29459522741834,54.4793385255266],[-1.29354398990139,54.4796098853929],[-1.29131523861566,54.4835795562286],[-1.29039302024486,54.4834382393053],[-1.2910490310933,54.4821813546378],[-1.29074835212683,54.4819411630761],[-1.28861063630061,54.4818048016967],[-1.28671005888125,54.4827344723441],[-1.28665842252559,54.483956692795],[-1.28770131032282,54.4848432587863],[-1.2878273323404,54.486363641511],[-1.28936189462399,54.4873311645305],[-1.2895918212534,54.4879863432279],[-1.28772695618777,54.4879782004789],[-1.28743242439159,54.4875276238978],[-1.28549708399683,54.4878260746304],[-1.28401454244897,54.4892832191615],[-1.28106136309288,54.4904204362407],[-1.27922535058302,54.4903320392993],[-1.27769963672551,54.4897458198734],[-1.27672129058894,54.4900744795497],[-1.2762677675122,54.4907334532504],[-1.27451906919658,54.4910821936661],[-1.2728278082747,54.4902797108852],[-1.27310431332704,54.4892763587825],[-1.27095514853413,54.4891350304451],[-1.26929936740111,54.4883081500904],[-1.26802288959136,54.4885543379551],[-1.26713010950725,54.48816727547],[-1.26563701463544,54.4881717220473],[-1.26423925369034,54.4875670227598],[-1.26018967041241,54.4878015936946],[-1.25740423071956,54.4873216987219],[-1.25666641231942,54.4911735742444],[-1.25722537325765,54.493208249686],[-1.25477788353796,54.4952509728654],[-1.25425387360347,54.4969502189416],[-1.25332866311997,54.4972813120373],[-1.25335657366957,54.4984517063074],[-1.2551774564916,54.4994694477651],[-1.25667448755959,54.5011078038358],[-1.25517624568115,54.5012317339183],[-1.25164277550253,54.5014060010577],[-1.25084244420199,54.5011033648468],[-1.24921345104884,54.5013825801044],[-1.2484995136002,54.5011838405846],[-1.24606601108668,54.5021894126489],[-1.24474887640868,54.5013587620708],[-1.2423203892309,54.5016577887049],[-1.2385125310592,54.5062319818031],[-1.23438014464725,54.5061422141264],[-1.23486590383353,54.5103160589217],[-1.23340448713806,54.5105691670595],[-1.23172804373036,54.511426635652],[-1.23044194272905,54.5110034163427],[-1.23060453112544,54.51188150537],[-1.22761223091776,54.5119964321853],[-1.22013618747223,54.5109411996656]]]},"properties":{"FID":5522,"MSOA21CD":"E02005751","MSOA21NM":"Hambleton 002","MSOA21NMW":" ","BNG_E":448644,"BNG_N":503079,"LAT":54.42084,"LONG":-1.25186,"GlobalID":"4ffe5b36-dfed-406c-b264-505b063518dc","GROUP":"A1 Corridor"}},{"type":"Feature","id":5523,"geometry":{"type":"Polygon","coordinates":[[[-1.45184967904053,54.4973183234706],[-1.44651086956506,54.4944254810225],[-1.44285633059068,54.4908902498615],[-1.43484540818559,54.4874632572409],[-1.43225139643495,54.4865190675179],[-1.42698639156792,54.4852337699918],[-1.42658323433737,54.4847794110794],[-1.42683159575712,54.4839988964272],[-1.42800023881172,54.4829895376065],[-1.43320388841699,54.4809408090632],[-1.43311514688736,54.4801045868625],[-1.43204491046892,54.4794213209133],[-1.42313934682799,54.478880083068],[-1.41710867936899,54.4770026087862],[-1.4119014968636,54.4773601820793],[-1.40946574907624,54.4788575982666],[-1.40833196967913,54.4813951472533],[-1.40811273503529,54.48462131631],[-1.40885095030802,54.4872803457713],[-1.4101886857579,54.4896856210116],[-1.40934708445524,54.4915140609365],[-1.40723109128994,54.4934405729252],[-1.40556775082367,54.4940776592943],[-1.40250171579752,54.4942782425744],[-1.3992152942396,54.492892256748],[-1.39794137991402,54.4911047659701],[-1.3983985439829,54.4876334902727],[-1.39727383318715,54.4865393301833],[-1.39505025005405,54.4856797574566],[-1.38986087709113,54.4866990015927],[-1.38457184745916,54.4868519311138],[-1.3830651322521,54.4872865827807],[-1.38224652264459,54.4879283576298],[-1.38210258344785,54.4885803180192],[-1.38297042669317,54.4915909714789],[-1.38101108455357,54.4940287644403],[-1.37975057317825,54.4926206677671],[-1.37840573791119,54.4921304101378],[-1.37750358568909,54.4912422174135],[-1.37576163885301,54.4906353065275],[-1.37373138344903,54.4883796817913],[-1.37270340364473,54.4884751700562],[-1.37028463341282,54.486031558623],[-1.37193069692894,54.4848192625913],[-1.37438416809967,54.4842329344225],[-1.37494053813243,54.4795338569616],[-1.37430267060235,54.4766334812793],[-1.37384830092652,54.4744386995623],[-1.37434398249979,54.47406099568],[-1.36441723157959,54.4659523167091],[-1.36182394532841,54.4678090842977],[-1.36126413722842,54.4687110193981],[-1.35733654294014,54.4714172193073],[-1.3564902986433,54.4729258725384],[-1.35304470429849,54.4724191456787],[-1.35091689720127,54.4734162635243],[-1.35000246796981,54.4731824604578],[-1.34980782654558,54.4727275173366],[-1.34790166147156,54.4725400876775],[-1.34783102484694,54.4723330039873],[-1.34634780335329,54.4726676289334],[-1.3446114767294,54.4721830491972],[-1.34473048848846,54.471580148824],[-1.34382574679559,54.4710583380212],[-1.3446811266251,54.4707162768982],[-1.34410964811902,54.4705109696304],[-1.34490378459523,54.4701136322172],[-1.34412755007822,54.4695432568862],[-1.34478856627401,54.4690295343986],[-1.34392652251203,54.4687844655605],[-1.34375266805722,54.4682305290672],[-1.34269948640812,54.468449765358],[-1.34309525834173,54.4681834086042],[-1.34250840194647,54.4681288404008],[-1.34280401110646,54.4678661953908],[-1.34230930872522,54.4676627795813],[-1.34325097252173,54.4672514937348],[-1.34393508142098,54.4662285226863],[-1.3447204910674,54.466026464287],[-1.34411785277234,54.4655007159002],[-1.34404565501213,54.4642258306824],[-1.34362872094412,54.4641550333676],[-1.3241313144998,54.4709251698029],[-1.32351636138938,54.471432877081],[-1.31831280613987,54.4721990768788],[-1.31691342011783,54.4729798897071],[-1.31556517327698,54.4753245699949],[-1.31311693101447,54.4772772039967],[-1.31079852439159,54.4775165507605],[-1.30880573731816,54.4764882744229],[-1.30837098209606,54.4769598626047],[-1.30735970862283,54.4770946854679],[-1.30729635704048,54.4775398578523],[-1.30665441025055,54.4778282701277],[-1.3031891943266,54.4784294987629],[-1.30206275124694,54.4779659641796],[-1.30232253537466,54.4768126258001],[-1.30158096694439,54.4764183010999],[-1.30282603604991,54.4762145123003],[-1.30309202803301,54.4759152534635],[-1.30079778665639,54.4757551818631],[-1.29921643743127,54.4765209039861],[-1.2986121241529,54.4774809838033],[-1.29568794439894,54.4762847885605],[-1.2933917242069,54.4766317573011],[-1.29111124701147,54.4758986585977],[-1.28957467300877,54.4757936282279],[-1.28704333395706,54.4762632198932],[-1.28491092711655,54.4751102749964],[-1.28476649101694,54.4747114017116],[-1.28602824080243,54.4735564163267],[-1.28628115853025,54.4716456047557],[-1.28485417798434,54.4705472369503],[-1.28135009918158,54.4688673026717],[-1.28013033810865,54.4688322754824],[-1.27877758491795,54.4681889661781],[-1.27761516001336,54.4663756547698],[-1.27847731439227,54.4657946588345],[-1.27842086839721,54.4654123738367],[-1.27765690738812,54.4649890946657],[-1.27690850323211,54.465079836462],[-1.27631426496727,54.4643911525573],[-1.27975724800313,54.4632724107717],[-1.28187636656939,54.4631476410177],[-1.28443144734274,54.4612411996977],[-1.2863447883079,54.4606054029871],[-1.28984775392818,54.4610663239683],[-1.29245657829722,54.4609647354535],[-1.29502045429413,54.4598015143494],[-1.29703015093228,54.4576607713528],[-1.29890567485947,54.4575817630661],[-1.30058106277965,54.4571106269305],[-1.30087167340248,54.4560653120099],[-1.3020859126331,54.4556094617139],[-1.30599716050382,54.4571670005122],[-1.31022665525695,54.4564407022522],[-1.31093710837783,54.455839804014],[-1.31003272275659,54.4556745783458],[-1.3113878505438,54.4523275873883],[-1.3091248549627,54.4506232709752],[-1.30861117975419,54.4495213191961],[-1.31521793447358,54.4464664029617],[-1.32455132019739,54.4436894953855],[-1.32869014564376,54.4429530884383],[-1.32564951490066,54.4396362638418],[-1.32445608449365,54.436731300308],[-1.3240789583594,54.4344366647957],[-1.32022365186469,54.4287395042852],[-1.31884600646992,54.4251874550007],[-1.32353257051549,54.4253614570063],[-1.32387050163354,54.424319717047],[-1.32481722177981,54.4238012938685],[-1.32661905159928,54.4234197271918],[-1.32806594157179,54.4235047073681],[-1.32963458115514,54.4222655855882],[-1.3296146381013,54.4213917609257],[-1.32768419985089,54.4200737346397],[-1.3276595816545,54.4170424262734],[-1.32965134583826,54.4152961967925],[-1.33154795833934,54.4148325965609],[-1.33140257626141,54.4131585785386],[-1.33376647181499,54.4131313625772],[-1.33519659434197,54.4136966887576],[-1.33666827099877,54.4131787234197],[-1.33746829479007,54.4125966889689],[-1.33731474550247,54.4122016109736],[-1.33920921132344,54.4122500730499],[-1.33999404978089,54.4127215398797],[-1.34068681936141,54.4125586152756],[-1.34177548779396,54.4129804593061],[-1.34265102584035,54.4128418743848],[-1.34206802176526,54.4127275593314],[-1.34170653048921,54.4120810803983],[-1.34126867587233,54.4120938913303],[-1.34136057177257,54.4112869459676],[-1.34032887607465,54.4111577756207],[-1.34088256872145,54.4106179120657],[-1.34050998733248,54.4107023874175],[-1.3397859718142,54.4100041960513],[-1.34010475599454,54.4095501149223],[-1.33966567535208,54.4092491830612],[-1.34004253661409,54.4086241872668],[-1.34120139720565,54.4082066115413],[-1.34120314902593,54.4076726708637],[-1.34183921567018,54.407550358959],[-1.34158731603449,54.405540663495],[-1.34194112727282,54.4051210351324],[-1.33968077914391,54.4043760123628],[-1.3391309894625,54.4045465493712],[-1.33840383533253,54.4042713087498],[-1.33807242528472,54.4045390908277],[-1.33766072772264,54.4042299108554],[-1.33617483085045,54.4046349141465],[-1.33512835291614,54.4031336185542],[-1.33425799259962,54.402723275219],[-1.33369966439198,54.4028935636646],[-1.33309712379283,54.4025563150405],[-1.33239434972124,54.4028493079973],[-1.33095976933086,54.4023771485251],[-1.33034818902658,54.4025681170757],[-1.32956211681764,54.4018537872539],[-1.32562696125044,54.4007607991251],[-1.324825095413,54.3999918576502],[-1.32492026616294,54.3994427652109],[-1.32638658079163,54.3984064335962],[-1.32613029405998,54.3967423814009],[-1.32654377338967,54.3964172145603],[-1.3259508477531,54.395943209405],[-1.32596208000356,54.3951695259144],[-1.32505369942645,54.3944179733927],[-1.32599156956302,54.3940434830072],[-1.32666954084904,54.393435559435],[-1.32664506775487,54.3927819354299],[-1.32778831121617,54.3924756535118],[-1.32843333705532,54.3915237853953],[-1.32569932855438,54.3887289776914],[-1.32373355914025,54.3860004649367],[-1.32092583214231,54.386142583952],[-1.31790596078938,54.3842747603909],[-1.31637816550344,54.3841046477933],[-1.31522824000067,54.3843318105517],[-1.31328401268724,54.385993258828],[-1.3100916308074,54.3847359506801],[-1.30782530787137,54.3844469341453],[-1.30616278912357,54.3845929932679],[-1.3047859899457,54.3833178728346],[-1.29816543001082,54.3820604377803],[-1.29723151326839,54.3851621003571],[-1.29357609020948,54.390009595832],[-1.29356152691374,54.3913326858661],[-1.29184138496815,54.3922929837592],[-1.29140660144224,54.3923864749795],[-1.28980090026098,54.3916707142984],[-1.2875939449259,54.3898835809228],[-1.28632605919013,54.3870675660371],[-1.28209859264787,54.3858823273876],[-1.28126283302191,54.3859195211461],[-1.2812946999555,54.3856781402106],[-1.277872793738,54.3874703853195],[-1.2779749037427,54.3878771055419],[-1.27599467125141,54.3880694460479],[-1.27489669371953,54.3878134673361],[-1.27440837475032,54.3880320392673],[-1.27339003906964,54.3877313814248],[-1.27171101321164,54.387865336403],[-1.2714437127221,54.3881363026248],[-1.26873826263141,54.3873135171028],[-1.26435029856296,54.3835287834247],[-1.2584619603443,54.3805775178508],[-1.25497206635239,54.3780086893831],[-1.25126560422322,54.3760770830368],[-1.2454928056518,54.3753050283662],[-1.23848133609683,54.3759498129098],[-1.25086848609539,54.3612704498108],[-1.25457327648524,54.3538699476926],[-1.26478946079652,54.3540915940324],[-1.26468795973224,54.3522879888055],[-1.2637256234088,54.3490006215698],[-1.26551843539662,54.3476510441971],[-1.26599438797465,54.3458808624747],[-1.2656390001239,54.3437112936752],[-1.26372407442119,54.3425058072666],[-1.26061441065009,54.3382726087643],[-1.25850218635724,54.3366576723996],[-1.24910756283893,54.3323503120182],[-1.24659314354035,54.3315381526248],[-1.24672229352383,54.323306566236],[-1.24950507512604,54.31535746012],[-1.24994102724522,54.3117750585342],[-1.24713458393106,54.3082103879019],[-1.24096517408765,54.3046412878679],[-1.25131424458624,54.3025588798686],[-1.2608647353886,54.3019807677377],[-1.26240728261325,54.301891039597],[-1.28319570855366,54.3080917299936],[-1.28611602522107,54.3087725021548],[-1.28808882846716,54.308851120322],[-1.28830693864124,54.3092041075277],[-1.29343878514561,54.3083325143646],[-1.29611156741502,54.3085687840592],[-1.30025018677777,54.3081465661708],[-1.30468971259661,54.3080744788822],[-1.30671123206171,54.3075595001454],[-1.3099181621369,54.3073225703419],[-1.30950666825555,54.3062548668141],[-1.3102037551266,54.3058081635176],[-1.30990182006166,54.3056137762203],[-1.31026875907577,54.3045907496681],[-1.31447377226984,54.3047351857159],[-1.3219755277735,54.3036622757351],[-1.32740401324647,54.3037212831604],[-1.32902192155361,54.3039968046497],[-1.33005990645212,54.3045423828025],[-1.33122419745037,54.3060482351665],[-1.33080097382838,54.3071778415752],[-1.3311216300391,54.3080490500872],[-1.33003630641636,54.309965808105],[-1.33374322479434,54.3110442871101],[-1.33598783727903,54.3111875204823],[-1.33725770078691,54.3136811591848],[-1.33646906350209,54.3147215978512],[-1.33319468140272,54.3164917619897],[-1.3324127463264,54.3187137333554],[-1.33771509543512,54.3196677727977],[-1.33856120534839,54.3203832249019],[-1.33859065485807,54.3212847850729],[-1.33906583589218,54.3203725056474],[-1.34199482898926,54.3199621572145],[-1.34240055408373,54.3202480296495],[-1.34407667887869,54.3200422923432],[-1.34425931976157,54.3204218611686],[-1.34924382356219,54.3201495724355],[-1.34925512310273,54.3208762943155],[-1.35120161838648,54.3208839941325],[-1.35507882483921,54.320785394646],[-1.35580194066352,54.3210260923629],[-1.35522285576927,54.3215152115089],[-1.35537334695093,54.3223213386857],[-1.35578940157773,54.3256835595656],[-1.35738994581099,54.3257669451032],[-1.35748754767504,54.3267280873112],[-1.35797203191186,54.3270289293087],[-1.35682089802156,54.3274907170902],[-1.35730443951622,54.3281518711897],[-1.35784252635773,54.3279977569822],[-1.35801270603589,54.3284642920394],[-1.36588024276183,54.3288142001047],[-1.37556775416086,54.3285169603822],[-1.3795396259067,54.3275648522615],[-1.38374135281379,54.3270075239691],[-1.38467383460469,54.3290209035707],[-1.38678535676022,54.3305451304576],[-1.38995494209903,54.3301191314119],[-1.38857579786872,54.3333348890896],[-1.38995143777723,54.3366969362838],[-1.39035330828753,54.3392717939785],[-1.39200880080706,54.3421951771319],[-1.38893315785439,54.3427353209631],[-1.38167820868128,54.3479258569252],[-1.38515205806867,54.3487378859637],[-1.38647911487147,54.351087213879],[-1.38660555283786,54.3522839921549],[-1.38906483269871,54.3546196489091],[-1.39034204891147,54.3573413508053],[-1.3939055351354,54.3579715203217],[-1.3947440997869,54.361223442056],[-1.39516855668658,54.3599519466669],[-1.39838917162226,54.3587191088512],[-1.39781936048096,54.3561742718638],[-1.39589851105578,54.3526026384445],[-1.39876136308929,54.3515638093466],[-1.39841181624892,54.3507789681806],[-1.39589102750461,54.3494051156992],[-1.39400812794849,54.347555560076],[-1.39335669939877,54.3473601912638],[-1.39261300659927,54.3453360556753],[-1.4000066751882,54.3459824327674],[-1.40176095441588,54.3464008407726],[-1.40426351892945,54.3477944764141],[-1.40722611089991,54.3487914311116],[-1.40824810529081,54.3498601373252],[-1.41065190760935,54.3495339181596],[-1.41114074197162,54.3491171317396],[-1.4108907502968,54.3484642328987],[-1.41583677026226,54.3507333477851],[-1.4247180630688,54.3539823900829],[-1.42535359778392,54.3537571242141],[-1.42720991200151,54.3525295424763],[-1.4280906223511,54.3526481611087],[-1.42942130018924,54.3522065188385],[-1.43028034169742,54.3500600959251],[-1.43212838307872,54.3489049750883],[-1.43159900176813,54.3516381531286],[-1.43092687690862,54.3533951616318],[-1.4346609718667,54.3537438726901],[-1.43647655993508,54.3539239020323],[-1.43697754513927,54.3536080401021],[-1.43707160053402,54.3516559036203],[-1.44095729834922,54.3517546713113],[-1.44467513714526,54.3507633459015],[-1.44600238736177,54.3534581662745],[-1.44508340686172,54.3569006107168],[-1.44660731641781,54.3578953498349],[-1.44924530648377,54.3615668800371],[-1.44890837627433,54.3683951378784],[-1.44711769730976,54.3739793963533],[-1.4466016522184,54.3821320493099],[-1.44702585954357,54.382073705882],[-1.44547034524298,54.3847519864751],[-1.44682180501116,54.3858031289246],[-1.44682020837247,54.3866283589187],[-1.44178611449056,54.388929463946],[-1.44026809943081,54.3899385560495],[-1.43831070807547,54.3897067608636],[-1.43607020653057,54.3906736506511],[-1.43537344633208,54.3925352593282],[-1.43382185322775,54.3942849875804],[-1.43360062112833,54.3957070040171],[-1.43495183780679,54.3962508978731],[-1.43412830558871,54.3978647131728],[-1.43369160603315,54.3986086006518],[-1.43671281979418,54.4001297515826],[-1.43572085494331,54.4007368333726],[-1.43893857270299,54.4039439154909],[-1.43942772763803,54.405600664044],[-1.43990877710398,54.4056966844015],[-1.44000454292791,54.4061251585987],[-1.4407365273816,54.4061088846202],[-1.44189861317988,54.4067175186433],[-1.44971880510814,54.4062074947624],[-1.45143926768571,54.4056945486949],[-1.45585937474239,54.4051345756439],[-1.45690207962209,54.4026916845368],[-1.46224342797454,54.4008363369663],[-1.4652881352674,54.4004407363632],[-1.47024324306975,54.4039158644865],[-1.47097853601577,54.404986018787],[-1.47332672146162,54.4058607285496],[-1.4773824112293,54.4052000869385],[-1.48481856470492,54.4050635079106],[-1.48721033794053,54.4054008633255],[-1.48816549209365,54.4052067278145],[-1.48809561046373,54.4062656709454],[-1.48931605501729,54.4060139007604],[-1.49116674982743,54.4076780385802],[-1.49254273967997,54.4076752167511],[-1.49639363566689,54.3978988003357],[-1.4984464773365,54.3987901546501],[-1.49897569643419,54.39862608353],[-1.4987715464989,54.3974140434444],[-1.5010251324182,54.3964976865093],[-1.50244965758409,54.3963906613553],[-1.50482926675989,54.3967902454815],[-1.50922567920639,54.4042180266137],[-1.51755224459281,54.4013169850091],[-1.52352411930038,54.399607822785],[-1.53715334678009,54.3962711453265],[-1.5434400129898,54.3943375944516],[-1.54659177214745,54.3967568426832],[-1.54939563149782,54.3967407152237],[-1.55086396689317,54.3979504793633],[-1.55193433093771,54.3979984307202],[-1.55402070223111,54.3971850315936],[-1.55552089507556,54.3983095178715],[-1.55675361809338,54.3987354282618],[-1.55706768401987,54.3996987683291],[-1.55663398060134,54.4006399847051],[-1.55715420387049,54.401861335242],[-1.55811602039324,54.4020762507027],[-1.55904359332029,54.4017261206658],[-1.55984024076202,54.4008710281047],[-1.56091298331229,54.4008211458054],[-1.56360586407242,54.4021029876322],[-1.56416111156406,54.4033117897573],[-1.56523594150138,54.4038245521772],[-1.56920156403137,54.4040794393634],[-1.56994607811166,54.40426854871],[-1.57135004883586,54.4055471771154],[-1.57408903977288,54.4096277362268],[-1.57455104751538,54.4115115937246],[-1.57646182856407,54.41331607643],[-1.57410616868959,54.4141643155082],[-1.57476158108321,54.4148111662356],[-1.57287268565099,54.4154982368346],[-1.57461327693977,54.4185053404566],[-1.5734344515898,54.4188119222595],[-1.5719918534087,54.4185608071948],[-1.56734276718095,54.4202554744627],[-1.56477399096409,54.4206627497019],[-1.56351039688652,54.4216945238931],[-1.56170020079091,54.4222221446278],[-1.56078571010432,54.4231593881052],[-1.55837108821901,54.4243023456893],[-1.5506451953283,54.4215289609956],[-1.54876516222469,54.4222085849037],[-1.54656488412326,54.423718328412],[-1.54405864078165,54.4242149259467],[-1.54460118649886,54.4254212992142],[-1.54298513441842,54.4257791812422],[-1.54426493378802,54.426513372175],[-1.54746642877818,54.4272249699946],[-1.5484164613373,54.4281209981477],[-1.55007836452668,54.4281210610459],[-1.5513620311451,54.429411044525],[-1.55129586287013,54.4302569272375],[-1.54979074250232,54.4324795593654],[-1.550629635534,54.4335187151672],[-1.54975947316254,54.4345887861305],[-1.55080139378345,54.4375949835085],[-1.54658960620639,54.4421761452263],[-1.54615911096258,54.4445340252369],[-1.53356199988423,54.4464561179934],[-1.53008972733705,54.4479499748677],[-1.52763885104542,54.4496139850401],[-1.52455761572087,54.449842871382],[-1.52285789126968,54.4506256357946],[-1.52016502246401,54.4499044468032],[-1.51485164708806,54.4521508008939],[-1.51321811209665,54.4509848983635],[-1.51043734510963,54.4503319452986],[-1.50835748281501,54.4481402160518],[-1.50625008554091,54.4474573251402],[-1.50487052594798,54.4473496198304],[-1.49904868583232,54.4480295660022],[-1.49435333031136,54.4476426822967],[-1.4861834530585,54.4476116296471],[-1.48275674822813,54.4478629766448],[-1.48502601132213,54.4492903664866],[-1.48491807020075,54.4505194420318],[-1.48636001186473,54.4533750328353],[-1.48391724418665,54.4521151480804],[-1.47983711424484,54.4514174672527],[-1.47707104403547,54.4524483156168],[-1.4756262319879,54.4538740921613],[-1.47205305998483,54.4555996086313],[-1.47072664574741,54.4545646961355],[-1.46222286219045,54.45121291744],[-1.46052703499634,54.4511649221777],[-1.45821130772947,54.4516721697786],[-1.45535224195039,54.4529489605172],[-1.45477691911982,54.4541020587303],[-1.45571862429808,54.4558561254715],[-1.45748427262713,54.457163928394],[-1.46096542150764,54.4587440857638],[-1.4619223519213,54.4595841428896],[-1.4627914548002,54.4613921567413],[-1.4619695633859,54.4628972038846],[-1.45478261453572,54.4650716171912],[-1.45342196961402,54.4659800020165],[-1.45348495719618,54.4664694290093],[-1.45452719799392,54.4672040541958],[-1.45871481613843,54.4684647644926],[-1.45971067598657,54.4690730404185],[-1.46019186584225,54.4713093202144],[-1.46342349717007,54.4730410637288],[-1.46379873922096,54.4735510627828],[-1.4625877590416,54.4758828922069],[-1.46137358704351,54.4784062224397],[-1.45758468770567,54.4814830972275],[-1.45811389264068,54.4823139690197],[-1.46134387426872,54.4847071523714],[-1.46182773194928,54.4859514897886],[-1.46125154547491,54.4876230383982],[-1.45840870751177,54.4912532249157],[-1.45838181002295,54.4925216751875],[-1.45919242634187,54.4942679565114],[-1.46054781199907,54.4955762760368],[-1.46326048209307,54.496480309642],[-1.46706603285557,54.4965389575056],[-1.47139015778586,54.495968430585],[-1.47320525488395,54.4960805401797],[-1.47480619811028,54.497014853288],[-1.47558416531332,54.4982064757805],[-1.47519032975138,54.4999120291254],[-1.4741898128586,54.5009836083208],[-1.47283907625754,54.5015557094228],[-1.46736715123566,54.5025178454846],[-1.46211355874815,54.5042448030443],[-1.45998411688337,54.5042696004733],[-1.45815778034792,54.5037940688176],[-1.45650432466728,54.502809917146],[-1.45459021058653,54.5001854900779],[-1.45184967904053,54.4973183234706]]]},"properties":{"FID":5523,"MSOA21CD":"E02005752","MSOA21NM":"Hambleton 003","MSOA21NMW":" ","BNG_E":438576,"BNG_N":503096,"LAT":54.42186,"LONG":-1.407,"GlobalID":"1e7e077a-c4ea-4bce-9b0c-facc5b944b4f","GROUP":"A1 Corridor"}},{"type":"Feature","id":5524,"geometry":{"type":"Polygon","coordinates":[[[-1.49116674982743,54.4076780385802],[-1.48931605501729,54.4060139007604],[-1.48809561046373,54.4062656709454],[-1.48816549209365,54.4052067278145],[-1.48721033794053,54.4054008633255],[-1.48481856470492,54.4050635079106],[-1.4773824112293,54.4052000869385],[-1.47332672146162,54.4058607285496],[-1.47097853601577,54.404986018787],[-1.47024324306975,54.4039158644865],[-1.4652881352674,54.4004407363632],[-1.46224342797454,54.4008363369663],[-1.45690207962209,54.4026916845368],[-1.45585937474239,54.4051345756439],[-1.45143926768571,54.4056945486949],[-1.44971880510814,54.4062074947624],[-1.44189861317988,54.4067175186433],[-1.4407365273816,54.4061088846202],[-1.44000454292791,54.4061251585987],[-1.43990877710398,54.4056966844015],[-1.43942772763803,54.405600664044],[-1.43893857270299,54.4039439154909],[-1.43572085494331,54.4007368333726],[-1.43671281979418,54.4001297515826],[-1.43369160603315,54.3986086006518],[-1.43412830558871,54.3978647131728],[-1.43495183780679,54.3962508978731],[-1.43360062112833,54.3957070040171],[-1.43382185322775,54.3942849875804],[-1.43537344633208,54.3925352593282],[-1.43607020653057,54.3906736506511],[-1.43831070807547,54.3897067608636],[-1.44026809943081,54.3899385560495],[-1.44178611449056,54.388929463946],[-1.44682020837247,54.3866283589187],[-1.44682180501116,54.3858031289246],[-1.44547034524298,54.3847519864751],[-1.44702585954357,54.382073705882],[-1.45639556964543,54.3794517174971],[-1.45645711783443,54.378615630788],[-1.46058162758427,54.3778145266127],[-1.46083613661502,54.3764797388886],[-1.46036872673899,54.3741967686778],[-1.46093542761634,54.3734058372652],[-1.46031585139893,54.369770075277],[-1.45559210053419,54.3701328380076],[-1.4551596614701,54.3690817344491],[-1.45993102239688,54.3683869742017],[-1.4589908098281,54.3662530864267],[-1.46883274746638,54.3647105521241],[-1.46859992452689,54.3626992170467],[-1.46906918978194,54.3609153595156],[-1.46938132615866,54.3603157227443],[-1.47045183439398,54.3598698253954],[-1.47008616289565,54.3576330426737],[-1.46724544991063,54.3562792112276],[-1.46597057260151,54.3545853901448],[-1.46644537948438,54.3540465766636],[-1.46484664632499,54.351937901837],[-1.46625263713776,54.3497706231152],[-1.46598899457413,54.3486351100889],[-1.46704389012774,54.3469883682246],[-1.46898783571395,54.3462155963527],[-1.46889840465276,54.3445730674563],[-1.46956685059316,54.3426267462943],[-1.46803398129807,54.3406337052202],[-1.4683622114811,54.3389271932529],[-1.46910154980066,54.338728333934],[-1.46965227241107,54.3379870581968],[-1.46919363829434,54.3362064343513],[-1.4687563877573,54.3356736817456],[-1.46702541343357,54.3352518020401],[-1.46624307491864,54.334666182558],[-1.45945295044909,54.3368742085504],[-1.45672979864121,54.3367706501674],[-1.45287912204168,54.3359791613186],[-1.45126431040859,54.3363243443596],[-1.45043639781253,54.3360801618177],[-1.44984007797337,54.3358807698701],[-1.4498893104076,54.3355737476764],[-1.45083315287855,54.3349931904691],[-1.44965269064312,54.3347895670521],[-1.45026903177161,54.3335458853792],[-1.4481509709457,54.3328451784879],[-1.44805953360683,54.3322778230313],[-1.44777611545244,54.3324986022062],[-1.44724615001125,54.332511806671],[-1.4476750661357,54.3318760253995],[-1.44741451017705,54.3301395411617],[-1.44699864765252,54.3296038858076],[-1.44627324513694,54.3295587093209],[-1.44659435158731,54.3291180804167],[-1.44591997693049,54.3291187908507],[-1.44552353502903,54.3287432106357],[-1.4431936564765,54.330476017309],[-1.44290323875867,54.3302187219937],[-1.44241632319108,54.330332266819],[-1.44135449298151,54.3293405096242],[-1.44075072727813,54.3291992049439],[-1.43956952491181,54.3294793806609],[-1.43863977370305,54.3279395383109],[-1.4383712495371,54.3274906334061],[-1.43627774689557,54.3239736960714],[-1.43475149896941,54.3214034688568],[-1.43313587458733,54.3218090059896],[-1.43193089477754,54.3272285967378],[-1.43157383819976,54.3279507727411],[-1.4304178163083,54.3283215936361],[-1.43055168131305,54.3285778457076],[-1.4310760065637,54.3288195215396],[-1.43231682550156,54.3286185017398],[-1.432736651143,54.329036177087],[-1.4335057210404,54.3291118147399],[-1.43350231878026,54.3295934632592],[-1.42905960723345,54.3294572814482],[-1.42873679759285,54.3298286960664],[-1.43150608179282,54.3316528265096],[-1.43134545215603,54.331939345636],[-1.43013600301221,54.3320216641802],[-1.43082449303012,54.3325688520175],[-1.42956849430407,54.332736637876],[-1.42968409880369,54.3329421007156],[-1.42908479670952,54.3330354221699],[-1.42986694921855,54.3352213077024],[-1.42975708198129,54.3364692539436],[-1.42783112868591,54.3358803811701],[-1.42723116530353,54.3359609595259],[-1.42546278196361,54.3340597376731],[-1.4233190054258,54.3325871424692],[-1.42277657276237,54.3325146483486],[-1.42033222887724,54.3320693618637],[-1.41701167922051,54.3310683494031],[-1.41354522605819,54.3310284333561],[-1.41115680450239,54.3300829316543],[-1.4012328238644,54.3266262128286],[-1.39617379736125,54.3265187380359],[-1.39059198487675,54.3272588937224],[-1.39054107544903,54.326871354141],[-1.39261590158007,54.3250977166046],[-1.39450089317296,54.3247956425762],[-1.39622208313934,54.325087499803],[-1.39892619964531,54.3239663592404],[-1.40237443383391,54.3237054354435],[-1.40559216496133,54.3217643542604],[-1.4088445684747,54.3207841075509],[-1.40669707938854,54.3195625883967],[-1.40438165822491,54.3170493877288],[-1.40400174507601,54.3160109399167],[-1.40778013087721,54.3145209261723],[-1.40329669524155,54.3092529310416],[-1.40252870201109,54.3075926872546],[-1.40449022254264,54.3086213012261],[-1.40859443570168,54.3117990737032],[-1.41347397685386,54.3143435019992],[-1.41733447026617,54.3174501295467],[-1.41815209601588,54.3173481919544],[-1.41891631656533,54.3182439608165],[-1.42246957828943,54.3171621982621],[-1.42531228511352,54.3157215373357],[-1.42952908614296,54.3152123765958],[-1.42614650288949,54.3113177947227],[-1.42305404369422,54.3064800117845],[-1.42100708683165,54.3024502143373],[-1.42209932392776,54.3022479743566],[-1.42640638250886,54.301803782874],[-1.43366095219634,54.3019407905586],[-1.44182773261754,54.3012800290831],[-1.44490131191506,54.3003297335473],[-1.44653585102369,54.2994675053971],[-1.44773344973674,54.3010161916657],[-1.44887237941238,54.301385013335],[-1.44821284215782,54.3013643986855],[-1.44853321163878,54.3018094079903],[-1.4477561983715,54.3018423760855],[-1.4483665676052,54.3020792895075],[-1.44790012204021,54.3028096293766],[-1.44842031459583,54.3034484084619],[-1.45487631004765,54.3025902029064],[-1.4558772143223,54.3037473167142],[-1.45894023782185,54.3029602971618],[-1.46328005392765,54.3055905033072],[-1.46665924253941,54.3045772646343],[-1.47286014262666,54.3033706894434],[-1.48016083578912,54.3010198414717],[-1.49047862503852,54.2991287173014],[-1.48698079069468,54.2952053005302],[-1.48681873700057,54.2942581469969],[-1.48718957092583,54.2938572539198],[-1.4888664068606,54.2934539363982],[-1.48968710143933,54.2936812860798],[-1.49273786749273,54.2918557310869],[-1.49273090171045,54.2915169815394],[-1.49608012322674,54.2908830830095],[-1.49708845308305,54.2901994795021],[-1.49745113436924,54.2893118073519],[-1.4956459703691,54.2876688872858],[-1.49599810767247,54.2872940148472],[-1.49683182563874,54.287302826679],[-1.49892918886356,54.2878912170977],[-1.50159521225375,54.2918863966175],[-1.50336692033048,54.2932022290479],[-1.5045865859744,54.2939343149755],[-1.50717613595348,54.29463496499],[-1.50957913370159,54.299813257143],[-1.5121479702882,54.3014983265729],[-1.51238071389074,54.3022379656858],[-1.5104096945617,54.3025452908457],[-1.50883870248871,54.305345570708],[-1.51151000364198,54.3050491166211],[-1.51224144651524,54.3043923793845],[-1.51331862710331,54.3041532040881],[-1.51829504869421,54.3051145801107],[-1.52638904356867,54.3050390902899],[-1.52651346315585,54.305450385591],[-1.52902888488797,54.3064006971696],[-1.53020071998981,54.3067679308324],[-1.5316652625409,54.3066629650763],[-1.53180649663858,54.3077189487839],[-1.53548797247014,54.3080887198317],[-1.53876656184744,54.3072591452895],[-1.53899902708384,54.3062184905781],[-1.54123067052709,54.3044747520367],[-1.54272670554437,54.3046230636822],[-1.54300126212785,54.3041135454024],[-1.54744289374281,54.3030283468109],[-1.55072833974475,54.3018468045633],[-1.55242187852868,54.3006654005379],[-1.55465597006417,54.3006459692781],[-1.5569472481543,54.2999914620984],[-1.56053992374666,54.2972011902722],[-1.56241293457513,54.297901399872],[-1.56715852032824,54.3006171366152],[-1.57027435311038,54.3038136760672],[-1.57163156858639,54.3076462121072],[-1.57120175670162,54.3125446946846],[-1.5714735435994,54.3144953189241],[-1.57235289134384,54.3165062309741],[-1.573966589628,54.3185779098696],[-1.58105080108219,54.3254011821871],[-1.57778490287668,54.3262714134587],[-1.58019112560002,54.329561994532],[-1.58455563275204,54.3287053992138],[-1.60018102948469,54.3430584895032],[-1.60861827148591,54.3508398886349],[-1.61523397809651,54.3570669435157],[-1.61228531126624,54.3584377633156],[-1.61310998893271,54.3599198413579],[-1.61274572771298,54.3601908787285],[-1.6104605239794,54.3610195808907],[-1.60622345550434,54.3637789476711],[-1.60391008291055,54.3643557294378],[-1.60205713266045,54.3648325389572],[-1.59777957937323,54.364463868263],[-1.59606072912002,54.3623381087945],[-1.59439503455992,54.3625159365662],[-1.59403746545018,54.3628706912899],[-1.59277988876579,54.3626382900224],[-1.59145298748304,54.3630253909216],[-1.58934825728373,54.3615895685577],[-1.58868277197821,54.3617942414033],[-1.58847580465758,54.3626310320856],[-1.58719474336868,54.3626221739184],[-1.5859202520507,54.3630085075503],[-1.58432251917293,54.3644114311474],[-1.58619863536647,54.3651728011806],[-1.58694582295384,54.3666312720988],[-1.58631841170992,54.3680928996981],[-1.58694049464608,54.3685533783603],[-1.58521595848829,54.3709302241554],[-1.58542089399435,54.3719553745652],[-1.58502597565223,54.3717265922616],[-1.58238575181656,54.3730939410791],[-1.58379904292493,54.375090548172],[-1.58196909767086,54.3747418564019],[-1.58386476385215,54.3752119701393],[-1.58404261548002,54.3755039846838],[-1.58255197429236,54.3761449257391],[-1.5819133201966,54.3756378239148],[-1.57966634977647,54.3759801764109],[-1.57944275359932,54.3770529649897],[-1.57812980808607,54.377060760153],[-1.57826579258148,54.3775210648],[-1.57641494526861,54.3797079368218],[-1.57612135314817,54.381028284404],[-1.57487128209746,54.3811127718941],[-1.57515095901337,54.3849249347703],[-1.57349160834662,54.3866775754557],[-1.57446081459131,54.388584279819],[-1.57368762363565,54.3892693512747],[-1.57424521144866,54.3903084814129],[-1.57363764203534,54.3903883316812],[-1.57287717845309,54.3937771848025],[-1.57189440473785,54.3957725046212],[-1.56776520311469,54.3970253006617],[-1.56577534329925,54.3980412996604],[-1.56517370661286,54.3979933680505],[-1.56162664968434,54.4006357040657],[-1.56091298331229,54.4008211458054],[-1.55984024076202,54.4008710281047],[-1.55904359332029,54.4017261206658],[-1.55811602039324,54.4020762507027],[-1.55715420387049,54.401861335242],[-1.55663398060134,54.4006399847051],[-1.55706768401987,54.3996987683291],[-1.55675361809338,54.3987354282618],[-1.55552089507556,54.3983095178715],[-1.55402070223111,54.3971850315936],[-1.55193433093771,54.3979984307202],[-1.55086396689317,54.3979504793633],[-1.54939563149782,54.3967407152237],[-1.54659177214745,54.3967568426832],[-1.5434400129898,54.3943375944516],[-1.53715334678009,54.3962711453265],[-1.52352411930038,54.399607822785],[-1.51755224459281,54.4013169850091],[-1.50922567920639,54.4042180266137],[-1.50482926675989,54.3967902454815],[-1.50244965758409,54.3963906613553],[-1.5010251324182,54.3964976865093],[-1.4987715464989,54.3974140434444],[-1.49897569643419,54.39862608353],[-1.4984464773365,54.3987901546501],[-1.49639363566689,54.3978988003357],[-1.49254273967997,54.4076752167511],[-1.49116674982743,54.4076780385802]]]},"properties":{"FID":5524,"MSOA21CD":"E02005754","MSOA21NM":"Hambleton 005","MSOA21NMW":" ","BNG_E":432420,"BNG_N":494476,"LAT":54.34482,"LONG":-1.50281,"GlobalID":"b464ecc5-c80c-48d6-9858-daed9b92e162","GROUP":"A1 Corridor"}},{"type":"Feature","id":5525,"geometry":{"type":"Polygon","coordinates":[[[-1.60861827148591,54.3508398886349],[-1.60018102948469,54.3430584895032],[-1.58455563275204,54.3287053992138],[-1.58019112560002,54.329561994532],[-1.57778490287668,54.3262714134587],[-1.58105080108219,54.3254011821871],[-1.573966589628,54.3185779098696],[-1.57235289134384,54.3165062309741],[-1.5714735435994,54.3144953189241],[-1.57120175670162,54.3125446946846],[-1.57163156858639,54.3076462121072],[-1.57027435311038,54.3038136760672],[-1.56715852032824,54.3006171366152],[-1.56241293457513,54.297901399872],[-1.56053992374666,54.2972011902722],[-1.56263207984399,54.2960976648512],[-1.56292912863217,54.2953867778744],[-1.5629020219114,54.2941368841107],[-1.56066693865569,54.2897244685064],[-1.5611380710471,54.2893447340143],[-1.56127805725167,54.2883687573431],[-1.56031384326554,54.2865480971015],[-1.56268152686077,54.2847581571798],[-1.56233635815207,54.2838553663764],[-1.56296664931773,54.2827617663176],[-1.5626820026381,54.2822178416152],[-1.56316747748995,54.2805176315585],[-1.56245160001597,54.2794986419879],[-1.56193562519782,54.2761506883178],[-1.56013889254768,54.2742531804712],[-1.55839813896036,54.2733292817911],[-1.55913127448085,54.2723936327155],[-1.5582533546128,54.2713838493158],[-1.55827143889023,54.2707258930028],[-1.55788739151668,54.2671054039262],[-1.55645339561438,54.2666895363481],[-1.55627273861597,54.2648536615506],[-1.55355144716406,54.2625897758344],[-1.55126586747098,54.2591227851092],[-1.55098076627453,54.2580566895574],[-1.5552389807769,54.2568293964616],[-1.55836242068899,54.2550568766113],[-1.56155012911813,54.2493626217643],[-1.56251370508865,54.2488114901849],[-1.56417223714841,54.248528207874],[-1.56199649136733,54.2460201907225],[-1.55499557746198,54.2454680262279],[-1.55213568595907,54.244432624157],[-1.55174817494607,54.24306259389],[-1.55307570566086,54.238779728243],[-1.55352334954605,54.2385272043046],[-1.5572705428058,54.2383817531586],[-1.56159596252736,54.2377746122413],[-1.56175326454358,54.2381032008354],[-1.56478328948286,54.2379784961256],[-1.56512526357552,54.237693823509],[-1.56661319836489,54.2375877259147],[-1.56666821461627,54.237919554094],[-1.56715871862648,54.2379364823069],[-1.56925209228387,54.2375818047297],[-1.56767706085751,54.234892751998],[-1.56960544195805,54.23519424665],[-1.57109072123081,54.2349139192369],[-1.57153312721839,54.2351176394221],[-1.57248452147398,54.2339294013526],[-1.57278236056356,54.2325147986676],[-1.57865158106293,54.2348158078857],[-1.57903480867627,54.2341211908777],[-1.58097400757864,54.2347320003497],[-1.57844063224339,54.2384963057938],[-1.57770782220084,54.238349618904],[-1.57718644431372,54.2401770407323],[-1.5811623477715,54.2403946774198],[-1.5842233379435,54.2411626918771],[-1.5854654126051,54.2397146857415],[-1.58704492320819,54.2391772073646],[-1.58910207710132,54.239980429055],[-1.59077435963962,54.239705816501],[-1.59220278951532,54.2408989163605],[-1.59385736946976,54.2404486707342],[-1.5951331104344,54.2404678429369],[-1.59706482971116,54.2413256147295],[-1.60199678391793,54.239348696976],[-1.60852801749039,54.2377486641285],[-1.61266820415459,54.2362072009903],[-1.61799451622541,54.2314563772659],[-1.62548987605367,54.2304302992735],[-1.63089154094879,54.2300470126903],[-1.63463814646575,54.2292366799015],[-1.64095784878819,54.2331409029242],[-1.64330262755274,54.2341412271658],[-1.64680512124067,54.2368538983672],[-1.64759899995034,54.2378561719047],[-1.64556623225537,54.2385320168819],[-1.63637519582352,54.2394574959028],[-1.63822905580494,54.243508178572],[-1.64350318223272,54.2461451958972],[-1.64441416494474,54.2465582138884],[-1.64862898813841,54.2502119681087],[-1.65582796418138,54.2499166216828],[-1.66039793735368,54.2479526081358],[-1.66421054397457,54.2473144670177],[-1.66542862654944,54.2507629360061],[-1.66533579714025,54.2517949532685],[-1.66764820341315,54.2522551954841],[-1.67098152712753,54.2514810167285],[-1.67231374342218,54.2508232374155],[-1.67197743560724,54.2499412839031],[-1.66952276368571,54.2485238287508],[-1.67009689144763,54.2476382685719],[-1.67156260294641,54.2471214862277],[-1.67417368760586,54.2468007021692],[-1.67596745040229,54.2476456941416],[-1.67784267966827,54.2510201017746],[-1.67800428827141,54.2531794372179],[-1.67946636399872,54.2573702683067],[-1.68417119831775,54.259619928615],[-1.68459900002078,54.2602683170532],[-1.6844693880531,54.2616013794276],[-1.68463037629039,54.2630073534248],[-1.68693482607943,54.2643740691084],[-1.69120056384729,54.2680476499424],[-1.6907744739147,54.2692325824906],[-1.69475358591858,54.2736680689002],[-1.69616336801388,54.2745755845391],[-1.69782460180587,54.2744809800264],[-1.69981780567789,54.2754385940672],[-1.70465167641845,54.2768685275464],[-1.70355945765478,54.277727216555],[-1.70273929227933,54.2773169301136],[-1.70166325460525,54.2787288416571],[-1.7038242905669,54.2817572351105],[-1.70462646422539,54.2835832178332],[-1.70425628870488,54.2841808880911],[-1.70451547677649,54.284908389899],[-1.70526071327524,54.285542702554],[-1.70066856140411,54.2863214380664],[-1.69663282031097,54.2864147109875],[-1.69536804871315,54.2870521564137],[-1.69392433957238,54.2872813317808],[-1.69147151446582,54.2868125413398],[-1.68748993955827,54.2866503647639],[-1.68432089338227,54.2858240222247],[-1.67975700376931,54.285411386054],[-1.67607632290819,54.2854841671116],[-1.67582259297896,54.2851600455248],[-1.66020891598325,54.2905196187729],[-1.66054201573255,54.2914114131347],[-1.66165248264344,54.2918993686816],[-1.66033723049904,54.2929896728392],[-1.65233551891147,54.2939219323969],[-1.65263332412283,54.2940755712405],[-1.65106233085465,54.2943664126928],[-1.65077042999662,54.2951232065344],[-1.65133721910827,54.29554859859],[-1.6501396824294,54.2966710187188],[-1.64941783219162,54.2966430899456],[-1.64906426676596,54.2974023024941],[-1.65025024527211,54.2975675082543],[-1.64839018957195,54.2978102201858],[-1.64813950337026,54.2982448185411],[-1.64847891005163,54.2983379515515],[-1.64849102036607,54.3004464871573],[-1.64979455649506,54.300403373557],[-1.64983030974824,54.3005967769061],[-1.64702276654847,54.3009309267688],[-1.647740948576,54.30224428298],[-1.64706555922556,54.3025350788086],[-1.64804395670209,54.304599842752],[-1.6476742871287,54.3047102348319],[-1.64791707415022,54.3057489650197],[-1.64958259189598,54.3077840488719],[-1.64693652696435,54.3078137223924],[-1.64443055775531,54.306965519544],[-1.64198850248028,54.3075119005491],[-1.64174517480812,54.3100017421902],[-1.64062830218613,54.3101165879641],[-1.64110009102471,54.3133582306777],[-1.64077822106184,54.3154147775879],[-1.64158520709725,54.3167357551821],[-1.64227319019771,54.3171108053955],[-1.64243240133171,54.3195858003129],[-1.64309722093674,54.3207577878534],[-1.63770912318801,54.3213742963333],[-1.63764963144171,54.3218368594011],[-1.64163218417816,54.3232204385792],[-1.63906305081859,54.3248307711236],[-1.63739780112343,54.3265858630458],[-1.63756662594275,54.3271556575955],[-1.64018694780896,54.3293976392337],[-1.64028513676747,54.3306435000089],[-1.63894697972576,54.3354594336883],[-1.63889856087998,54.3383548565059],[-1.63983445293143,54.3409296564678],[-1.64317332302449,54.3434023187508],[-1.64189880275432,54.3435928641356],[-1.64194635979862,54.3449812678426],[-1.63866945438673,54.3455242348809],[-1.638485075433,54.3452547139846],[-1.63265544071636,54.3466913037674],[-1.63224168153357,54.3462443470719],[-1.62636950871933,54.3467001300192],[-1.6198166889679,54.3478416010656],[-1.61348290934304,54.3492311022943],[-1.60861827148591,54.3508398886349]]]},"properties":{"FID":5525,"MSOA21CD":"E02005755","MSOA21NM":"Hambleton 006","MSOA21NMW":" ","BNG_E":424318,"BNG_N":488152,"LAT":54.28843,"LONG":-1.62795,"GlobalID":"41ab5335-1190-4602-b4be-4f5bc25a6703","GROUP":"A1 Corridor"}},{"type":"Feature","id":5526,"geometry":{"type":"Polygon","coordinates":[[[-1.39054107544903,54.326871354141],[-1.38846880030714,54.3239366039122],[-1.37459402035308,54.3245620632818],[-1.37353777904089,54.3221311785251],[-1.36714491027382,54.3224053725671],[-1.35537334695093,54.3223213386857],[-1.35522285576927,54.3215152115089],[-1.35580194066352,54.3210260923629],[-1.35507882483921,54.320785394646],[-1.35120161838648,54.3208839941325],[-1.35239162819851,54.3185847819723],[-1.35284316795528,54.3158905701988],[-1.3540443011387,54.315171003321],[-1.35443756268434,54.3134416280419],[-1.3539943099754,54.312689121505],[-1.35234328837074,54.3127811158045],[-1.35149813724044,54.3125519091481],[-1.353152092073,54.3119577808623],[-1.3526345362743,54.3111461663709],[-1.3537275712222,54.3108810016601],[-1.35646826115767,54.3112890075053],[-1.35741063519115,54.3084718573389],[-1.36337706834053,54.308216090132],[-1.36313178852264,54.3056082664337],[-1.36207915250599,54.3048612795774],[-1.36194101638735,54.3042229933402],[-1.36275886278151,54.302479575762],[-1.36245689667089,54.3011661195451],[-1.36175871279776,54.3012888109583],[-1.36226510314975,54.3004315210757],[-1.3618049774307,54.3000642611821],[-1.3650179039834,54.2972155373419],[-1.36894954131924,54.2916534746665],[-1.3692970372006,54.2900538617856],[-1.36884725723224,54.2898304874232],[-1.36933553302935,54.2895445999497],[-1.36896535528459,54.2883312818468],[-1.3706790337645,54.2878558223252],[-1.37013608701042,54.2863139076512],[-1.37106723792483,54.2861182675653],[-1.370510194,54.2857356202103],[-1.37130418968902,54.2852107145204],[-1.37097403263156,54.2844331887872],[-1.37192343364781,54.2842151375551],[-1.37140465406451,54.2839890587591],[-1.37241106184231,54.2831445351757],[-1.37226498313724,54.2828688185074],[-1.37359571895448,54.2828262987413],[-1.37394894210931,54.2824261412797],[-1.37458275214599,54.2816422784286],[-1.37452705106488,54.280547381737],[-1.37384444249497,54.2789855178258],[-1.37417908612555,54.2783471409156],[-1.37372163866914,54.2781580490281],[-1.37400825561973,54.2767881263374],[-1.37369950998812,54.2759748637038],[-1.37291211253756,54.2755336344921],[-1.37292315095605,54.2746677711274],[-1.37271397288208,54.273812809983],[-1.37202986406128,54.2739856123569],[-1.37131297094061,54.273545772066],[-1.37083525837701,54.2738704224451],[-1.37004206054417,54.2735837433482],[-1.3682323834367,54.2737697357613],[-1.36720914246271,54.273312241858],[-1.36742723540501,54.272889281952],[-1.36663379835239,54.2728396276627],[-1.36628580969524,54.2725013337195],[-1.36543934658545,54.2725614879311],[-1.36588105889666,54.2723091037156],[-1.36429796746384,54.2715469332839],[-1.36450396675244,54.2707571327714],[-1.36353514133012,54.2708820660264],[-1.36216081249161,54.2694534017909],[-1.35748721378608,54.2668587922971],[-1.35778525405187,54.2657715165335],[-1.3556001622527,54.2648855624934],[-1.3556714281017,54.2643761893617],[-1.35480877245899,54.2642547541903],[-1.35483178389559,54.2647480582227],[-1.3543910990343,54.264853819548],[-1.3535779682721,54.2643264929626],[-1.35278495438629,54.2623312914034],[-1.35299147032732,54.2616874208924],[-1.35370474136,54.2608201700203],[-1.35457942422257,54.2609343802733],[-1.35481039542247,54.2605205162184],[-1.35409283028098,54.2601445289809],[-1.35420751079553,54.2587299298533],[-1.3533474399626,54.2582412374292],[-1.35385366639947,54.2576463164749],[-1.35490221194235,54.257515732302],[-1.35420233371163,54.2571860437792],[-1.35399339610789,54.2560980112451],[-1.35315023322014,54.2550473102871],[-1.35294374342185,54.2541988063535],[-1.35332145767046,54.25370739693],[-1.35405535206248,54.2539107635208],[-1.35748192718335,54.2537922816158],[-1.35922053512692,54.2561308182479],[-1.35895657821254,54.2568448728558],[-1.36029165894322,54.2578619124808],[-1.36021472088877,54.2584636573269],[-1.36448584111791,54.2603153139777],[-1.37234963437266,54.2583535257879],[-1.37427806204786,54.2594636494653],[-1.37809976226006,54.2598486780625],[-1.38090526221988,54.2586063808056],[-1.38289271039021,54.2585410088002],[-1.38398464740429,54.2580823358653],[-1.38470639882636,54.2574504414274],[-1.38560716795693,54.2554219235591],[-1.38669019412401,54.2552648138182],[-1.38805625517204,54.2557865587531],[-1.38981722386085,54.2559752550322],[-1.39360517833803,54.2552295374753],[-1.39481129030686,54.2546916583012],[-1.39557990362437,54.253525092595],[-1.39857041320598,54.2512889916701],[-1.39920912285875,54.2497460708607],[-1.40050905188275,54.2488508471017],[-1.40115662242413,54.2472387533877],[-1.40269764828271,54.2463647647782],[-1.40242738902962,54.2451866430925],[-1.40139400128258,54.2444294004079],[-1.39841990490241,54.2446162648932],[-1.39598640862026,54.2441749673801],[-1.39371911835824,54.2432895637476],[-1.39146675337386,54.244005333678],[-1.39027004131177,54.2429203006177],[-1.38897225593244,54.2433232200146],[-1.38761709929134,54.2412864673432],[-1.38986971276104,54.2402136238214],[-1.38947177226858,54.2384557249331],[-1.38892791671685,54.2365799532301],[-1.38454622306607,54.2325116938279],[-1.38437027135952,54.2319712391383],[-1.38519098682758,54.2317770988542],[-1.38913817948635,54.2313607592151],[-1.39482694440562,54.2302918343721],[-1.39576883836312,54.2308908344886],[-1.39904745906728,54.2292967923372],[-1.40081660197581,54.2274724740631],[-1.40186489028063,54.2270233119361],[-1.40208432803336,54.2262390459238],[-1.40519083547211,54.2246901540387],[-1.40620376650586,54.2238251976701],[-1.41217244648498,54.2227862973339],[-1.41971733463129,54.2192507490551],[-1.42075146850011,54.218765479833],[-1.42380247053103,54.2203062328538],[-1.42583442191363,54.2232544949192],[-1.42648974188804,54.2235586859037],[-1.43852293511852,54.2253391163273],[-1.43861420101218,54.2259615557771],[-1.44290367018133,54.2259992389997],[-1.44352680728378,54.2251797323507],[-1.44508708147598,54.2242423934634],[-1.44544210602515,54.2227136384027],[-1.44659402144447,54.221300608441],[-1.44880714960002,54.2197637789994],[-1.44943193701299,54.2188375599842],[-1.44912213301313,54.217123209159],[-1.44729839987996,54.217107291375],[-1.44515875424084,54.2162762593904],[-1.44368660883266,54.2161338405652],[-1.44884614449024,54.2149169347489],[-1.4492704724523,54.215160981309],[-1.45009032024706,54.2149804850766],[-1.46101218958953,54.2112448184234],[-1.46336577016071,54.2110469993095],[-1.46768200325344,54.2089945121679],[-1.47283061430918,54.2071963186558],[-1.47477710112801,54.2062075613574],[-1.48462770907397,54.2203103657678],[-1.48820320278118,54.2190117255588],[-1.49073691360271,54.2186671552573],[-1.49314059196799,54.2177792762933],[-1.49257989644529,54.2173902776292],[-1.49209984992246,54.2158924325246],[-1.49210723010189,54.2111830892242],[-1.49509827779767,54.2033011105856],[-1.49712409476371,54.2038658990406],[-1.50109436869131,54.2042483318375],[-1.50273477496546,54.202764878978],[-1.50980356809798,54.2015265740678],[-1.51001347891731,54.2003841106992],[-1.51500236932942,54.1996331939996],[-1.51515194892454,54.1998579828546],[-1.51738546381189,54.1996900061811],[-1.51689283968372,54.1990670500407],[-1.52043613640919,54.1976929434955],[-1.52028124613495,54.1968074119531],[-1.52458909774152,54.1955686028508],[-1.52566949721352,54.1959152862006],[-1.52604562373788,54.1959869810305],[-1.52806496748866,54.1948487596198],[-1.53018691541801,54.1955181406298],[-1.53372291818794,54.1955846484517],[-1.53650980535754,54.1950137310019],[-1.53926261382271,54.1954167380281],[-1.53992841045463,54.1946880937639],[-1.54075137739914,54.1945491200158],[-1.54269536574251,54.1950378760183],[-1.54591301587609,54.1926363855736],[-1.55001305971565,54.1915839161498],[-1.55132597392916,54.1918350942995],[-1.55281473581949,54.1914643025273],[-1.55304860739682,54.19109415563],[-1.5551679503847,54.1916659441835],[-1.55715299318305,54.1917661973551],[-1.55832162184415,54.1909981389527],[-1.56043238127291,54.1910786127081],[-1.56156948693522,54.1924209795257],[-1.56177772442765,54.1944267339007],[-1.56566702537423,54.1955580214578],[-1.56649324255444,54.196719593039],[-1.56693439467826,54.1986339713679],[-1.56806031334213,54.1997597127899],[-1.5703540387024,54.2005776038787],[-1.57313854251454,54.2009146700406],[-1.57448175474367,54.2013816978619],[-1.57636638864025,54.2013293408659],[-1.57745008625267,54.2016041936426],[-1.57870892251016,54.2024572948146],[-1.57914633238658,54.20415807482],[-1.58049006214233,54.2047777135171],[-1.58346642079092,54.2046998412775],[-1.59352432251995,54.2022243410692],[-1.59636999408098,54.2017930277526],[-1.59786588677182,54.2011183594464],[-1.59855707035975,54.1998277646253],[-1.59789697351266,54.1979111426918],[-1.59697681389748,54.1971711207368],[-1.59543759033566,54.1967017273691],[-1.59347974609389,54.1965766264732],[-1.58970186321099,54.197218512026],[-1.58886368467241,54.1966376276292],[-1.5928794925061,54.1929738095994],[-1.59443807668391,54.1908069643178],[-1.5963109569069,54.1901355320789],[-1.60175512917648,54.1911942631371],[-1.6074218481968,54.1898180096619],[-1.6103773509607,54.1888825405291],[-1.61255106894613,54.189191454622],[-1.61377700673891,54.188990923416],[-1.61800504170521,54.186512375345],[-1.62220073958854,54.1858456411907],[-1.62413363805672,54.18624543369],[-1.62697444013145,54.188251094911],[-1.63012294335905,54.1894619281309],[-1.63183749523952,54.1898247536943],[-1.63603511973041,54.1893330760604],[-1.64036755750969,54.1906795513167],[-1.64053405393186,54.1929119742979],[-1.63674378583633,54.1934491288803],[-1.63593748641431,54.1939676609782],[-1.63610737726837,54.1945273232123],[-1.6347988614538,54.1957251591233],[-1.63288803540926,54.1961802376903],[-1.63285869368525,54.1967264640756],[-1.63089210002676,54.1979033482242],[-1.63104365353379,54.1996040147209],[-1.62991258911336,54.199982954628],[-1.62979362555791,54.2004945066453],[-1.62973784916083,54.2013784356944],[-1.63034099324891,54.2016403292421],[-1.63046070119988,54.2023493111583],[-1.62818029249421,54.2046612817998],[-1.62805104895443,54.2063769477775],[-1.62461366293454,54.2099411898749],[-1.62484262769169,54.2106593960507],[-1.62379194611334,54.2131650154793],[-1.62438780757056,54.2156220959371],[-1.62283715265967,54.2162483254952],[-1.62198859442488,54.2182321358585],[-1.62102113671724,54.2188578855586],[-1.62309357847481,54.2206040936199],[-1.62490271240249,54.2233185305062],[-1.62589743749377,54.2265462684988],[-1.62548987605367,54.2304302992735],[-1.61799451622541,54.2314563772659],[-1.61266820415459,54.2362072009903],[-1.60852801749039,54.2377486641285],[-1.60199678391793,54.239348696976],[-1.59706482971116,54.2413256147295],[-1.5951331104344,54.2404678429369],[-1.59385736946976,54.2404486707342],[-1.59220278951532,54.2408989163605],[-1.59077435963962,54.239705816501],[-1.58910207710132,54.239980429055],[-1.58704492320819,54.2391772073646],[-1.5854654126051,54.2397146857415],[-1.5842233379435,54.2411626918771],[-1.5811623477715,54.2403946774198],[-1.57718644431372,54.2401770407323],[-1.57770782220084,54.238349618904],[-1.57844063224339,54.2384963057938],[-1.58097400757864,54.2347320003497],[-1.57903480867627,54.2341211908777],[-1.57865158106293,54.2348158078857],[-1.57278236056356,54.2325147986676],[-1.57248452147398,54.2339294013526],[-1.57153312721839,54.2351176394221],[-1.57109072123081,54.2349139192369],[-1.56960544195805,54.23519424665],[-1.56767706085751,54.234892751998],[-1.56925209228387,54.2375818047297],[-1.56715871862648,54.2379364823069],[-1.56666821461627,54.237919554094],[-1.56661319836489,54.2375877259147],[-1.56512526357552,54.237693823509],[-1.56478328948286,54.2379784961256],[-1.56175326454358,54.2381032008354],[-1.56159596252736,54.2377746122413],[-1.5572705428058,54.2383817531586],[-1.55352334954605,54.2385272043046],[-1.55307570566086,54.238779728243],[-1.55174817494607,54.24306259389],[-1.55213568595907,54.244432624157],[-1.55499557746198,54.2454680262279],[-1.56199649136733,54.2460201907225],[-1.56417223714841,54.248528207874],[-1.56251370508865,54.2488114901849],[-1.56155012911813,54.2493626217643],[-1.55836242068899,54.2550568766113],[-1.5552389807769,54.2568293964616],[-1.55098076627453,54.2580566895574],[-1.55126586747098,54.2591227851092],[-1.55355144716406,54.2625897758344],[-1.55627273861597,54.2648536615506],[-1.55645339561438,54.2666895363481],[-1.55788739151668,54.2671054039262],[-1.55827143889023,54.2707258930028],[-1.5582533546128,54.2713838493158],[-1.55913127448085,54.2723936327155],[-1.55839813896036,54.2733292817911],[-1.56013889254768,54.2742531804712],[-1.56193562519782,54.2761506883178],[-1.56245160001597,54.2794986419879],[-1.56316747748995,54.2805176315585],[-1.5626820026381,54.2822178416152],[-1.56296664931773,54.2827617663176],[-1.56233635815207,54.2838553663764],[-1.56268152686077,54.2847581571798],[-1.56031384326554,54.2865480971015],[-1.56127805725167,54.2883687573431],[-1.5611380710471,54.2893447340143],[-1.56066693865569,54.2897244685064],[-1.5629020219114,54.2941368841107],[-1.56292912863217,54.2953867778744],[-1.56263207984399,54.2960976648512],[-1.56053992374666,54.2972011902722],[-1.5569472481543,54.2999914620984],[-1.55465597006417,54.3006459692781],[-1.55242187852868,54.3006654005379],[-1.55072833974475,54.3018468045633],[-1.54744289374281,54.3030283468109],[-1.54300126212785,54.3041135454024],[-1.54272670554437,54.3046230636822],[-1.54123067052709,54.3044747520367],[-1.53899902708384,54.3062184905781],[-1.53876656184744,54.3072591452895],[-1.53548797247014,54.3080887198317],[-1.53180649663858,54.3077189487839],[-1.5316652625409,54.3066629650763],[-1.53020071998981,54.3067679308324],[-1.52902888488797,54.3064006971696],[-1.52651346315585,54.305450385591],[-1.52638904356867,54.3050390902899],[-1.51829504869421,54.3051145801107],[-1.51331862710331,54.3041532040881],[-1.51224144651524,54.3043923793845],[-1.51151000364198,54.3050491166211],[-1.50883870248871,54.305345570708],[-1.5104096945617,54.3025452908457],[-1.51238071389074,54.3022379656858],[-1.5121479702882,54.3014983265729],[-1.50957913370159,54.299813257143],[-1.50717613595348,54.29463496499],[-1.5045865859744,54.2939343149755],[-1.50336692033048,54.2932022290479],[-1.50159521225375,54.2918863966175],[-1.49892918886356,54.2878912170977],[-1.49683182563874,54.287302826679],[-1.49599810767247,54.2872940148472],[-1.4956459703691,54.2876688872858],[-1.49745113436924,54.2893118073519],[-1.49708845308305,54.2901994795021],[-1.49608012322674,54.2908830830095],[-1.49273090171045,54.2915169815394],[-1.49273786749273,54.2918557310869],[-1.48968710143933,54.2936812860798],[-1.4888664068606,54.2934539363982],[-1.48718957092583,54.2938572539198],[-1.48681873700057,54.2942581469969],[-1.48698079069468,54.2952053005302],[-1.49047862503852,54.2991287173014],[-1.48016083578912,54.3010198414717],[-1.47286014262666,54.3033706894434],[-1.46665924253941,54.3045772646343],[-1.46328005392765,54.3055905033072],[-1.45894023782185,54.3029602971618],[-1.4558772143223,54.3037473167142],[-1.45487631004765,54.3025902029064],[-1.44842031459583,54.3034484084619],[-1.44790012204021,54.3028096293766],[-1.4483665676052,54.3020792895075],[-1.4477561983715,54.3018423760855],[-1.44853321163878,54.3018094079903],[-1.44821284215782,54.3013643986855],[-1.44887237941238,54.301385013335],[-1.44773344973674,54.3010161916657],[-1.44653585102369,54.2994675053971],[-1.44490131191506,54.3003297335473],[-1.44182773261754,54.3012800290831],[-1.43366095219634,54.3019407905586],[-1.42640638250886,54.301803782874],[-1.42209932392776,54.3022479743566],[-1.42100708683165,54.3024502143373],[-1.42305404369422,54.3064800117845],[-1.42614650288949,54.3113177947227],[-1.42952908614296,54.3152123765958],[-1.42531228511352,54.3157215373357],[-1.42246957828943,54.3171621982621],[-1.41891631656533,54.3182439608165],[-1.41815209601588,54.3173481919544],[-1.41733447026617,54.3174501295467],[-1.41347397685386,54.3143435019992],[-1.40859443570168,54.3117990737032],[-1.40449022254264,54.3086213012261],[-1.40252870201109,54.3075926872546],[-1.40329669524155,54.3092529310416],[-1.40778013087721,54.3145209261723],[-1.40400174507601,54.3160109399167],[-1.40438165822491,54.3170493877288],[-1.40669707938854,54.3195625883967],[-1.4088445684747,54.3207841075509],[-1.40559216496133,54.3217643542604],[-1.40237443383391,54.3237054354435],[-1.39892619964531,54.3239663592404],[-1.39622208313934,54.325087499803],[-1.39450089317296,54.3247956425762],[-1.39261590158007,54.3250977166046],[-1.39054107544903,54.326871354141]]]},"properties":{"FID":5526,"MSOA21CD":"E02005756","MSOA21NM":"Hambleton 007","MSOA21NMW":" ","BNG_E":434432,"BNG_N":484640,"LAT":54.25629,"LONG":-1.47299,"GlobalID":"028ecf69-fd91-4b53-b319-45599d619ae1","GROUP":"A1 Corridor"}},{"type":"Feature","id":5527,"geometry":{"type":"Polygon","coordinates":[[[-1.33856120534839,54.3203832249019],[-1.33771509543512,54.3196677727977],[-1.3324127463264,54.3187137333554],[-1.33319468140272,54.3164917619897],[-1.33646906350209,54.3147215978512],[-1.33725770078691,54.3136811591848],[-1.33598783727903,54.3111875204823],[-1.33374322479434,54.3110442871101],[-1.33003630641636,54.309965808105],[-1.3311216300391,54.3080490500872],[-1.33080097382838,54.3071778415752],[-1.33122419745037,54.3060482351665],[-1.33005990645212,54.3045423828025],[-1.32902192155361,54.3039968046497],[-1.32740401324647,54.3037212831604],[-1.3219755277735,54.3036622757351],[-1.31447377226984,54.3047351857159],[-1.31026875907577,54.3045907496681],[-1.30990182006166,54.3056137762203],[-1.3102037551266,54.3058081635176],[-1.30950666825555,54.3062548668141],[-1.3099181621369,54.3073225703419],[-1.30671123206171,54.3075595001454],[-1.30468971259661,54.3080744788822],[-1.30025018677777,54.3081465661708],[-1.29611156741502,54.3085687840592],[-1.29343878514561,54.3083325143646],[-1.28830693864124,54.3092041075277],[-1.28808882846716,54.308851120322],[-1.28611602522107,54.3087725021548],[-1.28319570855366,54.3080917299936],[-1.26240728261325,54.301891039597],[-1.2608647353886,54.3019807677377],[-1.25131424458624,54.3025588798686],[-1.24096517408765,54.3046412878679],[-1.2362240578995,54.3014732201653],[-1.23168004769978,54.2994750384697],[-1.22787992900861,54.2963593767599],[-1.21974751784698,54.2865736730597],[-1.21893721778787,54.2831197776306],[-1.21084912613951,54.2654233148601],[-1.20545611106831,54.2513185652109],[-1.21401361922772,54.2492392673347],[-1.21213351950165,54.2454522353448],[-1.2150642514421,54.2415173522669],[-1.20838505254811,54.2363761847319],[-1.2088503392635,54.2362294935846],[-1.20852571062451,54.2359089905326],[-1.21531459704866,54.2350122205821],[-1.2127061595949,54.2343149403715],[-1.21204272296692,54.2344355987461],[-1.21192292193884,54.2340295381021],[-1.21302172319447,54.2332988595482],[-1.2133844787667,54.232200303083],[-1.216782931004,54.2303294330159],[-1.21989500117034,54.2296218890347],[-1.22070584152178,54.2299891499656],[-1.22298281965608,54.2290511761894],[-1.22483587207009,54.2295467154435],[-1.23021352701887,54.2290023045268],[-1.23358699351543,54.227647855269],[-1.23455204152477,54.2276413438705],[-1.23776137607245,54.2287033663761],[-1.23823273917382,54.2290863511894],[-1.23802791834187,54.2296405881811],[-1.23858923034036,54.2294860086127],[-1.23987094311665,54.2299370036059],[-1.24356223543436,54.2299846503465],[-1.24512250634216,54.2304086936198],[-1.24600360792492,54.2299639892365],[-1.2468177377159,54.2287181425925],[-1.2491874187289,54.2283862391624],[-1.24924283925474,54.2303310589799],[-1.25380604478517,54.2340018197585],[-1.25633653388004,54.2339713928557],[-1.25997209020037,54.2334036808463],[-1.26584131605758,54.2319605606772],[-1.26752057779299,54.2312588066149],[-1.26835279624668,54.2304476829114],[-1.26896339420005,54.228555036351],[-1.27093686501657,54.2275514045525],[-1.27219408735942,54.2281035855659],[-1.27609795829705,54.2313684638975],[-1.27734709004242,54.2309647819177],[-1.28016714140497,54.2283848458129],[-1.28075667293779,54.2270368762257],[-1.28901994399137,54.2315967428415],[-1.2918710593862,54.2326260119085],[-1.29460999783027,54.2332096695381],[-1.29979030541713,54.2344780682928],[-1.29844974733994,54.2336822632556],[-1.29597157192952,54.2328730316893],[-1.29390788262709,54.2315661787364],[-1.29324510029796,54.2299968804919],[-1.29479252640369,54.2274497959127],[-1.29603085605995,54.2269599196524],[-1.29794037737771,54.2251609292504],[-1.29946763768268,54.2247034780125],[-1.30051979203018,54.2252073791909],[-1.30297524307307,54.2252148606674],[-1.30446123278509,54.2271506834633],[-1.30554517882131,54.2275433922172],[-1.30672705215354,54.2286126624245],[-1.31124148853178,54.2279628087724],[-1.3117144391268,54.2283786532396],[-1.31324276051458,54.2283693940394],[-1.31539039537874,54.2298423449507],[-1.31678206391467,54.229976009597],[-1.31785723031193,54.2321436368016],[-1.31843338596458,54.2322025184167],[-1.32082256149396,54.2338490875461],[-1.3201832052892,54.234368516256],[-1.32058332156123,54.2348731684499],[-1.32359077752124,54.2349353567837],[-1.32296971776866,54.2350096660633],[-1.32595937133244,54.2351342656748],[-1.32660697460431,54.2364784292218],[-1.32703322742683,54.2363193861339],[-1.32744049956682,54.2369763377685],[-1.32702132212278,54.237151904702],[-1.3273485168736,54.2375960549881],[-1.32779965456999,54.2374895985545],[-1.32849531027356,54.2383593040343],[-1.33002957148535,54.2379940794276],[-1.33143840004595,54.2375286133364],[-1.33163997440175,54.2379744009085],[-1.33211257568668,54.2377677208843],[-1.3340368435083,54.2390202487911],[-1.33470066839546,54.2388518000508],[-1.33570557098284,54.238330400036],[-1.33537338339923,54.2379237227119],[-1.33698748901464,54.2373639220455],[-1.33820667760189,54.2369795177334],[-1.3384674581658,54.2365111114531],[-1.33788899164111,54.2361959743412],[-1.33640200434877,54.2367533501234],[-1.3366299836722,54.2360908216367],[-1.33636628269652,54.2355034453359],[-1.33786802386512,54.235021303741],[-1.33724168898934,54.2344447488071],[-1.33531322478816,54.2342871121978],[-1.33497603617453,54.2345943299318],[-1.33463520921734,54.2341022311506],[-1.33329173793133,54.2343360678093],[-1.33133904618331,54.2337434234084],[-1.33374284240806,54.2335405554841],[-1.33353260271129,54.2332637000925],[-1.33302803399046,54.2326698435599],[-1.33457251677657,54.2320575809498],[-1.33940672285187,54.2319288633952],[-1.3397456909073,54.231069599211],[-1.33800103722217,54.230058780178],[-1.33724424769079,54.2303186277259],[-1.33614122978629,54.2291498119725],[-1.33475560639361,54.2295622372425],[-1.33332902424344,54.2269727920789],[-1.33101955725444,54.2253297427285],[-1.33048320484461,54.2242849335137],[-1.32764763384641,54.2247003064858],[-1.32743715077215,54.2244384969091],[-1.32943251264971,54.2226719388123],[-1.32979146851824,54.2229373970359],[-1.33493015382683,54.2225780212025],[-1.33666946137049,54.2230219935252],[-1.33703280345762,54.223785074525],[-1.33912790329219,54.2235117125059],[-1.34206617074599,54.2267238101937],[-1.34177371625041,54.2273727142114],[-1.34220041506573,54.2276840125868],[-1.3435795721171,54.2271288903434],[-1.3444812367569,54.2275297369999],[-1.34482158838744,54.2274149034733],[-1.34497945219767,54.2276267678402],[-1.34722709906055,54.2271089006483],[-1.34769117005127,54.2258777888916],[-1.34844160384285,54.2257454539143],[-1.34770562513094,54.227073553005],[-1.34822090521373,54.2273164476343],[-1.34940957517677,54.2269991233723],[-1.3498426710514,54.2275903420949],[-1.3502293912061,54.2281366867334],[-1.35103543970219,54.2278868732255],[-1.35125423032194,54.2281719541132],[-1.35201398613696,54.2280202610416],[-1.35375691164207,54.2273747839512],[-1.35481325478057,54.2269749204382],[-1.35484758399086,54.2279114753573],[-1.3571224426551,54.2291472526858],[-1.35787404085423,54.22912771527],[-1.35767747884212,54.2287408435302],[-1.36403419494756,54.2268075670553],[-1.36897038070055,54.2266860535336],[-1.3693964676068,54.2256176577926],[-1.37021104751526,54.225478392903],[-1.37258687821032,54.2252057001018],[-1.37286989649987,54.2249413160998],[-1.3736103028374,54.2242496444486],[-1.37538568515842,54.2240268662894],[-1.3757441255979,54.2196734797938],[-1.37526797942206,54.218068452029],[-1.37307951737583,54.2163637161959],[-1.37405036043825,54.215046018163],[-1.37595198861778,54.214399791352],[-1.37619887253086,54.2139157483465],[-1.37510612786466,54.2121485584094],[-1.3738478408595,54.2115766694878],[-1.37363861575408,54.2102413898428],[-1.37772791072664,54.2100267594094],[-1.38136439479144,54.2110907138179],[-1.38401806351661,54.2114172746308],[-1.38663813149732,54.2097659857752],[-1.38821278461833,54.2093630932958],[-1.38907475617632,54.2097398534582],[-1.39305404306915,54.2090982543024],[-1.39427358967665,54.2094782402148],[-1.39648665704904,54.2094112101442],[-1.40035511633503,54.2070438404693],[-1.40195024656298,54.2080934448994],[-1.40290047793623,54.2072842036252],[-1.40248763580726,54.2066782879688],[-1.40490787612517,54.2056258003008],[-1.40636187592345,54.2056287436251],[-1.40724273427161,54.205977397428],[-1.4098872018963,54.205449984515],[-1.4122065220117,54.2057859690641],[-1.4138262843225,54.2083829403856],[-1.41424051478167,54.2083131819073],[-1.41830395443309,54.2183194974723],[-1.41971733463129,54.2192507490551],[-1.41217244648498,54.2227862973339],[-1.40620376650586,54.2238251976701],[-1.40519083547211,54.2246901540387],[-1.40208432803336,54.2262390459238],[-1.40186489028063,54.2270233119361],[-1.40081660197581,54.2274724740631],[-1.39904745906728,54.2292967923372],[-1.39576883836312,54.2308908344886],[-1.39482694440562,54.2302918343721],[-1.38913817948635,54.2313607592151],[-1.38519098682758,54.2317770988542],[-1.38437027135952,54.2319712391383],[-1.38454622306607,54.2325116938279],[-1.38892791671685,54.2365799532301],[-1.38947177226858,54.2384557249331],[-1.38986971276104,54.2402136238214],[-1.38761709929134,54.2412864673432],[-1.38897225593244,54.2433232200146],[-1.39027004131177,54.2429203006177],[-1.39146675337386,54.244005333678],[-1.39371911835824,54.2432895637476],[-1.39598640862026,54.2441749673801],[-1.39841990490241,54.2446162648932],[-1.40139400128258,54.2444294004079],[-1.40242738902962,54.2451866430925],[-1.40269764828271,54.2463647647782],[-1.40115662242413,54.2472387533877],[-1.40050905188275,54.2488508471017],[-1.39920912285875,54.2497460708607],[-1.39857041320598,54.2512889916701],[-1.39557990362437,54.253525092595],[-1.39481129030686,54.2546916583012],[-1.39360517833803,54.2552295374753],[-1.38981722386085,54.2559752550322],[-1.38805625517204,54.2557865587531],[-1.38669019412401,54.2552648138182],[-1.38560716795693,54.2554219235591],[-1.38470639882636,54.2574504414274],[-1.38398464740429,54.2580823358653],[-1.38289271039021,54.2585410088002],[-1.38090526221988,54.2586063808056],[-1.37809976226006,54.2598486780625],[-1.37427806204786,54.2594636494653],[-1.37234963437266,54.2583535257879],[-1.36448584111791,54.2603153139777],[-1.36021472088877,54.2584636573269],[-1.36029165894322,54.2578619124808],[-1.35895657821254,54.2568448728558],[-1.35922053512692,54.2561308182479],[-1.35748192718335,54.2537922816158],[-1.35405535206248,54.2539107635208],[-1.35332145767046,54.25370739693],[-1.35294374342185,54.2541988063535],[-1.35315023322014,54.2550473102871],[-1.35399339610789,54.2560980112451],[-1.35420233371163,54.2571860437792],[-1.35490221194235,54.257515732302],[-1.35385366639947,54.2576463164749],[-1.3533474399626,54.2582412374292],[-1.35420751079553,54.2587299298533],[-1.35409283028098,54.2601445289809],[-1.35481039542247,54.2605205162184],[-1.35457942422257,54.2609343802733],[-1.35370474136,54.2608201700203],[-1.35299147032732,54.2616874208924],[-1.35278495438629,54.2623312914034],[-1.3535779682721,54.2643264929626],[-1.3543910990343,54.264853819548],[-1.35483178389559,54.2647480582227],[-1.35480877245899,54.2642547541903],[-1.3556714281017,54.2643761893617],[-1.3556001622527,54.2648855624934],[-1.35778525405187,54.2657715165335],[-1.35748721378608,54.2668587922971],[-1.36216081249161,54.2694534017909],[-1.36353514133012,54.2708820660264],[-1.36450396675244,54.2707571327714],[-1.36429796746384,54.2715469332839],[-1.36588105889666,54.2723091037156],[-1.36543934658545,54.2725614879311],[-1.36628580969524,54.2725013337195],[-1.36663379835239,54.2728396276627],[-1.36742723540501,54.272889281952],[-1.36720914246271,54.273312241858],[-1.3682323834367,54.2737697357613],[-1.37004206054417,54.2735837433482],[-1.37083525837701,54.2738704224451],[-1.37131297094061,54.273545772066],[-1.37202986406128,54.2739856123569],[-1.37271397288208,54.273812809983],[-1.37292315095605,54.2746677711274],[-1.37291211253756,54.2755336344921],[-1.37369950998812,54.2759748637038],[-1.37400825561973,54.2767881263374],[-1.37372163866914,54.2781580490281],[-1.37417908612555,54.2783471409156],[-1.37384444249497,54.2789855178258],[-1.37452705106488,54.280547381737],[-1.37458275214599,54.2816422784286],[-1.37394894210931,54.2824261412797],[-1.37359571895448,54.2828262987413],[-1.37226498313724,54.2828688185074],[-1.37241106184231,54.2831445351757],[-1.37140465406451,54.2839890587591],[-1.37192343364781,54.2842151375551],[-1.37097403263156,54.2844331887872],[-1.37130418968902,54.2852107145204],[-1.370510194,54.2857356202103],[-1.37106723792483,54.2861182675653],[-1.37013608701042,54.2863139076512],[-1.3706790337645,54.2878558223252],[-1.36896535528459,54.2883312818468],[-1.36933553302935,54.2895445999497],[-1.36884725723224,54.2898304874232],[-1.3692970372006,54.2900538617856],[-1.36894954131924,54.2916534746665],[-1.3650179039834,54.2972155373419],[-1.3618049774307,54.3000642611821],[-1.36226510314975,54.3004315210757],[-1.36175871279776,54.3012888109583],[-1.36245689667089,54.3011661195451],[-1.36275886278151,54.302479575762],[-1.36194101638735,54.3042229933402],[-1.36207915250599,54.3048612795774],[-1.36313178852264,54.3056082664337],[-1.36337706834053,54.308216090132],[-1.35741063519115,54.3084718573389],[-1.35646826115767,54.3112890075053],[-1.3537275712222,54.3108810016601],[-1.3526345362743,54.3111461663709],[-1.353152092073,54.3119577808623],[-1.35149813724044,54.3125519091481],[-1.35234328837074,54.3127811158045],[-1.3539943099754,54.312689121505],[-1.35443756268434,54.3134416280419],[-1.3540443011387,54.315171003321],[-1.35284316795528,54.3158905701988],[-1.35239162819851,54.3185847819723],[-1.35120161838648,54.3208839941325],[-1.34925512310273,54.3208762943155],[-1.34924382356219,54.3201495724355],[-1.34425931976157,54.3204218611686],[-1.34407667887869,54.3200422923432],[-1.34240055408373,54.3202480296495],[-1.34199482898926,54.3199621572145],[-1.33906583589218,54.3203725056474],[-1.33859065485807,54.3212847850729],[-1.33856120534839,54.3203832249019]]]},"properties":{"FID":5527,"MSOA21CD":"E02005757","MSOA21NM":"Hambleton 008","MSOA21NMW":" ","BNG_E":446898,"BNG_N":485480,"LAT":54.26286,"LONG":-1.28152,"GlobalID":"5c7652e0-ff68-42b9-a3b4-f3f24d02330f","GROUP":"A1 Corridor"}},{"type":"Feature","id":5528,"geometry":{"type":"Polygon","coordinates":[[[-1.19729657988847,54.2404248704618],[-1.19835818840662,54.2341685350255],[-1.1973263074501,54.230495654031],[-1.19642178025621,54.2289996368369],[-1.1966738996844,54.2263444618443],[-1.1933762880946,54.2219312601759],[-1.19204708126846,54.2211036662436],[-1.193103594923,54.2200864466142],[-1.19371399088407,54.2185708140582],[-1.19621577924454,54.2173062200803],[-1.20020076152426,54.2163308880495],[-1.19952433401651,54.2145098164704],[-1.19989874918535,54.2129145035423],[-1.19940753553219,54.2126199981677],[-1.1996613051159,54.212324718627],[-1.19704463669569,54.2106442065296],[-1.19606786689081,54.2108406252657],[-1.19215614514128,54.2096959598487],[-1.19018477171368,54.2098515374564],[-1.1886255187506,54.2085123292946],[-1.18921539108197,54.2078242605455],[-1.18782258705226,54.2062359036878],[-1.18758768132456,54.2053636617207],[-1.19012721132365,54.203720890017],[-1.1907176680422,54.2025904419957],[-1.18967142648639,54.2012911922529],[-1.18952379986913,54.2004147043505],[-1.1889401722346,54.2000552737534],[-1.18832405598907,54.2001081554655],[-1.18683230070477,54.2015262453235],[-1.18446743140293,54.2011982640396],[-1.18225134811629,54.2016354503795],[-1.18166563932505,54.2013332297692],[-1.17548613933463,54.2025033149502],[-1.17435378622838,54.2032673522476],[-1.1687144003944,54.2024746767965],[-1.16720199088628,54.2016305226856],[-1.16516504644741,54.2010134380683],[-1.16419599706287,54.1995858608366],[-1.16260687178622,54.1994768228349],[-1.16073763982535,54.1983923532843],[-1.15561722553417,54.1964995791557],[-1.1507119058157,54.1960989017994],[-1.14642334880328,54.1949671036302],[-1.14455716336625,54.1937652847411],[-1.14284345525126,54.1914028837676],[-1.13949758273195,54.1911040867848],[-1.1376700358503,54.1899737873607],[-1.13572154001974,54.189710994214],[-1.13498426138259,54.1890558031664],[-1.13580364217382,54.1879759483955],[-1.13571383470467,54.187416316901],[-1.13456178474215,54.1859422533339],[-1.13318412527381,54.1860597759715],[-1.13132460140632,54.1851856523664],[-1.12897747332249,54.1832150498348],[-1.12596463632603,54.1823958866479],[-1.12648644004308,54.1812875591156],[-1.1274702379579,54.1809103625885],[-1.12849336824657,54.1799128450076],[-1.12888930872097,54.1779095140838],[-1.13020413066145,54.1776230084167],[-1.13207002044138,54.1764379979283],[-1.13336561573458,54.1762287921683],[-1.13474310696619,54.1752610087776],[-1.13508817706049,54.1732690905584],[-1.13578540289587,54.1725244728476],[-1.13564049924316,54.1719895100877],[-1.13398594488549,54.1715597255106],[-1.13076010770565,54.1698614449944],[-1.13111394563452,54.167821891848],[-1.13143411084602,54.1648085180352],[-1.12900895590025,54.1638242998071],[-1.12790132291276,54.1629638669225],[-1.12864270626851,54.1623019038563],[-1.13157643238097,54.1610027250048],[-1.13554921359522,54.1604956695075],[-1.13708812524387,54.1594003694106],[-1.13789348098249,54.1576984772471],[-1.13889311938602,54.1571982194621],[-1.13935600001826,54.1565180629343],[-1.13933693583535,54.1553826770453],[-1.13891021768798,54.1550541052367],[-1.1363030489282,54.154948388699],[-1.1319792642309,54.1521519306222],[-1.1321050867122,54.151191155402],[-1.13128990513122,54.150668839308],[-1.13165841929746,54.150426511335],[-1.13148513827921,54.1498573587084],[-1.13286576547935,54.1492229372171],[-1.135147751481,54.1483864031259],[-1.13483203109441,54.1481646089191],[-1.13582009190149,54.1467473265462],[-1.1371515983027,54.1455929623574],[-1.13722233663838,54.1443079436625],[-1.13680940905802,54.1438730213573],[-1.13729964983855,54.1435714177584],[-1.13833848195588,54.1440277654721],[-1.14075360021567,54.1439017707311],[-1.14363149272045,54.144394950778],[-1.14433054968906,54.1446667326853],[-1.14469356163768,54.1456467185109],[-1.1463517510891,54.1463840485856],[-1.14890239269978,54.146660661578],[-1.15368544475486,54.14836098694],[-1.15911622333001,54.1472968861461],[-1.16032209424979,54.1457950873629],[-1.16272084987808,54.1451298361892],[-1.16358721391862,54.1443393874239],[-1.16516592113098,54.1441084973393],[-1.16948430676104,54.1443023027334],[-1.17115798583881,54.1451280520776],[-1.17309482115693,54.1445380594884],[-1.1742688498585,54.1446323271859],[-1.17667960788896,54.1433467328852],[-1.1809486545329,54.1437603295151],[-1.18179213664606,54.1436107339949],[-1.18245194636622,54.1432152609341],[-1.18200470866047,54.142508385341],[-1.18260721673564,54.1419861291341],[-1.18573407896599,54.1424113977902],[-1.18686822738645,54.1421952713112],[-1.18680258168876,54.1416873049134],[-1.1889218357606,54.1405059501632],[-1.18988498684998,54.1403217192273],[-1.19391291437394,54.1415659944126],[-1.19554241854909,54.141036212409],[-1.1985034706176,54.1407365238915],[-1.19866473859177,54.1410336112338],[-1.2020329799438,54.1415208772439],[-1.20592749107925,54.1403529789733],[-1.20652124269144,54.1397518603406],[-1.20879856590035,54.1396792028346],[-1.20935372497758,54.1385071568418],[-1.21165616191753,54.1375858373364],[-1.21546694038721,54.1368745742098],[-1.21815329923077,54.13701420091],[-1.21895006884953,54.1361781827103],[-1.21984891517078,54.1358495966326],[-1.22119986698905,54.1405845959128],[-1.2204142181168,54.1423964226435],[-1.22024943017446,54.1443970607178],[-1.21943961885685,54.1449010297701],[-1.21927533360869,54.1461582321354],[-1.22591349263078,54.1528717905898],[-1.2254425275606,54.1534942455416],[-1.22626562591355,54.1546666444083],[-1.23076102783591,54.1569314554751],[-1.23074708257838,54.1632274237376],[-1.22994817810892,54.1641095525626],[-1.22977032504368,54.1662631672224],[-1.22923179577269,54.1671375258842],[-1.23186733890446,54.1692884816523],[-1.23402890507927,54.1697836161144],[-1.23490621643674,54.1711910073042],[-1.23559494281262,54.1711967218437],[-1.23685676655711,54.1721340706883],[-1.23661329261014,54.1727564499322],[-1.23781288754198,54.1738452106261],[-1.23856941089334,54.1741360008779],[-1.23884985943805,54.174860035407],[-1.24089467518859,54.174695138214],[-1.2436731109029,54.1753068850031],[-1.24426325750887,54.1752094743076],[-1.24515745521909,54.1758227641998],[-1.2461222051708,54.175685082553],[-1.24467500525978,54.1833059319084],[-1.24579138035252,54.1880505962928],[-1.24689180209736,54.1893210686401],[-1.24884081901449,54.1892733701267],[-1.24984918800892,54.1898402351236],[-1.25129021520677,54.1899022695073],[-1.25334309709177,54.1890571614611],[-1.25468352365231,54.1891654960903],[-1.25648185836707,54.1888545394912],[-1.25695872769887,54.1881516307948],[-1.26037072414172,54.1879161815155],[-1.26369240950964,54.1843243989659],[-1.26301305757741,54.1837549025731],[-1.26626912234798,54.182287332437],[-1.264656982598,54.180787745205],[-1.26616179388493,54.1806456020958],[-1.26482231482482,54.1775014689785],[-1.26940492723398,54.177839153099],[-1.26909923364381,54.1754111244359],[-1.26991587930848,54.1753273410731],[-1.26989544878562,54.1750000035404],[-1.26904315517169,54.1736222905019],[-1.26969103259421,54.1730434478211],[-1.27114071976507,54.1725736442599],[-1.27129802736293,54.1715769936154],[-1.27089412900487,54.170918497201],[-1.26960955397607,54.1703624871982],[-1.27008132631535,54.1701001809295],[-1.26927697643588,54.1696774191309],[-1.26274026234381,54.1675679605615],[-1.25851946536265,54.1658098297913],[-1.258702152279,54.164003961974],[-1.26003263087266,54.1612701604236],[-1.25927320917402,54.1593796783391],[-1.25948309917496,54.158344581037],[-1.25771633878272,54.1557728523431],[-1.25836404968168,54.1536962434253],[-1.25753952723399,54.1524094643911],[-1.25863482365393,54.1520253697304],[-1.25899768659929,54.1513844585365],[-1.2615084426217,54.1504553777809],[-1.26287311730492,54.1492096619197],[-1.26511416540985,54.1489891170028],[-1.26665599462633,54.1493273983112],[-1.26744995094596,54.150362256879],[-1.26973540693826,54.1507877361703],[-1.27180886478689,54.1505534154962],[-1.27209591909881,54.1507362292784],[-1.27221187012251,54.1499444228667],[-1.27311522487256,54.1492550791524],[-1.2753323199095,54.1489835915858],[-1.27710559028071,54.1476635453008],[-1.27564806081275,54.1461820211976],[-1.27602923189855,54.1458090120579],[-1.27688477718314,54.1457178211922],[-1.28002219794508,54.1464025179977],[-1.28510224415334,54.1482485228971],[-1.28729920017155,54.148639018689],[-1.29150175077335,54.1508278021779],[-1.30796446735475,54.1549113602083],[-1.3229202405066,54.1544011800039],[-1.32292334236194,54.1566825908084],[-1.32370598238635,54.1575063693979],[-1.32408387199724,54.1574409576993],[-1.32375731557992,54.1567169810566],[-1.3245694907852,54.1562104334953],[-1.32604544351586,54.1559330664162],[-1.32640427224297,54.1563791056044],[-1.32818697773919,54.1571052464122],[-1.32851270671182,54.1576485543314],[-1.33362601453685,54.1593095539066],[-1.33620102047411,54.1584168776412],[-1.33660864009936,54.1586211950193],[-1.33845326853566,54.158475068848],[-1.33889563344035,54.158842304451],[-1.34081247634229,54.1586516729728],[-1.34209517296647,54.1580268021286],[-1.34204104663084,54.1576706406156],[-1.34327496253175,54.156837890318],[-1.34255462193626,54.1562733727333],[-1.34292243533939,54.1560214476047],[-1.34216002813099,54.1558693110543],[-1.34233356429914,54.1554253803507],[-1.34141233298689,54.1553207516767],[-1.33964386901246,54.1542206850367],[-1.34046063074104,54.1538559668193],[-1.34042555859074,54.1534258566337],[-1.33938591180929,54.151888300025],[-1.34125629481255,54.1514507018799],[-1.34373886617918,54.1514619974135],[-1.34931771409133,54.1530852653798],[-1.3516017326206,54.1541139978139],[-1.35223186828578,54.1553135585186],[-1.35165652583539,54.1558766730376],[-1.35090647400501,54.1556757577687],[-1.35115177481343,54.1548603370935],[-1.35056230876009,54.1543673387476],[-1.34902726965787,54.1544290074385],[-1.34793854857517,54.1548042435694],[-1.34762632121372,54.1572447613598],[-1.34811353881598,54.1576182543789],[-1.35165435020943,54.1576742001035],[-1.35185727973679,54.1580069273158],[-1.34757254190035,54.1590055648448],[-1.34738741238675,54.1594882027888],[-1.34878498071309,54.160423146303],[-1.34908605088953,54.1614271572794],[-1.35195246226216,54.1606486172886],[-1.35771454847375,54.1622811846625],[-1.35958928556485,54.1637650943941],[-1.35933402865302,54.1660086221588],[-1.36081576093678,54.1670736307939],[-1.36506499101492,54.1677103194652],[-1.36731429437445,54.1676103421037],[-1.37174512873996,54.1685280555083],[-1.37376657332035,54.1676359069892],[-1.3748107029424,54.1675587501249],[-1.3783962912755,54.1684841813578],[-1.38065494179627,54.1699708607531],[-1.38156836784692,54.1723091779511],[-1.3827888500529,54.1735781597828],[-1.38624766050837,54.1744925293582],[-1.38990690666558,54.1744628428156],[-1.3908050799453,54.1750459447146],[-1.39147225625817,54.1763163126197],[-1.39176096883366,54.1785845108589],[-1.38989710125019,54.1792008468187],[-1.38950512768353,54.1796795778714],[-1.39143705950822,54.1801031513626],[-1.39465307320279,54.1816188267115],[-1.39839813734226,54.18089640232],[-1.40183863953801,54.1817215072128],[-1.40668254972941,54.1818086083819],[-1.41031096385332,54.1812756356593],[-1.41300866782651,54.1814056226129],[-1.4146085585189,54.1820374589711],[-1.4178359353672,54.1841471303207],[-1.42003855418514,54.1847576539442],[-1.42526744937715,54.1847818151403],[-1.42792004182953,54.185087092944],[-1.43136588116644,54.1857423004538],[-1.43262615006556,54.1863818426992],[-1.43532825570021,54.1900529467691],[-1.43816870810031,54.1924922301513],[-1.43809642201421,54.1943643663433],[-1.43647154253993,54.196603077532],[-1.43651317132271,54.1994475515399],[-1.43825679342444,54.2018325205819],[-1.43834096788137,54.2054160703176],[-1.43960052698847,54.2084981446262],[-1.44309961215163,54.2110642143279],[-1.4440140231049,54.2133374620248],[-1.44600539113966,54.2140622243721],[-1.44562569357014,54.2144711060905],[-1.4424226239932,54.2155494492631],[-1.44262502037651,54.216034578278],[-1.44368660883266,54.2161338405652],[-1.44515875424084,54.2162762593904],[-1.44729839987996,54.217107291375],[-1.44912213301313,54.217123209159],[-1.44943193701299,54.2188375599842],[-1.44880714960002,54.2197637789994],[-1.44659402144447,54.221300608441],[-1.44544210602515,54.2227136384027],[-1.44508708147598,54.2242423934634],[-1.44352680728378,54.2251797323507],[-1.44290367018133,54.2259992389997],[-1.43861420101218,54.2259615557771],[-1.43852293511852,54.2253391163273],[-1.42648974188804,54.2235586859037],[-1.42583442191363,54.2232544949192],[-1.42380247053103,54.2203062328538],[-1.42075146850011,54.218765479833],[-1.41971733463129,54.2192507490551],[-1.41830395443309,54.2183194974723],[-1.41424051478167,54.2083131819073],[-1.4138262843225,54.2083829403856],[-1.4122065220117,54.2057859690641],[-1.4098872018963,54.205449984515],[-1.40724273427161,54.205977397428],[-1.40636187592345,54.2056287436251],[-1.40490787612517,54.2056258003008],[-1.40248763580726,54.2066782879688],[-1.40290047793623,54.2072842036252],[-1.40195024656298,54.2080934448994],[-1.40035511633503,54.2070438404693],[-1.39648665704904,54.2094112101442],[-1.39427358967665,54.2094782402148],[-1.39305404306915,54.2090982543024],[-1.38907475617632,54.2097398534582],[-1.38821278461833,54.2093630932958],[-1.38663813149732,54.2097659857752],[-1.38401806351661,54.2114172746308],[-1.38136439479144,54.2110907138179],[-1.37772791072664,54.2100267594094],[-1.37363861575408,54.2102413898428],[-1.3738478408595,54.2115766694878],[-1.37510612786466,54.2121485584094],[-1.37619887253086,54.2139157483465],[-1.37595198861778,54.214399791352],[-1.37405036043825,54.215046018163],[-1.37307951737583,54.2163637161959],[-1.37526797942206,54.218068452029],[-1.3757441255979,54.2196734797938],[-1.37538568515842,54.2240268662894],[-1.3736103028374,54.2242496444486],[-1.37286989649987,54.2249413160998],[-1.37258687821032,54.2252057001018],[-1.37021104751526,54.225478392903],[-1.3693964676068,54.2256176577926],[-1.36897038070055,54.2266860535336],[-1.36403419494756,54.2268075670553],[-1.35767747884212,54.2287408435302],[-1.35787404085423,54.22912771527],[-1.3571224426551,54.2291472526858],[-1.35484758399086,54.2279114753573],[-1.35481325478057,54.2269749204382],[-1.35375691164207,54.2273747839512],[-1.35201398613696,54.2280202610416],[-1.35125423032194,54.2281719541132],[-1.35103543970219,54.2278868732255],[-1.3502293912061,54.2281366867334],[-1.3498426710514,54.2275903420949],[-1.34940957517677,54.2269991233723],[-1.34822090521373,54.2273164476343],[-1.34770562513094,54.227073553005],[-1.34844160384285,54.2257454539143],[-1.34769117005127,54.2258777888916],[-1.34722709906055,54.2271089006483],[-1.34497945219767,54.2276267678402],[-1.34482158838744,54.2274149034733],[-1.3444812367569,54.2275297369999],[-1.3435795721171,54.2271288903434],[-1.34220041506573,54.2276840125868],[-1.34177371625041,54.2273727142114],[-1.34206617074599,54.2267238101937],[-1.33912790329219,54.2235117125059],[-1.33703280345762,54.223785074525],[-1.33666946137049,54.2230219935252],[-1.33493015382683,54.2225780212025],[-1.32979146851824,54.2229373970359],[-1.32943251264971,54.2226719388123],[-1.32743715077215,54.2244384969091],[-1.32764763384641,54.2247003064858],[-1.33048320484461,54.2242849335137],[-1.33101955725444,54.2253297427285],[-1.33332902424344,54.2269727920789],[-1.33475560639361,54.2295622372425],[-1.33614122978629,54.2291498119725],[-1.33724424769079,54.2303186277259],[-1.33800103722217,54.230058780178],[-1.3397456909073,54.231069599211],[-1.33940672285187,54.2319288633952],[-1.33457251677657,54.2320575809498],[-1.33302803399046,54.2326698435599],[-1.33353260271129,54.2332637000925],[-1.33374284240806,54.2335405554841],[-1.33133904618331,54.2337434234084],[-1.33329173793133,54.2343360678093],[-1.33463520921734,54.2341022311506],[-1.33497603617453,54.2345943299318],[-1.33531322478816,54.2342871121978],[-1.33724168898934,54.2344447488071],[-1.33786802386512,54.235021303741],[-1.33636628269652,54.2355034453359],[-1.3366299836722,54.2360908216367],[-1.33640200434877,54.2367533501234],[-1.33788899164111,54.2361959743412],[-1.3384674581658,54.2365111114531],[-1.33820667760189,54.2369795177334],[-1.33698748901464,54.2373639220455],[-1.33537338339923,54.2379237227119],[-1.33570557098284,54.238330400036],[-1.33470066839546,54.2388518000508],[-1.3340368435083,54.2390202487911],[-1.33211257568668,54.2377677208843],[-1.33163997440175,54.2379744009085],[-1.33143840004595,54.2375286133364],[-1.33002957148535,54.2379940794276],[-1.32849531027356,54.2383593040343],[-1.32779965456999,54.2374895985545],[-1.3273485168736,54.2375960549881],[-1.32702132212278,54.237151904702],[-1.32744049956682,54.2369763377685],[-1.32703322742683,54.2363193861339],[-1.32660697460431,54.2364784292218],[-1.32595937133244,54.2351342656748],[-1.32296971776866,54.2350096660633],[-1.32359077752124,54.2349353567837],[-1.32058332156123,54.2348731684499],[-1.3201832052892,54.234368516256],[-1.32082256149396,54.2338490875461],[-1.31843338596458,54.2322025184167],[-1.31785723031193,54.2321436368016],[-1.31678206391467,54.229976009597],[-1.31539039537874,54.2298423449507],[-1.31324276051458,54.2283693940394],[-1.3117144391268,54.2283786532396],[-1.31124148853178,54.2279628087724],[-1.30672705215354,54.2286126624245],[-1.30554517882131,54.2275433922172],[-1.30446123278509,54.2271506834633],[-1.30297524307307,54.2252148606674],[-1.30051979203018,54.2252073791909],[-1.29946763768268,54.2247034780125],[-1.29794037737771,54.2251609292504],[-1.29603085605995,54.2269599196524],[-1.29479252640369,54.2274497959127],[-1.29324510029796,54.2299968804919],[-1.29390788262709,54.2315661787364],[-1.29597157192952,54.2328730316893],[-1.29844974733994,54.2336822632556],[-1.29979030541713,54.2344780682928],[-1.29460999783027,54.2332096695381],[-1.2918710593862,54.2326260119085],[-1.28901994399137,54.2315967428415],[-1.28075667293779,54.2270368762257],[-1.28016714140497,54.2283848458129],[-1.27734709004242,54.2309647819177],[-1.27609795829705,54.2313684638975],[-1.27219408735942,54.2281035855659],[-1.27093686501657,54.2275514045525],[-1.26896339420005,54.228555036351],[-1.26835279624668,54.2304476829114],[-1.26752057779299,54.2312588066149],[-1.26584131605758,54.2319605606772],[-1.25997209020037,54.2334036808463],[-1.25633653388004,54.2339713928557],[-1.25380604478517,54.2340018197585],[-1.24924283925474,54.2303310589799],[-1.2491874187289,54.2283862391624],[-1.2468177377159,54.2287181425925],[-1.24600360792492,54.2299639892365],[-1.24512250634216,54.2304086936198],[-1.24356223543436,54.2299846503465],[-1.23987094311665,54.2299370036059],[-1.23858923034036,54.2294860086127],[-1.23802791834187,54.2296405881811],[-1.23823273917382,54.2290863511894],[-1.23776137607245,54.2287033663761],[-1.23455204152477,54.2276413438705],[-1.23358699351543,54.227647855269],[-1.23021352701887,54.2290023045268],[-1.22483587207009,54.2295467154435],[-1.22298281965608,54.2290511761894],[-1.22070584152178,54.2299891499656],[-1.21989500117034,54.2296218890347],[-1.216782931004,54.2303294330159],[-1.2133844787667,54.232200303083],[-1.21302172319447,54.2332988595482],[-1.21192292193884,54.2340295381021],[-1.21204272296692,54.2344355987461],[-1.2127061595949,54.2343149403715],[-1.21531459704866,54.2350122205821],[-1.20852571062451,54.2359089905326],[-1.2088503392635,54.2362294935846],[-1.20838505254811,54.2363761847319],[-1.20351372524967,54.2388379303926],[-1.19701802270217,54.241095097167],[-1.19729657988847,54.2404248704618]]]},"properties":{"FID":5528,"MSOA21CD":"E02005758","MSOA21NM":"Hambleton 009","MSOA21NMW":" ","BNG_E":442786,"BNG_N":477255,"LAT":54.1893,"LONG":-1.34581,"GlobalID":"965ba680-19c3-49aa-b686-a14ea8312401","GROUP":"A1 Corridor"}},{"type":"Feature","id":5529,"geometry":{"type":"Polygon","coordinates":[[[-1.09915566378038,54.1853071712186],[-1.09769363242247,54.1831538417392],[-1.09816423365888,54.1784711894504],[-1.09750243487721,54.177574499944],[-1.09436309143817,54.1763028117613],[-1.09261877403044,54.1762716684993],[-1.08880725630457,54.1755079642235],[-1.08746256356159,54.1744361289943],[-1.08367500259014,54.1740341346559],[-1.08235903836832,54.1734893674897],[-1.08189970301691,54.1724723213949],[-1.08087232250095,54.1725065190163],[-1.08060657330687,54.1721011436985],[-1.08212165897043,54.1711277209399],[-1.08889145776515,54.163564552835],[-1.08870842571593,54.1629197044796],[-1.08264164465857,54.1606422108983],[-1.07854183331227,54.1578705063473],[-1.07505768786394,54.1557595345177],[-1.06917264237057,54.1546328980207],[-1.06768377954056,54.1535612576666],[-1.06541818108917,54.1533801024826],[-1.06317952187908,54.1536023075517],[-1.06039034723076,54.152934862878],[-1.05711497868732,54.1514097523549],[-1.05633376290846,54.1499296503521],[-1.05394705571867,54.1491790041265],[-1.05312364476632,54.1477735336717],[-1.05237084245888,54.1473432335955],[-1.05075046743593,54.1471237148937],[-1.04738577790252,54.1469174594655],[-1.04634019131061,54.1474879917251],[-1.04434412222273,54.1451208327145],[-1.04074763488894,54.1436183659739],[-1.03421245794715,54.1433711331586],[-1.03371043780757,54.1425465617036],[-1.03379216657705,54.1409962521398],[-1.02931700016809,54.1404694813191],[-1.02304024947297,54.137246905724],[-1.01842987421862,54.1363377660281],[-1.0178869865641,54.1357650087322],[-1.01372798137045,54.1351271650347],[-1.01306286611357,54.1346164342427],[-1.01281665417604,54.133081998714],[-1.01368927070937,54.1315437299299],[-1.01266739615152,54.1291387905657],[-1.01205337907041,54.1288565373151],[-1.01222094778129,54.1284049261031],[-1.0116286450853,54.1278922845162],[-1.01253755975465,54.1267542691514],[-1.00853867685082,54.1237721602739],[-1.01237226567522,54.1197864791702],[-1.01563033180414,54.1154970708094],[-1.01593800249239,54.1146871802977],[-1.01472038083916,54.1139633918128],[-1.01558547533267,54.1120813326546],[-1.01562340914946,54.1093289147186],[-1.01620258692751,54.1089507472982],[-1.01625796282771,54.1079237742103],[-1.01946714853745,54.1078412341385],[-1.02114911974312,54.1094232354968],[-1.02340818707454,54.1082847410724],[-1.02510276559822,54.1079327450074],[-1.02505363483288,54.1066299673584],[-1.03394220376581,54.1073908512516],[-1.0429644507475,54.1074738280552],[-1.04397321736967,54.1072946135528],[-1.04399013306021,54.1063099089859],[-1.04236247531223,54.1047825341203],[-1.04099857993036,54.1015843888263],[-1.04014119499331,54.1008944404098],[-1.03946527330463,54.098384289949],[-1.04120941376731,54.098138663326],[-1.04279994048669,54.0982760201578],[-1.04575831153214,54.0962387674855],[-1.04548202475062,54.0958885697474],[-1.04682033988566,54.0949970162894],[-1.04678102715531,54.0945231727924],[-1.0545816359901,54.0891546049106],[-1.05776425141588,54.0881945360813],[-1.06019595443546,54.0851310010107],[-1.05410963885018,54.0832882989863],[-1.05478502523169,54.082898802784],[-1.054307708096,54.0822660419683],[-1.05223572220118,54.0816692370928],[-1.04645070563122,54.079099934257],[-1.04946246358619,54.0757227111301],[-1.0451525381568,54.0750558121265],[-1.04211618054241,54.0777027673892],[-1.04109945907904,54.077302022889],[-1.03909581357814,54.0757086821144],[-1.03982258683532,54.0733579620402],[-1.04099367156402,54.0730304121653],[-1.04214699222939,54.0721701428639],[-1.04279848836578,54.0710231968344],[-1.04512162069035,54.0698021631456],[-1.04898005941103,54.0684047552479],[-1.05416226251507,54.0670333596032],[-1.05565439252207,54.067406195511],[-1.05816632122041,54.0639647728848],[-1.05935515963169,54.0590829884689],[-1.06060482128328,54.0567770369805],[-1.05971229773829,54.0566068720061],[-1.05842100766554,54.0524434860985],[-1.05896631353548,54.0496873497165],[-1.05873393288537,54.0478448629998],[-1.06217076784423,54.0501378080717],[-1.07114121722296,54.048821331473],[-1.08379009774972,54.0476052028379],[-1.08900689667481,54.0480989539504],[-1.09175792828413,54.0473221614715],[-1.09307985641719,54.0461762568529],[-1.09427802402899,54.0466256650775],[-1.09608561496488,54.0405116326956],[-1.09748834762861,54.0411197331728],[-1.09834600989197,54.0409186254099],[-1.09929725487068,54.0415071529342],[-1.10013199574187,54.0414575660323],[-1.101075657602,54.0409635853086],[-1.09977762640199,54.0394137754539],[-1.09978095525858,54.0376892643551],[-1.10707529158161,54.0374018147637],[-1.1108219327346,54.0362615227898],[-1.11507762852466,54.0357411899613],[-1.11544413604568,54.0345903647634],[-1.11697313274662,54.0335892942584],[-1.12028213245898,54.0290450274452],[-1.1275850715338,54.0310308315015],[-1.14079634834926,54.0298588788432],[-1.14080627176306,54.0316808580958],[-1.13985587444664,54.0355844540738],[-1.14641273612012,54.0374961268889],[-1.15188702121999,54.0379977199593],[-1.15408819197338,54.0398340858039],[-1.15553334334752,54.0417796900833],[-1.15940365062718,54.044900272801],[-1.16599245193959,54.0455758404407],[-1.18149858338035,54.0429773124629],[-1.18187778488878,54.040382176466],[-1.18313490971981,54.0408355854465],[-1.18526181682061,54.042885757542],[-1.18378863730571,54.0457590577535],[-1.18518263998901,54.0469423094471],[-1.18486577334522,54.0474532990803],[-1.18384931130633,54.047834524532],[-1.18346559390479,54.0486175558277],[-1.18424473081299,54.0492171547951],[-1.18471583594879,54.051219271406],[-1.18377084508963,54.0536061401458],[-1.18275832315851,54.0542256115434],[-1.18365086977047,54.0547360795335],[-1.18434815028548,54.0547436218697],[-1.18543900145986,54.0554975497064],[-1.18696979872493,54.0552329341879],[-1.18868144367917,54.0555115946415],[-1.18938802698073,54.0560969094087],[-1.1909482014201,54.0565491568176],[-1.19152529387774,54.0578832746995],[-1.19261606372656,54.058363015385],[-1.19266385470846,54.0589034340423],[-1.19180170139425,54.0598181573031],[-1.19055659808291,54.0598138857068],[-1.1890662912463,54.0603198075219],[-1.18769707214046,54.0622069767187],[-1.1897659433917,54.0633803391079],[-1.19005705963339,54.0648130235201],[-1.18756236615032,54.0651998070128],[-1.18621098898411,54.0650412006888],[-1.1864846530493,54.0657680977783],[-1.18568769468835,54.066379128329],[-1.18624178211863,54.0669561300214],[-1.18636756629056,54.068243605544],[-1.18759169204353,54.069412097872],[-1.18763909550833,54.0704527973824],[-1.18447267631172,54.0718621040268],[-1.18350865784808,54.0730250994758],[-1.18263651531202,54.07322588675],[-1.18212818788298,54.0738201145311],[-1.18104588305406,54.0739231316911],[-1.18003201602168,54.0744080161907],[-1.17844359632598,54.0742129437477],[-1.17794496912957,54.075285023912],[-1.18133429235268,54.0829723207576],[-1.18317253137217,54.0852586922518],[-1.18983491203566,54.0925396364612],[-1.20518421166759,54.0959036393215],[-1.21014162055836,54.0979975312326],[-1.21419293087769,54.0992342844468],[-1.21489817344402,54.0998725138441],[-1.21772922029711,54.1006546138996],[-1.21867289741249,54.1008399378003],[-1.22158004996286,54.0999472110973],[-1.2229249493304,54.1001060385408],[-1.23208298312901,54.1016325933971],[-1.23333762748338,54.1021686127743],[-1.23406700709637,54.1031744759851],[-1.23581175976125,54.1032603305312],[-1.23650618530643,54.1031966991299],[-1.2371468106878,54.1025166490901],[-1.23959623047548,54.1020649831985],[-1.24082129662724,54.1012869441067],[-1.24142641306452,54.1003931110077],[-1.2427605066472,54.100006035118],[-1.24459365867171,54.1017996478471],[-1.24480501684001,54.1033990774815],[-1.24414751299729,54.1057637517379],[-1.24460061672793,54.1073368181648],[-1.24686784340748,54.1143432465886],[-1.24758901520102,54.119197622393],[-1.2470754136334,54.1200914536626],[-1.24358194382588,54.1221027527545],[-1.22444592860774,54.1224888030835],[-1.2217386130311,54.1240556765999],[-1.23571662590673,54.1328553767412],[-1.23283781544924,54.1327766066639],[-1.22967565450459,54.1333903878891],[-1.2264958744176,54.1338448443356],[-1.22583879137977,54.1343855357787],[-1.22233580862935,54.1345185083177],[-1.21984891517078,54.1358495966326],[-1.21895006884953,54.1361781827103],[-1.21815329923077,54.13701420091],[-1.21546694038721,54.1368745742098],[-1.21165616191753,54.1375858373364],[-1.20935372497758,54.1385071568418],[-1.20879856590035,54.1396792028346],[-1.20652124269144,54.1397518603406],[-1.20592749107925,54.1403529789733],[-1.2020329799438,54.1415208772439],[-1.19866473859177,54.1410336112338],[-1.1985034706176,54.1407365238915],[-1.19554241854909,54.141036212409],[-1.19391291437394,54.1415659944126],[-1.18988498684998,54.1403217192273],[-1.1889218357606,54.1405059501632],[-1.18680258168876,54.1416873049134],[-1.18686822738645,54.1421952713112],[-1.18573407896599,54.1424113977902],[-1.18260721673564,54.1419861291341],[-1.18200470866047,54.142508385341],[-1.18245194636622,54.1432152609341],[-1.18179213664606,54.1436107339949],[-1.1809486545329,54.1437603295151],[-1.17667960788896,54.1433467328852],[-1.1742688498585,54.1446323271859],[-1.17309482115693,54.1445380594884],[-1.17115798583881,54.1451280520776],[-1.16948430676104,54.1443023027334],[-1.16516592113098,54.1441084973393],[-1.16358721391862,54.1443393874239],[-1.16272084987808,54.1451298361892],[-1.16032209424979,54.1457950873629],[-1.15911622333001,54.1472968861461],[-1.15368544475486,54.14836098694],[-1.14890239269978,54.146660661578],[-1.1463517510891,54.1463840485856],[-1.14469356163768,54.1456467185109],[-1.14433054968906,54.1446667326853],[-1.14363149272045,54.144394950778],[-1.14075360021567,54.1439017707311],[-1.13833848195588,54.1440277654721],[-1.13729964983855,54.1435714177584],[-1.13680940905802,54.1438730213573],[-1.13722233663838,54.1443079436625],[-1.1371515983027,54.1455929623574],[-1.13582009190149,54.1467473265462],[-1.13483203109441,54.1481646089191],[-1.135147751481,54.1483864031259],[-1.13286576547935,54.1492229372171],[-1.13148513827921,54.1498573587084],[-1.13165841929746,54.150426511335],[-1.13128990513122,54.150668839308],[-1.1321050867122,54.151191155402],[-1.1319792642309,54.1521519306222],[-1.1363030489282,54.154948388699],[-1.13891021768798,54.1550541052367],[-1.13933693583535,54.1553826770453],[-1.13935600001826,54.1565180629343],[-1.13889311938602,54.1571982194621],[-1.13789348098249,54.1576984772471],[-1.13708812524387,54.1594003694106],[-1.13554921359522,54.1604956695075],[-1.13157643238097,54.1610027250048],[-1.12864270626851,54.1623019038563],[-1.12790132291276,54.1629638669225],[-1.12900895590025,54.1638242998071],[-1.13143411084602,54.1648085180352],[-1.13111394563452,54.167821891848],[-1.13076010770565,54.1698614449944],[-1.13398594488549,54.1715597255106],[-1.13564049924316,54.1719895100877],[-1.13578540289587,54.1725244728476],[-1.13508817706049,54.1732690905584],[-1.13474310696619,54.1752610087776],[-1.13336561573458,54.1762287921683],[-1.13207002044138,54.1764379979283],[-1.13020413066145,54.1776230084167],[-1.12888930872097,54.1779095140838],[-1.12849336824657,54.1799128450076],[-1.1274702379579,54.1809103625885],[-1.12648644004308,54.1812875591156],[-1.12610484964491,54.1805407317671],[-1.12451499981301,54.180411481801],[-1.12266967980184,54.1812024571781],[-1.12195426758984,54.1809335289096],[-1.12014083987869,54.1810408351814],[-1.12031240515371,54.1813821756691],[-1.11965344166745,54.1815256617291],[-1.11937074796979,54.1822777071416],[-1.11764995514325,54.1829464935516],[-1.11285277110215,54.1837443651055],[-1.11196347557161,54.1837164926058],[-1.10973555127643,54.1825943100164],[-1.10727064802811,54.1830550534573],[-1.10552332596233,54.1829071939458],[-1.10489550399525,54.1833977411204],[-1.10262773569583,54.1835465105607],[-1.10149556427366,54.1841950169043],[-1.10125357296274,54.1847322512174],[-1.10001429211751,54.1847105887848],[-1.09915566378038,54.1853071712186]]]},"properties":{"FID":5529,"MSOA21CD":"E02005759","MSOA21NM":"Hambleton 010","MSOA21NMW":" ","BNG_E":457082,"BNG_N":468133,"LAT":54.10594,"LONG":-1.12848,"GlobalID":"ced9097a-dab2-4dc2-ba83-e5c53cbab058","GROUP":"A1 Corridor"}},{"type":"Feature","id":5530,"geometry":{"type":"Polygon","coordinates":[[[-1.24984918800892,54.1898402351236],[-1.24884081901449,54.1892733701267],[-1.24689180209736,54.1893210686401],[-1.24579138035252,54.1880505962928],[-1.24467500525978,54.1833059319084],[-1.2461222051708,54.175685082553],[-1.24515745521909,54.1758227641998],[-1.24426325750887,54.1752094743076],[-1.2436731109029,54.1753068850031],[-1.24089467518859,54.174695138214],[-1.23884985943805,54.174860035407],[-1.23856941089334,54.1741360008779],[-1.23781288754198,54.1738452106261],[-1.23661329261014,54.1727564499322],[-1.23685676655711,54.1721340706883],[-1.23559494281262,54.1711967218437],[-1.23490621643674,54.1711910073042],[-1.23402890507927,54.1697836161144],[-1.23186733890446,54.1692884816523],[-1.22923179577269,54.1671375258842],[-1.22977032504368,54.1662631672224],[-1.22994817810892,54.1641095525626],[-1.23074708257838,54.1632274237376],[-1.23076102783591,54.1569314554751],[-1.22626562591355,54.1546666444083],[-1.2254425275606,54.1534942455416],[-1.22591349263078,54.1528717905898],[-1.21927533360869,54.1461582321354],[-1.21943961885685,54.1449010297701],[-1.22024943017446,54.1443970607178],[-1.2204142181168,54.1423964226435],[-1.22119986698905,54.1405845959128],[-1.21984891517078,54.1358495966326],[-1.22233580862935,54.1345185083177],[-1.22583879137977,54.1343855357787],[-1.2264958744176,54.1338448443356],[-1.22967565450459,54.1333903878891],[-1.23283781544924,54.1327766066639],[-1.23571662590673,54.1328553767412],[-1.2217386130311,54.1240556765999],[-1.22444592860774,54.1224888030835],[-1.24358194382588,54.1221027527545],[-1.2470754136334,54.1200914536626],[-1.24758901520102,54.119197622393],[-1.24686784340748,54.1143432465886],[-1.24460061672793,54.1073368181648],[-1.24414751299729,54.1057637517379],[-1.24480501684001,54.1033990774815],[-1.24459365867171,54.1017996478471],[-1.2427605066472,54.100006035118],[-1.24142641306452,54.1003931110077],[-1.24082129662724,54.1012869441067],[-1.23959623047548,54.1020649831985],[-1.2371468106878,54.1025166490901],[-1.23650618530643,54.1031966991299],[-1.23581175976125,54.1032603305312],[-1.23406700709637,54.1031744759851],[-1.23333762748338,54.1021686127743],[-1.23208298312901,54.1016325933971],[-1.2229249493304,54.1001060385408],[-1.22158004996286,54.0999472110973],[-1.21867289741249,54.1008399378003],[-1.21772922029711,54.1006546138996],[-1.21489817344402,54.0998725138441],[-1.21419293087769,54.0992342844468],[-1.21014162055836,54.0979975312326],[-1.20518421166759,54.0959036393215],[-1.18983491203566,54.0925396364612],[-1.18317253137217,54.0852586922518],[-1.18133429235268,54.0829723207576],[-1.17794496912957,54.075285023912],[-1.17844359632598,54.0742129437477],[-1.18003201602168,54.0744080161907],[-1.18104588305406,54.0739231316911],[-1.18212818788298,54.0738201145311],[-1.18263651531202,54.07322588675],[-1.18350865784808,54.0730250994758],[-1.18447267631172,54.0718621040268],[-1.18763909550833,54.0704527973824],[-1.18759169204353,54.069412097872],[-1.18636756629056,54.068243605544],[-1.18624178211863,54.0669561300214],[-1.18568769468835,54.066379128329],[-1.1864846530493,54.0657680977783],[-1.18621098898411,54.0650412006888],[-1.18756236615032,54.0651998070128],[-1.19005705963339,54.0648130235201],[-1.1897659433917,54.0633803391079],[-1.18769707214046,54.0622069767187],[-1.1890662912463,54.0603198075219],[-1.19055659808291,54.0598138857068],[-1.19180170139425,54.0598181573031],[-1.19266385470846,54.0589034340423],[-1.19261606372656,54.058363015385],[-1.19152529387774,54.0578832746995],[-1.1909482014201,54.0565491568176],[-1.18938802698073,54.0560969094087],[-1.18868144367917,54.0555115946415],[-1.18696979872493,54.0552329341879],[-1.18543900145986,54.0554975497064],[-1.18434815028548,54.0547436218697],[-1.18365086977047,54.0547360795335],[-1.18275832315851,54.0542256115434],[-1.18377084508963,54.0536061401458],[-1.18471583594879,54.051219271406],[-1.18424473081299,54.0492171547951],[-1.18346559390479,54.0486175558277],[-1.18384931130633,54.047834524532],[-1.18486577334522,54.0474532990803],[-1.18518263998901,54.0469423094471],[-1.18378863730571,54.0457590577535],[-1.18526181682061,54.042885757542],[-1.18313490971981,54.0408355854465],[-1.18187778488878,54.040382176466],[-1.18149858338035,54.0429773124629],[-1.16599245193959,54.0455758404407],[-1.15940365062718,54.044900272801],[-1.15553334334752,54.0417796900833],[-1.15408819197338,54.0398340858039],[-1.15188702121999,54.0379977199593],[-1.14641273612012,54.0374961268889],[-1.13985587444664,54.0355844540738],[-1.14080627176306,54.0316808580958],[-1.14079634834926,54.0298588788432],[-1.14063621126613,54.0277903788919],[-1.1420559487429,54.0272028391467],[-1.143888459685,54.0256646211783],[-1.14481371393993,54.0255094254097],[-1.14503359738591,54.024533852753],[-1.14509771726093,54.0228977455492],[-1.14238128310344,54.0189526927788],[-1.14791485190532,54.0161330701982],[-1.14806840148553,54.0157117626998],[-1.14592330370643,54.0133111498168],[-1.1439501909087,54.0127884751514],[-1.14359825326578,54.0124404987766],[-1.14287543116621,54.0107877815057],[-1.14375986629725,54.0086899492929],[-1.14421031514889,54.0081318709325],[-1.14718298793049,54.0066340591464],[-1.148558856424,54.0048462530803],[-1.14909015124953,54.0029471281475],[-1.1483935505691,54.0016653645838],[-1.14737133301357,54.0016204716765],[-1.14686434987608,54.0005821750603],[-1.14509283694171,53.9999260947839],[-1.14378751633197,53.9987916834736],[-1.14226396879937,53.998534776633],[-1.14047193978494,53.9971685586147],[-1.14099481062066,53.9960186594053],[-1.13940042742591,53.995226174602],[-1.13958612451097,53.9940573489424],[-1.13891556011841,53.9926224414475],[-1.13699767141275,53.9910828327097],[-1.13867560434825,53.9909464168073],[-1.14356983165401,53.989544981207],[-1.14593499018545,53.9892014332881],[-1.15001974910556,53.9888955614959],[-1.1525188195974,53.9894240996732],[-1.15920151210666,53.9930133393741],[-1.16134514117192,53.9946435840829],[-1.1671925072287,53.996313253422],[-1.17136820257508,54.0005661065764],[-1.17296659070862,54.0015095917646],[-1.17551010973116,54.002196331445],[-1.18045116235031,54.0030581206098],[-1.18466650424416,54.006191222563],[-1.18660358902412,54.0070797919049],[-1.1907426046621,54.0082196619],[-1.19269290249747,54.0110223563784],[-1.19431576540952,54.0121763840711],[-1.19592131733545,54.0124028211022],[-1.1992655977603,54.0118591650696],[-1.20208229449029,54.0125398807949],[-1.20388506194457,54.0135539619624],[-1.20549594837963,54.0155071006081],[-1.20677984537431,54.0162056631591],[-1.20852456710673,54.0162733319972],[-1.21724616679813,54.0144083767694],[-1.21843458427735,54.0144349111741],[-1.21933531017748,54.0158681393346],[-1.21841446687397,54.0185846263398],[-1.21881930066812,54.0213374958037],[-1.21760127903006,54.0240195520189],[-1.21841978157816,54.025801019496],[-1.22014947963868,54.0268411220084],[-1.22147869556315,54.0278312986506],[-1.22335617854236,54.0308091123222],[-1.22355696460616,54.0319900520519],[-1.22291980162613,54.0334983021215],[-1.22355786093694,54.0341624036075],[-1.22439445674897,54.0346476769803],[-1.22768696539656,54.0351108603933],[-1.2325516580474,54.0349945859408],[-1.23638958644696,54.0356253883603],[-1.23753810698579,54.0351018357679],[-1.23893986368575,54.0332516470906],[-1.24161780477053,54.0330994684292],[-1.24463916638481,54.0333984862907],[-1.24785522325984,54.0343828912384],[-1.24991701356455,54.0346159014403],[-1.25461531976889,54.0360544801565],[-1.25887124188684,54.0359361044897],[-1.26644103256344,54.0350971686412],[-1.26766187442225,54.0352986824689],[-1.26963129099873,54.0363373623509],[-1.27056001067805,54.0364984447166],[-1.2717420324147,54.0362455121264],[-1.27277426631471,54.0349252205177],[-1.2739034271701,54.0344447278564],[-1.27517957341041,54.0344552212015],[-1.27692671463777,54.0349566826796],[-1.27788217530968,54.0354943843063],[-1.27870548170054,54.0366379512212],[-1.27901205664032,54.0384168372838],[-1.28030642105077,54.040915877542],[-1.28011114541656,54.0439048119218],[-1.28181500756778,54.0467718345755],[-1.28777039645581,54.0504083059598],[-1.28868666546496,54.0522093317418],[-1.28803817777386,54.0534448796965],[-1.28794230121842,54.0543754253847],[-1.28899364367109,54.056772354909],[-1.28861122324206,54.0575760282453],[-1.28669832129416,54.0592331877485],[-1.28725935700138,54.0614370787936],[-1.28983594161871,54.0632124759137],[-1.29236729515208,54.0642623663599],[-1.29532551069155,54.0648492865099],[-1.29809646158184,54.0662648678749],[-1.30046224254017,54.0694755682971],[-1.30326259080633,54.0720133953131],[-1.30748575473111,54.0749966376259],[-1.30945324640415,54.0780078408814],[-1.30984823783543,54.0801778827102],[-1.311557685501,54.0813329521686],[-1.31306808634648,54.0816345233952],[-1.31711176427132,54.081667348238],[-1.32159373948609,54.0812837612435],[-1.32510612778781,54.0825151658729],[-1.33015409041559,54.0811250069208],[-1.33373273293483,54.0807197328051],[-1.33762459016375,54.0816724840791],[-1.339349802633,54.0834289328978],[-1.33996752821265,54.0848700594892],[-1.34295719054372,54.0877043102294],[-1.34499820249198,54.0899721482454],[-1.34509755720667,54.0909155479572],[-1.34402058310859,54.0918300769718],[-1.34380023848869,54.0930497726689],[-1.34579104018715,54.0948479120099],[-1.34613423880706,54.0968538006764],[-1.3469560307991,54.09728629111],[-1.34724167003747,54.0991527454322],[-1.34667155380579,54.1002197466639],[-1.34554781102713,54.1014577996029],[-1.3435358361893,54.1011227957943],[-1.34211406266657,54.1005218606596],[-1.33117184289359,54.099080487438],[-1.33139162563291,54.0997829850358],[-1.33090247383581,54.1006752209037],[-1.32819785800746,54.101404435498],[-1.3277418803505,54.1017928581934],[-1.32849847308803,54.1027955451809],[-1.33124451568166,54.1033006514089],[-1.3307302456593,54.1061794275103],[-1.33116302266422,54.1073322378644],[-1.33382332829415,54.1091838095781],[-1.33537591773325,54.1090864953595],[-1.33607554190811,54.1086998903275],[-1.3364294508175,54.1076430555621],[-1.3354805128198,54.1065773042274],[-1.33589633437653,54.1061872379194],[-1.33935340548375,54.1067219089582],[-1.34070570869478,54.1075558927226],[-1.34060181193216,54.1085627719924],[-1.33838111982373,54.1114862006277],[-1.3354100107939,54.1118315387201],[-1.33492292036237,54.1122476062735],[-1.33526378590642,54.1130538716889],[-1.33667025616657,54.1137660224868],[-1.33685713744839,54.1142172725786],[-1.33431343774725,54.1172098569266],[-1.3345741203329,54.1207880422407],[-1.3329425728821,54.1218757746161],[-1.33280209148403,54.1223181980169],[-1.33332991031161,54.1229171001674],[-1.33570643982429,54.1234439363129],[-1.33727129798515,54.1240502151269],[-1.33785408469559,54.1246252498129],[-1.33804606206423,54.1271040425197],[-1.34007148113392,54.1291851541234],[-1.34053803734646,54.1339781760673],[-1.3400158055313,54.1358363700306],[-1.33880397302305,54.1367902622705],[-1.33459893106427,54.1390221259903],[-1.33308472707185,54.1412476988869],[-1.33349415673395,54.1430101040733],[-1.33201649495006,54.1459866013132],[-1.33252250386797,54.1484061836444],[-1.33474001362776,54.1496263847009],[-1.33692299673882,54.1492795274596],[-1.33757855321571,54.1480765499369],[-1.33853660955543,54.14791048401],[-1.33947358852904,54.1481973250019],[-1.33990217376935,54.1496483316899],[-1.33812768775011,54.1502193778335],[-1.33755004862765,54.151316986535],[-1.33807933387341,54.1521090441604],[-1.33938591180929,54.151888300025],[-1.34042555859074,54.1534258566337],[-1.34046063074104,54.1538559668193],[-1.33964386901246,54.1542206850367],[-1.34141233298689,54.1553207516767],[-1.34233356429914,54.1554253803507],[-1.34216002813099,54.1558693110543],[-1.34292243533939,54.1560214476047],[-1.34255462193626,54.1562733727333],[-1.34327496253175,54.156837890318],[-1.34204104663084,54.1576706406156],[-1.34209517296647,54.1580268021286],[-1.34081247634229,54.1586516729728],[-1.33889563344035,54.158842304451],[-1.33845326853566,54.158475068848],[-1.33660864009936,54.1586211950193],[-1.33620102047411,54.1584168776412],[-1.33362601453685,54.1593095539066],[-1.32851270671182,54.1576485543314],[-1.32818697773919,54.1571052464122],[-1.32640427224297,54.1563791056044],[-1.32604544351586,54.1559330664162],[-1.3245694907852,54.1562104334953],[-1.32375731557992,54.1567169810566],[-1.32408387199724,54.1574409576993],[-1.32370598238635,54.1575063693979],[-1.32292334236194,54.1566825908084],[-1.3229202405066,54.1544011800039],[-1.30796446735475,54.1549113602083],[-1.29150175077335,54.1508278021779],[-1.28729920017155,54.148639018689],[-1.28510224415334,54.1482485228971],[-1.28002219794508,54.1464025179977],[-1.27688477718314,54.1457178211922],[-1.27602923189855,54.1458090120579],[-1.27564806081275,54.1461820211976],[-1.27710559028071,54.1476635453008],[-1.2753323199095,54.1489835915858],[-1.27311522487256,54.1492550791524],[-1.27221187012251,54.1499444228667],[-1.27209591909881,54.1507362292784],[-1.27180886478689,54.1505534154962],[-1.26973540693826,54.1507877361703],[-1.26744995094596,54.150362256879],[-1.26665599462633,54.1493273983112],[-1.26511416540985,54.1489891170028],[-1.26287311730492,54.1492096619197],[-1.2615084426217,54.1504553777809],[-1.25899768659929,54.1513844585365],[-1.25863482365393,54.1520253697304],[-1.25753952723399,54.1524094643911],[-1.25836404968168,54.1536962434253],[-1.25771633878272,54.1557728523431],[-1.25948309917496,54.158344581037],[-1.25927320917402,54.1593796783391],[-1.26003263087266,54.1612701604236],[-1.258702152279,54.164003961974],[-1.25851946536265,54.1658098297913],[-1.26274026234381,54.1675679605615],[-1.26927697643588,54.1696774191309],[-1.27008132631535,54.1701001809295],[-1.26960955397607,54.1703624871982],[-1.27089412900487,54.170918497201],[-1.27129802736293,54.1715769936154],[-1.27114071976507,54.1725736442599],[-1.26969103259421,54.1730434478211],[-1.26904315517169,54.1736222905019],[-1.26989544878562,54.1750000035404],[-1.26991587930848,54.1753273410731],[-1.26909923364381,54.1754111244359],[-1.26940492723398,54.177839153099],[-1.26482231482482,54.1775014689785],[-1.26616179388493,54.1806456020958],[-1.264656982598,54.180787745205],[-1.26626912234798,54.182287332437],[-1.26301305757741,54.1837549025731],[-1.26369240950964,54.1843243989659],[-1.26037072414172,54.1879161815155],[-1.25695872769887,54.1881516307948],[-1.25648185836707,54.1888545394912],[-1.25468352365231,54.1891654960903],[-1.25334309709177,54.1890571614611],[-1.25129021520677,54.1899022695073],[-1.24984918800892,54.1898402351236]]]},"properties":{"FID":5530,"MSOA21CD":"E02005760","MSOA21NM":"Hambleton 011","MSOA21NMW":" ","BNG_E":448114,"BNG_N":466238,"LAT":54.08982,"LONG":-1.26592,"GlobalID":"053e80bc-2a5f-401f-9d1a-f815b1651f1d","GROUP":"A1 Corridor"}},{"type":"Feature","id":5531,"geometry":{"type":"Polygon","coordinates":[[[-1.68417119831775,54.259619928615],[-1.67946636399872,54.2573702683067],[-1.67800428827141,54.2531794372179],[-1.67784267966827,54.2510201017746],[-1.67596745040229,54.2476456941416],[-1.67417368760586,54.2468007021692],[-1.67156260294641,54.2471214862277],[-1.67009689144763,54.2476382685719],[-1.66952276368571,54.2485238287508],[-1.67197743560724,54.2499412839031],[-1.67231374342218,54.2508232374155],[-1.67098152712753,54.2514810167285],[-1.66764820341315,54.2522551954841],[-1.66533579714025,54.2517949532685],[-1.66542862654944,54.2507629360061],[-1.66421054397457,54.2473144670177],[-1.66039793735368,54.2479526081358],[-1.65582796418138,54.2499166216828],[-1.64862898813841,54.2502119681087],[-1.64441416494474,54.2465582138884],[-1.64350318223272,54.2461451958972],[-1.63822905580494,54.243508178572],[-1.63637519582352,54.2394574959028],[-1.64556623225537,54.2385320168819],[-1.64759899995034,54.2378561719047],[-1.64680512124067,54.2368538983672],[-1.64330262755274,54.2341412271658],[-1.64095784878819,54.2331409029242],[-1.63463814646575,54.2292366799015],[-1.63089154094879,54.2300470126903],[-1.62548987605367,54.2304302992735],[-1.62589743749377,54.2265462684988],[-1.62490271240249,54.2233185305062],[-1.62309357847481,54.2206040936199],[-1.62102113671724,54.2188578855586],[-1.62198859442488,54.2182321358585],[-1.62283715265967,54.2162483254952],[-1.62438780757056,54.2156220959371],[-1.62379194611334,54.2131650154793],[-1.62484262769169,54.2106593960507],[-1.62461366293454,54.2099411898749],[-1.62805104895443,54.2063769477775],[-1.62818029249421,54.2046612817998],[-1.63046070119988,54.2023493111583],[-1.63034099324891,54.2016403292421],[-1.62973784916083,54.2013784356944],[-1.62979362555791,54.2004945066453],[-1.62991258911336,54.199982954628],[-1.63104365353379,54.1996040147209],[-1.63089210002676,54.1979033482242],[-1.63285869368525,54.1967264640756],[-1.63288803540926,54.1961802376903],[-1.6347988614538,54.1957251591233],[-1.63610737726837,54.1945273232123],[-1.63593748641431,54.1939676609782],[-1.63674378583633,54.1934491288803],[-1.64053405393186,54.1929119742979],[-1.64036755750969,54.1906795513167],[-1.63603511973041,54.1893330760604],[-1.63183749523952,54.1898247536943],[-1.63012294335905,54.1894619281309],[-1.62697444013145,54.188251094911],[-1.62413363805672,54.18624543369],[-1.62220073958854,54.1858456411907],[-1.61800504170521,54.186512375345],[-1.61377700673891,54.188990923416],[-1.61255106894613,54.189191454622],[-1.6103773509607,54.1888825405291],[-1.6074218481968,54.1898180096619],[-1.60175512917648,54.1911942631371],[-1.5963109569069,54.1901355320789],[-1.59443807668391,54.1908069643178],[-1.5928794925061,54.1929738095994],[-1.58886368467241,54.1966376276292],[-1.58970186321099,54.197218512026],[-1.59347974609389,54.1965766264732],[-1.59543759033566,54.1967017273691],[-1.59697681389748,54.1971711207368],[-1.59789697351266,54.1979111426918],[-1.59855707035975,54.1998277646253],[-1.59786588677182,54.2011183594464],[-1.59636999408098,54.2017930277526],[-1.59352432251995,54.2022243410692],[-1.58346642079092,54.2046998412775],[-1.58049006214233,54.2047777135171],[-1.57914633238658,54.20415807482],[-1.57870892251016,54.2024572948146],[-1.57745008625267,54.2016041936426],[-1.57636638864025,54.2013293408659],[-1.57448175474367,54.2013816978619],[-1.57313854251454,54.2009146700406],[-1.5703540387024,54.2005776038787],[-1.56806031334213,54.1997597127899],[-1.56693439467826,54.1986339713679],[-1.56649324255444,54.196719593039],[-1.56566702537423,54.1955580214578],[-1.56177772442765,54.1944267339007],[-1.56156948693522,54.1924209795257],[-1.56043238127291,54.1910786127081],[-1.55832162184415,54.1909981389527],[-1.55715299318305,54.1917661973551],[-1.5551679503847,54.1916659441835],[-1.55304860739682,54.19109415563],[-1.55281473581949,54.1914643025273],[-1.55132597392916,54.1918350942995],[-1.55001305971565,54.1915839161498],[-1.54591301587609,54.1926363855736],[-1.54269536574251,54.1950378760183],[-1.54075137739914,54.1945491200158],[-1.53981740112816,54.1930373797424],[-1.54201522936039,54.1914364548535],[-1.54632326831135,54.1857686719101],[-1.54320323963928,54.1835343831232],[-1.54026346038514,54.1826302449368],[-1.53759516397854,54.1835734165751],[-1.53574614357433,54.1835505915778],[-1.53313084908461,54.1839665572361],[-1.53101026474045,54.1835731501352],[-1.52971093079473,54.1825310496182],[-1.52954928863127,54.1819650551345],[-1.53021903920009,54.1810020850348],[-1.5319149517032,54.1797789533143],[-1.53231972863318,54.1774596972474],[-1.53039339886096,54.1762543704261],[-1.53156535401221,54.1738385338455],[-1.53148303005135,54.1725960873912],[-1.53068916107312,54.1719433011955],[-1.52776899119232,54.1708983685692],[-1.52628093379801,54.1700008235966],[-1.52530466427377,54.1683100219948],[-1.52619948347941,54.1680342488534],[-1.52494782787231,54.1652280878292],[-1.52422750528992,54.1650765183683],[-1.52311113362635,54.1642033155746],[-1.5176258724165,54.1633268681015],[-1.5152491515095,54.1623818158062],[-1.51337883104274,54.161113255873],[-1.5124741288647,54.1610882586744],[-1.51144584899527,54.1616797173128],[-1.5104355237883,54.1601837950571],[-1.51048404861167,54.1598424728749],[-1.514403079816,54.1593866098009],[-1.51511282930504,54.1602816285404],[-1.515050404849,54.1608762135724],[-1.51640200782738,54.1616189460634],[-1.51864423072096,54.1608571723206],[-1.51925804331251,54.1604619306172],[-1.51902418296329,54.1599113690361],[-1.51947512318581,54.1591579066588],[-1.52134236165882,54.1577919946366],[-1.52263159088157,54.1546660505354],[-1.52378207059799,54.1537890235716],[-1.52320725938613,54.1519522756431],[-1.52461674056129,54.1514598867972],[-1.52761382231406,54.1508356104287],[-1.53440130109167,54.1508268081892],[-1.53602440497934,54.1501275388364],[-1.53716253589563,54.1489759336266],[-1.53807973139588,54.1485859751465],[-1.53948894151764,54.1485158430618],[-1.54017077785441,54.1497218839555],[-1.54084541207796,54.1496144130021],[-1.54485594372105,54.14913001145],[-1.54799372354843,54.1480883113262],[-1.5471101242373,54.1467474846466],[-1.54783885400241,54.1461216717107],[-1.54798700164256,54.147057412594],[-1.54943393662031,54.1468196650286],[-1.55195623274644,54.1471652763011],[-1.55151325733483,54.1482277205413],[-1.56077426356855,54.1476332768537],[-1.56251372146767,54.1478181578536],[-1.56658501641565,54.1498107382603],[-1.56821738744061,54.1493067862167],[-1.56903345955679,54.1504697918794],[-1.56772158298148,54.1523564924706],[-1.5671730529007,54.1526053257768],[-1.56582885436601,54.1522067343911],[-1.5650423642971,54.1523339478021],[-1.56470396290544,54.1529368366724],[-1.5630040386672,54.153757395531],[-1.5643397913909,54.1549495253592],[-1.56964243285286,54.1535800175545],[-1.57214039362801,54.1532313691509],[-1.57358187700973,54.1533443204311],[-1.57468893557776,54.1525652178602],[-1.57564172765057,54.1528202985807],[-1.57772112016566,54.1522334168398],[-1.58162715126769,54.1523487796765],[-1.58725596572707,54.1540336408505],[-1.58749933370764,54.1529519599427],[-1.58664399651332,54.1522896536973],[-1.58636971902294,54.1524550056967],[-1.58538965160417,54.1514122148428],[-1.58414690748714,54.1511953338715],[-1.58433742527389,54.1509912326412],[-1.58151505347365,54.1502723229376],[-1.58003607601695,54.1494586128095],[-1.57871997395176,54.1496073656144],[-1.57866070450385,54.1498840757758],[-1.57665141077483,54.1495843964163],[-1.5744794809254,54.1484887233484],[-1.57146478418676,54.1494477293967],[-1.56982307272675,54.1488878720184],[-1.56733062064225,54.1477190367639],[-1.5673021603935,54.1471926101917],[-1.56673740275463,54.146982194137],[-1.56649607668074,54.145350685178],[-1.56771205910132,54.1444411546848],[-1.5676129997102,54.1441217495932],[-1.565822542093,54.1436066898326],[-1.56345873976221,54.1437565603477],[-1.56245132494335,54.1426591254982],[-1.56130011622061,54.1424598921875],[-1.5594423780294,54.1413108854078],[-1.55584252690746,54.1406646424055],[-1.55541587490936,54.1394983561936],[-1.55488699062059,54.1391279335272],[-1.5541316776155,54.1392085139116],[-1.55255674940446,54.1391575075821],[-1.55258883637016,54.1385156785506],[-1.5531976714761,54.138115329444],[-1.55319037131913,54.1370386452975],[-1.55311990377726,54.1360718758542],[-1.55144785520576,54.1345591729163],[-1.55153225125706,54.134096071899],[-1.55198755264772,54.1340528274422],[-1.55021197939847,54.13166804392],[-1.54886317328206,54.1277826964308],[-1.54659979900843,54.126823979181],[-1.54548247257683,54.1254508857591],[-1.54361190650206,54.1246518594242],[-1.54482466368424,54.1241713458552],[-1.54402902071943,54.1232927764219],[-1.54420896726392,54.1228057526905],[-1.54370375800141,54.122448190609],[-1.54463740814569,54.1219732133539],[-1.54454900712173,54.1208320333557],[-1.54573649566871,54.1207401790466],[-1.54617038941416,54.1214369372056],[-1.54669584446541,54.1213473598591],[-1.54980933157586,54.1201159620047],[-1.54970380498514,54.1197931349333],[-1.55082397229721,54.1195775232828],[-1.54948950217612,54.1181277009999],[-1.54917137061198,54.117396561371],[-1.54947937595654,54.1166789974202],[-1.55414289548746,54.1148924545903],[-1.55357704246366,54.1134579238704],[-1.55395607325464,54.1111902860068],[-1.55317514100984,54.1101575485263],[-1.55836824216153,54.1090605913681],[-1.56458703741656,54.109434763049],[-1.56606350051205,54.1107191174203],[-1.56978935624471,54.1113318204422],[-1.56984216376293,54.1121417221175],[-1.5702364993846,54.1122925133963],[-1.57414217871581,54.1116475225494],[-1.57372975388308,54.1106588499046],[-1.57500723958783,54.1097884896049],[-1.57705690458565,54.1093129045937],[-1.57699632665915,54.1079376241335],[-1.58071391636565,54.1073238003293],[-1.58364548675538,54.1062797335835],[-1.58726412191353,54.1066183616977],[-1.58809239984982,54.1074882038347],[-1.58736131555588,54.1090075211252],[-1.58840849778655,54.1081478915386],[-1.58930391238037,54.1079352478149],[-1.592010157169,54.108327492339],[-1.59259132579495,54.1074009852027],[-1.59228625782917,54.106488286863],[-1.59442749928814,54.1061893907198],[-1.5957624797418,54.1053430629231],[-1.59772304080862,54.1048424803554],[-1.6015495819891,54.1030703429223],[-1.60245673566108,54.1009728864368],[-1.60191471408276,54.0997720385228],[-1.59908343151159,54.1000609278666],[-1.59619480018554,54.0980788169275],[-1.601505911799,54.0966017762377],[-1.60357858115524,54.0936607288294],[-1.60350841899569,54.0933026804992],[-1.60277423959959,54.0931837040415],[-1.60276111882326,54.0923045798434],[-1.60122512748384,54.0893533105231],[-1.59987053089724,54.0887764267158],[-1.59768966919449,54.0867944488893],[-1.59816358719782,54.0859928118389],[-1.60177746666752,54.0872506611134],[-1.60325294190326,54.0873325333359],[-1.60619380007189,54.0882852533915],[-1.60723793279708,54.0880530014499],[-1.60721914726972,54.087419288439],[-1.60925118127985,54.0870785303221],[-1.61414126796536,54.087942202616],[-1.6149284619654,54.0884713320556],[-1.61761019941654,54.0891261247221],[-1.61821025385987,54.0889906273172],[-1.62021511502696,54.0897521548723],[-1.62403263387414,54.0882711823064],[-1.627214241673,54.0892252715778],[-1.62815142270586,54.0897343990514],[-1.62925145156021,54.0896972148435],[-1.63020883727373,54.0906455915014],[-1.63308081401028,54.0916804676455],[-1.63484639598641,54.0928796038115],[-1.6353726935824,54.0928243469424],[-1.63551160457039,54.0931936512986],[-1.63693235268695,54.0935464796553],[-1.64122617709323,54.0925645445627],[-1.64576984066474,54.0931360451901],[-1.65125667741372,54.0945344649713],[-1.65307628586887,54.0943357631531],[-1.65373089097789,54.0939916301954],[-1.65926328022921,54.0937771160952],[-1.66746246305855,54.0915373793914],[-1.67660281206353,54.0897538244599],[-1.6769274506507,54.0900441160712],[-1.67596205046151,54.0940551038855],[-1.67653015732671,54.0986778013681],[-1.68218614707607,54.1031516383085],[-1.68969397906242,54.1061225138469],[-1.69591163663952,54.1092418238911],[-1.69957468587734,54.112835848194],[-1.70074552622797,54.1133970662053],[-1.70232807231938,54.1119647443611],[-1.70458559595814,54.1107656884598],[-1.70776412651207,54.11148012832],[-1.70843422026643,54.1120184181144],[-1.71030308869058,54.1124498249521],[-1.71265162077631,54.1137313739826],[-1.72003902730428,54.1167248328992],[-1.72233983821708,54.1172566234819],[-1.72523900319747,54.1174466609624],[-1.7297271862527,54.1184670373577],[-1.73379293964211,54.1176203154937],[-1.7364669069545,54.1178887632721],[-1.74146184553805,54.1173637307269],[-1.74407441892399,54.1176080340698],[-1.74521896823688,54.1171318808706],[-1.74708629671313,54.1169813095776],[-1.74849994981501,54.1163777052173],[-1.75193566976928,54.1165060915017],[-1.75424739008394,54.1169439160358],[-1.75748250177236,54.1217713218949],[-1.7583365568475,54.1285755690257],[-1.76417204927158,54.1410494780647],[-1.76476588978263,54.1446461251437],[-1.76607983240495,54.1467208089164],[-1.77026797589954,54.1481553100996],[-1.77184942904183,54.1495898159878],[-1.77453797450316,54.1501692207835],[-1.77455331432545,54.1545755470053],[-1.77920228321737,54.1586466727366],[-1.77996090008952,54.1610656359194],[-1.77980791802095,54.1637370397749],[-1.78260049431029,54.1655228436899],[-1.80546188584558,54.1676392407337],[-1.81556255216636,54.1706664416708],[-1.81911448982488,54.1749033395631],[-1.83175449986439,54.1937462309333],[-1.84350376184774,54.1953357956664],[-1.85503211894357,54.1999806460421],[-1.86379237507035,54.2056957433934],[-1.86796755493402,54.205410248918],[-1.88644850985698,54.2100113976244],[-1.88160995268997,54.2186173423576],[-1.87944491931673,54.2202759263251],[-1.86216516028533,54.2227987553796],[-1.84669948031919,54.2273722940693],[-1.8410879446002,54.2294843385693],[-1.83740551842658,54.2314310574671],[-1.82806683045282,54.2316393628971],[-1.82257382869814,54.2354698692633],[-1.81848871172976,54.2392726727733],[-1.81630433890082,54.2406974216658],[-1.82333365198799,54.2474870186095],[-1.79980734283699,54.2451476958179],[-1.75596319507872,54.2393635722234],[-1.7412308408811,54.2469019644719],[-1.73890703712673,54.2484778500527],[-1.73707347595766,54.2503097798776],[-1.73949821635796,54.2518546528477],[-1.73712433002519,54.2542356065835],[-1.73058905892197,54.2548986334879],[-1.72613306192911,54.2558513412924],[-1.72618952009608,54.2560851101239],[-1.72425343857232,54.256178702794],[-1.72422467042884,54.2553847413085],[-1.72299260961448,54.2548547488856],[-1.71968922989744,54.2551380800343],[-1.7190375395491,54.2561209293837],[-1.71814334500772,54.256242025364],[-1.71829203509504,54.2568191104791],[-1.71730961749231,54.25724651415],[-1.71550312037663,54.2564720677108],[-1.71294937889706,54.2564740087067],[-1.7092886286374,54.2555863127244],[-1.70801467883534,54.2564461694403],[-1.7075834040085,54.2579440374548],[-1.70678757684561,54.258086785566],[-1.70698225231852,54.2591783275955],[-1.70456953957134,54.260830590744],[-1.70266453334556,54.2584277337874],[-1.70223991306978,54.2571738117623],[-1.70113106386589,54.2564607532591],[-1.69882333300788,54.2564199593774],[-1.69709526095052,54.2572458371442],[-1.69521158869665,54.2574992052699],[-1.69210862411702,54.2586408709968],[-1.69107121797848,54.2585517207843],[-1.6895474116794,54.2592926248032],[-1.68736683082364,54.2592058385312],[-1.68543711766883,54.2602696211778],[-1.68517797421579,54.2616070356372],[-1.6844693880531,54.2616013794276],[-1.68459900002078,54.2602683170532],[-1.68417119831775,54.259619928615]]]},"properties":{"FID":5531,"MSOA21CD":"E02005761","MSOA21NM":"Harrogate 001","MSOA21NMW":" ","BNG_E":421312,"BNG_N":475393,"LAT":54.1739,"LONG":-1.67502,"GlobalID":"0171d152-a8c6-4c79-ac44-d169374b30ea","GROUP":"Harrogate & The Dales"}},{"type":"Feature","id":5532,"geometry":{"type":"Polygon","coordinates":[[[-1.5630040386672,54.153757395531],[-1.56470396290544,54.1529368366724],[-1.5650423642971,54.1523339478021],[-1.56582885436601,54.1522067343911],[-1.5671730529007,54.1526053257768],[-1.56772158298148,54.1523564924706],[-1.56903345955679,54.1504697918794],[-1.56821738744061,54.1493067862167],[-1.56658501641565,54.1498107382603],[-1.56251372146767,54.1478181578536],[-1.56077426356855,54.1476332768537],[-1.55151325733483,54.1482277205413],[-1.55195623274644,54.1471652763011],[-1.54943393662031,54.1468196650286],[-1.54798700164256,54.147057412594],[-1.54783885400241,54.1461216717107],[-1.5471101242373,54.1467474846466],[-1.54799372354843,54.1480883113262],[-1.54485594372105,54.14913001145],[-1.54084541207796,54.1496144130021],[-1.54017077785441,54.1497218839555],[-1.53948894151764,54.1485158430618],[-1.53807973139588,54.1485859751465],[-1.53716253589563,54.1489759336266],[-1.53602440497934,54.1501275388364],[-1.53440130109167,54.1508268081892],[-1.52761382231406,54.1508356104287],[-1.52461674056129,54.1514598867972],[-1.52320725938613,54.1519522756431],[-1.52378207059799,54.1537890235716],[-1.52263159088157,54.1546660505354],[-1.52214907730631,54.154638671599],[-1.52172852232614,54.1523488829527],[-1.52071603123796,54.1501536425923],[-1.52131536323674,54.147549973846],[-1.521402541986,54.14721446298],[-1.52092607089777,54.1461691501747],[-1.51535050518548,54.1436773487795],[-1.51657990072867,54.1428401330266],[-1.51803911246341,54.142630457335],[-1.52085976981559,54.1420038193242],[-1.52320118511874,54.1410036671007],[-1.5238858437114,54.1404344990303],[-1.52422586059453,54.1387811185615],[-1.52412328880248,54.138625899323],[-1.52352153084044,54.1377321653078],[-1.52369745239336,54.1372303318094],[-1.52520531459884,54.1350363155635],[-1.52648670381794,54.1342594451738],[-1.52651947197087,54.1342230761779],[-1.52648564000815,54.1338247940395],[-1.52798881270371,54.1326887228973],[-1.5308531614081,54.13259486795],[-1.53355475123177,54.1314909133088],[-1.53585717735895,54.131278133892],[-1.53696142541716,54.1311729127691],[-1.53811627203864,54.1315239136263],[-1.53933691213609,54.1309899057659],[-1.54072472718763,54.1293460143053],[-1.54300662415943,54.1275743384973],[-1.54339754734821,54.1269863013763],[-1.5432150959051,54.126052333145],[-1.54239649305374,54.1256144633066],[-1.54322454425054,54.1252786089293],[-1.54270729980822,54.1248767165819],[-1.54361190650206,54.1246518594242],[-1.54548247257683,54.1254508857591],[-1.54659979900843,54.126823979181],[-1.54886317328206,54.1277826964308],[-1.55021197939847,54.13166804392],[-1.55198755264772,54.1340528274422],[-1.55153225125706,54.134096071899],[-1.55144785520576,54.1345591729163],[-1.55311990377726,54.1360718758542],[-1.55319037131913,54.1370386452975],[-1.5531976714761,54.138115329444],[-1.55258883637016,54.1385156785506],[-1.55255674940446,54.1391575075821],[-1.5541316776155,54.1392085139116],[-1.55488699062059,54.1391279335272],[-1.55541587490936,54.1394983561936],[-1.55584252690746,54.1406646424055],[-1.5594423780294,54.1413108854078],[-1.56130011622061,54.1424598921875],[-1.56245132494335,54.1426591254982],[-1.56345873976221,54.1437565603477],[-1.565822542093,54.1436066898326],[-1.5676129997102,54.1441217495932],[-1.56771205910132,54.1444411546848],[-1.56649607668074,54.145350685178],[-1.56673740275463,54.146982194137],[-1.5673021603935,54.1471926101917],[-1.56733062064225,54.1477190367639],[-1.56982307272675,54.1488878720184],[-1.57146478418676,54.1494477293967],[-1.5744794809254,54.1484887233484],[-1.57665141077483,54.1495843964163],[-1.57866070450385,54.1498840757758],[-1.57871997395176,54.1496073656144],[-1.58003607601695,54.1494586128095],[-1.58151505347365,54.1502723229376],[-1.58433742527389,54.1509912326412],[-1.58414690748714,54.1511953338715],[-1.58538965160417,54.1514122148428],[-1.58636971902294,54.1524550056967],[-1.58664399651332,54.1522896536973],[-1.58749933370764,54.1529519599427],[-1.58725596572707,54.1540336408505],[-1.58162715126769,54.1523487796765],[-1.57772112016566,54.1522334168398],[-1.57564172765057,54.1528202985807],[-1.57468893557776,54.1525652178602],[-1.57358187700973,54.1533443204311],[-1.57214039362801,54.1532313691509],[-1.56964243285286,54.1535800175545],[-1.5643397913909,54.1549495253592],[-1.5630040386672,54.153757395531]]]},"properties":{"FID":5532,"MSOA21CD":"E02005762","MSOA21NM":"Harrogate 002","MSOA21NMW":" ","BNG_E":430164,"BNG_N":471643,"LAT":54.13976,"LONG":-1.5398,"GlobalID":"7a4e2478-b673-4062-81e4-1ae05c596ef2","GROUP":"Harrogate & The Dales"}},{"type":"Feature","id":5533,"geometry":{"type":"Polygon","coordinates":[[[-1.48462770907397,54.2203103657678],[-1.47477710112801,54.2062075613574],[-1.47283061430918,54.2071963186558],[-1.46768200325344,54.2089945121679],[-1.46336577016071,54.2110469993095],[-1.46101218958953,54.2112448184234],[-1.45009032024706,54.2149804850766],[-1.4492704724523,54.215160981309],[-1.44884614449024,54.2149169347489],[-1.44368660883266,54.2161338405652],[-1.44262502037651,54.216034578278],[-1.4424226239932,54.2155494492631],[-1.44562569357014,54.2144711060905],[-1.44600539113966,54.2140622243721],[-1.4440140231049,54.2133374620248],[-1.44309961215163,54.2110642143279],[-1.43960052698847,54.2084981446262],[-1.43834096788137,54.2054160703176],[-1.43825679342444,54.2018325205819],[-1.43651317132271,54.1994475515399],[-1.43647154253993,54.196603077532],[-1.43809642201421,54.1943643663433],[-1.43816870810031,54.1924922301513],[-1.43532825570021,54.1900529467691],[-1.43262615006556,54.1863818426992],[-1.43136588116644,54.1857423004538],[-1.42792004182953,54.185087092944],[-1.42526744937715,54.1847818151403],[-1.42003855418514,54.1847576539442],[-1.4178359353672,54.1841471303207],[-1.4146085585189,54.1820374589711],[-1.41300866782651,54.1814056226129],[-1.41031096385332,54.1812756356593],[-1.40668254972941,54.1818086083819],[-1.40183863953801,54.1817215072128],[-1.39839813734226,54.18089640232],[-1.39465307320279,54.1816188267115],[-1.39143705950822,54.1801031513626],[-1.38950512768353,54.1796795778714],[-1.38989710125019,54.1792008468187],[-1.39176096883366,54.1785845108589],[-1.39147225625817,54.1763163126197],[-1.3908050799453,54.1750459447146],[-1.38990690666558,54.1744628428156],[-1.38624766050837,54.1744925293582],[-1.3827888500529,54.1735781597828],[-1.38156836784692,54.1723091779511],[-1.38065494179627,54.1699708607531],[-1.3783962912755,54.1684841813578],[-1.3748107029424,54.1675587501249],[-1.37376657332035,54.1676359069892],[-1.37174512873996,54.1685280555083],[-1.36731429437445,54.1676103421037],[-1.36506499101492,54.1677103194652],[-1.36081576093678,54.1670736307939],[-1.35933402865302,54.1660086221588],[-1.35958928556485,54.1637650943941],[-1.35771454847375,54.1622811846625],[-1.35195246226216,54.1606486172886],[-1.34908605088953,54.1614271572794],[-1.34878498071309,54.160423146303],[-1.34738741238675,54.1594882027888],[-1.34757254190035,54.1590055648448],[-1.35185727973679,54.1580069273158],[-1.35165435020943,54.1576742001035],[-1.34811353881598,54.1576182543789],[-1.34762632121372,54.1572447613598],[-1.34793854857517,54.1548042435694],[-1.34902726965787,54.1544290074385],[-1.35056230876009,54.1543673387476],[-1.35115177481343,54.1548603370935],[-1.35090647400501,54.1556757577687],[-1.35165652583539,54.1558766730376],[-1.35223186828578,54.1553135585186],[-1.3516017326206,54.1541139978139],[-1.34931771409133,54.1530852653798],[-1.34373886617918,54.1514619974135],[-1.34125629481255,54.1514507018799],[-1.33938591180929,54.151888300025],[-1.33807933387341,54.1521090441604],[-1.33755004862765,54.151316986535],[-1.33812768775011,54.1502193778335],[-1.33990217376935,54.1496483316899],[-1.33947358852904,54.1481973250019],[-1.33853660955543,54.14791048401],[-1.33757855321571,54.1480765499369],[-1.33692299673882,54.1492795274596],[-1.33474001362776,54.1496263847009],[-1.33252250386797,54.1484061836444],[-1.33201649495006,54.1459866013132],[-1.33349415673395,54.1430101040733],[-1.33308472707185,54.1412476988869],[-1.33459893106427,54.1390221259903],[-1.33880397302305,54.1367902622705],[-1.34152370674168,54.1369913573445],[-1.34071487329453,54.1378838568159],[-1.34168077111163,54.1390278129659],[-1.34315942457774,54.1389325887187],[-1.34388488557296,54.1391717425249],[-1.34534328860447,54.1381833515107],[-1.35055956677082,54.139971148144],[-1.35391109436372,54.1386620232713],[-1.35596805478886,54.1367601999146],[-1.35725744413142,54.1362098625327],[-1.35857008415944,54.1350490459104],[-1.36300135029005,54.1339697066077],[-1.36619432150939,54.1321895314377],[-1.370339373595,54.1341387950389],[-1.37259203770532,54.1342949006863],[-1.37558719047222,54.1329385136882],[-1.37496621912722,54.1309288598305],[-1.38087206385101,54.1296181854548],[-1.38499983240556,54.1280143098113],[-1.38573240106987,54.1282687023131],[-1.39598036618354,54.1260504522062],[-1.40251159686174,54.124391414891],[-1.40880868907772,54.1221829104405],[-1.41249503360167,54.1252282796318],[-1.41905349720549,54.1238603269195],[-1.42227414752134,54.1228736917737],[-1.43109882308105,54.1221230416112],[-1.42729500104204,54.1200314903882],[-1.42179070523776,54.1176873227405],[-1.4218688764045,54.1173551252733],[-1.42491671456968,54.1135519565785],[-1.42543432703995,54.1134087100337],[-1.42432601404818,54.1114632179657],[-1.42266057132004,54.1059602308465],[-1.42866973358939,54.103704899259],[-1.4346837182826,54.1027699003696],[-1.43479092873703,54.102300516661],[-1.43746497145577,54.1007493477289],[-1.44131416750119,54.0996470156008],[-1.44096741092368,54.0979990082737],[-1.44181260677185,54.0972614431114],[-1.44198140808484,54.0963977399303],[-1.44301106596549,54.0960115429898],[-1.44128369081848,54.0951972242897],[-1.44210591480841,54.0938503477406],[-1.44209304004926,54.0928841270371],[-1.43626041443314,54.0921927610842],[-1.43130676524546,54.0919439619532],[-1.42818118129934,54.0905467832306],[-1.42602124373446,54.0901958362472],[-1.42316204857693,54.0904203592738],[-1.42027931845334,54.0920214786193],[-1.41719704275254,54.0913443499812],[-1.41357419590942,54.0910967513959],[-1.4123903931627,54.0917633637855],[-1.41302836267837,54.0944627384892],[-1.41091713052406,54.0975494940353],[-1.40818621704012,54.0984230782719],[-1.40463514039555,54.0983328437959],[-1.40470316821083,54.0921288523361],[-1.4041196144806,54.0904351279327],[-1.40330710400301,54.0893415294854],[-1.403742334952,54.0892934535807],[-1.40454643487463,54.0879753735324],[-1.40540348847963,54.0874743143586],[-1.40610682862865,54.0874963412812],[-1.40687977377908,54.0866832850211],[-1.40680347950936,54.0861159645876],[-1.40788829339849,54.084537980428],[-1.40761778386646,54.0840158168252],[-1.41016106047733,54.0821967289547],[-1.41207588000768,54.0818036025972],[-1.41413656679767,54.0807502532987],[-1.41834292558488,54.0801631647803],[-1.42235235119283,54.0791309085412],[-1.42432566325811,54.0779394201394],[-1.42822643235892,54.0741183124377],[-1.431616251838,54.0729591082491],[-1.43461808474985,54.0718217651316],[-1.44028722596558,54.0705009304892],[-1.4413559472254,54.0697908178259],[-1.44231916250459,54.0698598721685],[-1.44293625622754,54.070240159672],[-1.44420683344319,54.0700438313832],[-1.4456896832464,54.0693237112477],[-1.44796558693093,54.0700692655818],[-1.4522698054625,54.0698007415135],[-1.45373420607535,54.0710148063009],[-1.46114367386627,54.0727221032761],[-1.46142074923051,54.0744503585211],[-1.46466687075532,54.0742889761471],[-1.46783515264468,54.0757227799559],[-1.46952898369127,54.0759268485558],[-1.47073214655797,54.0757516183179],[-1.47071919337984,54.0765951554739],[-1.47178044284899,54.0779547205572],[-1.47123795325728,54.0793760342589],[-1.4699698011991,54.0809135121272],[-1.47058778140846,54.0814860921228],[-1.47253476478224,54.0818632319584],[-1.47268559327572,54.083549560392],[-1.47409024164783,54.0831315368694],[-1.47561890435572,54.0821776507406],[-1.47976327890439,54.0834707108324],[-1.48517737851573,54.0842059294794],[-1.48665789313228,54.0841574696153],[-1.49332964424687,54.0822067901761],[-1.49475181850182,54.0853122773063],[-1.49613845308032,54.0869448133375],[-1.49981070869854,54.0888756603653],[-1.4984371305668,54.0901740240043],[-1.49898095477292,54.0914050788652],[-1.49808106976709,54.0918174683779],[-1.49742890731928,54.0916056780538],[-1.49748287646916,54.0903617474976],[-1.49461493541748,54.0906168499852],[-1.49246466927248,54.0899587024373],[-1.49219687697825,54.0904773493162],[-1.49256762910739,54.0905398802979],[-1.49264034911447,54.0916503389691],[-1.49169753945901,54.0914444039652],[-1.49097979734473,54.0922568083095],[-1.48906264312281,54.0928218502234],[-1.48315184871154,54.0927527794286],[-1.48578345375148,54.0949501921519],[-1.48866348117765,54.0965452429971],[-1.48959343663398,54.098140322491],[-1.49146572075175,54.0955317593367],[-1.49243215431294,54.0954719187451],[-1.49300378301452,54.095790016074],[-1.49288496757856,54.0951406210694],[-1.49373035806055,54.0951543989294],[-1.49447962353424,54.0945194835188],[-1.49506090686424,54.0946154591295],[-1.49548185893296,54.0953168950259],[-1.49967888440846,54.0979649464097],[-1.49894821230596,54.0995233303774],[-1.50288359046975,54.1003809855159],[-1.50830058246502,54.0971082192965],[-1.51002698648984,54.0966815771411],[-1.51147552294237,54.0983321564895],[-1.51373965340189,54.0995546215963],[-1.51549386622403,54.1014537560862],[-1.5168253058259,54.1009078454671],[-1.51803086779633,54.0992707774153],[-1.51927384659935,54.0986044865391],[-1.51950530052974,54.0977622765481],[-1.52664016550863,54.0961584500065],[-1.52730677505922,54.0953547199275],[-1.52975650594144,54.0940055173009],[-1.52938261000378,54.0937838639997],[-1.53005674606173,54.0937633349449],[-1.53041762106452,54.0938075585166],[-1.53362872366011,54.0870920752331],[-1.53253675289002,54.0858908079582],[-1.53177847907908,54.0830593285414],[-1.53088301815887,54.0820672201945],[-1.52981653080048,54.078930083551],[-1.53354967489423,54.0785870129486],[-1.53310722777679,54.0768973834409],[-1.53429998639355,54.075472988456],[-1.53312887315573,54.0739907883384],[-1.53403991793663,54.0724648194768],[-1.53476303349168,54.0724529925865],[-1.53479553922395,54.0718549102028],[-1.53707146563628,54.0723768036438],[-1.53864739293343,54.0738441637989],[-1.54189953091605,54.0746823034872],[-1.54375498098086,54.073849295039],[-1.54505417458786,54.0742693237652],[-1.54708418479636,54.0741969322832],[-1.54819288539333,54.0731172597166],[-1.55030026667086,54.072287621243],[-1.55096569424394,54.0713832129114],[-1.55502502185105,54.0707376986888],[-1.55669604716393,54.0709409391777],[-1.55787850579615,54.0709897457366],[-1.55854989008686,54.0703622397962],[-1.56116932958148,54.0691658089459],[-1.56399943712869,54.0695903562725],[-1.56590880312126,54.0689268409558],[-1.57034347023457,54.068789955805],[-1.57194550708875,54.0654453007886],[-1.57185590313917,54.0640401147292],[-1.57424168268452,54.0635289986803],[-1.57520651871879,54.0636371729754],[-1.5769560843762,54.0649512689954],[-1.57776385003447,54.0662160067819],[-1.57750082109294,54.0673879489929],[-1.57592599333276,54.0687063859821],[-1.57492671149485,54.0707977893976],[-1.57570055856226,54.0718009043826],[-1.57993696851145,54.0741020434666],[-1.58051438664728,54.0751125434212],[-1.57976868644671,54.0760311607345],[-1.58178428130888,54.0769672561047],[-1.58438299443853,54.0776800776228],[-1.58709163097665,54.0773352326296],[-1.58928028719282,54.0782307943207],[-1.59327711067711,54.0809125094569],[-1.59532436879279,54.083661702612],[-1.59816358719782,54.0859928118389],[-1.59768966919449,54.0867944488893],[-1.59987053089724,54.0887764267158],[-1.60122512748384,54.0893533105231],[-1.60276111882326,54.0923045798434],[-1.60277423959959,54.0931837040415],[-1.60350841899569,54.0933026804992],[-1.60357858115524,54.0936607288294],[-1.601505911799,54.0966017762377],[-1.59619480018554,54.0980788169275],[-1.59908343151159,54.1000609278666],[-1.60191471408276,54.0997720385228],[-1.60245673566108,54.1009728864368],[-1.6015495819891,54.1030703429223],[-1.59772304080862,54.1048424803554],[-1.5957624797418,54.1053430629231],[-1.59442749928814,54.1061893907198],[-1.59228625782917,54.106488286863],[-1.59259132579495,54.1074009852027],[-1.592010157169,54.108327492339],[-1.58930391238037,54.1079352478149],[-1.58840849778655,54.1081478915386],[-1.58736131555588,54.1090075211252],[-1.58809239984982,54.1074882038347],[-1.58726412191353,54.1066183616977],[-1.58364548675538,54.1062797335835],[-1.58071391636565,54.1073238003293],[-1.57699632665915,54.1079376241335],[-1.57705690458565,54.1093129045937],[-1.57500723958783,54.1097884896049],[-1.57372975388308,54.1106588499046],[-1.57414217871581,54.1116475225494],[-1.5702364993846,54.1122925133963],[-1.56984216376293,54.1121417221175],[-1.56978935624471,54.1113318204422],[-1.56606350051205,54.1107191174203],[-1.56458703741656,54.109434763049],[-1.55836824216153,54.1090605913681],[-1.55317514100984,54.1101575485263],[-1.55395607325464,54.1111902860068],[-1.55357704246366,54.1134579238704],[-1.55414289548746,54.1148924545903],[-1.54947937595654,54.1166789974202],[-1.54917137061198,54.117396561371],[-1.54948950217612,54.1181277009999],[-1.55082397229721,54.1195775232828],[-1.54970380498514,54.1197931349333],[-1.54980933157586,54.1201159620047],[-1.54669584446541,54.1213473598591],[-1.54617038941416,54.1214369372056],[-1.54573649566871,54.1207401790466],[-1.54454900712173,54.1208320333557],[-1.54463740814569,54.1219732133539],[-1.54370375800141,54.122448190609],[-1.54420896726392,54.1228057526905],[-1.54402902071943,54.1232927764219],[-1.5424879241296,54.1225269890517],[-1.5423921034956,54.1240158102617],[-1.53822639242491,54.1234093308543],[-1.53426783157208,54.121348450521],[-1.53678615874306,54.1204716045628],[-1.53658273511546,54.1202700027277],[-1.53400975855413,54.1211911164092],[-1.53361504307851,54.120843932632],[-1.53261144745809,54.1199437541471],[-1.52939806856576,54.1201676032685],[-1.52839652846228,54.1202466203392],[-1.52478839119045,54.120357775442],[-1.52318260659801,54.1212914465712],[-1.52297272296279,54.1243699095348],[-1.52209556099942,54.1239671636999],[-1.52050712650893,54.1237170417563],[-1.51858761115649,54.1241520873703],[-1.51630075851376,54.1247209167455],[-1.51518470245075,54.1239512731454],[-1.51332136127052,54.1250727957385],[-1.51292549954025,54.1248205368246],[-1.51035349326793,54.1262229705661],[-1.50942669048634,54.1251379046481],[-1.50894304519238,54.1251984829062],[-1.50876007250721,54.1244780906528],[-1.50730056004237,54.1237434757497],[-1.50485686561263,54.1243344948278],[-1.5033640460271,54.1251936713579],[-1.50223275909715,54.1259720434576],[-1.50130690771291,54.1258623267213],[-1.50050307301519,54.1237548170496],[-1.49915799676967,54.123242573381],[-1.49746743251715,54.1235040426626],[-1.4957231707668,54.1246698763632],[-1.49518989710895,54.1246570048741],[-1.4949653282615,54.1252722705882],[-1.49586012776081,54.1263252965266],[-1.4975762175368,54.1266498203807],[-1.49821282317193,54.127272045939],[-1.49683690758588,54.1269289983722],[-1.49657106317543,54.1278741042988],[-1.49587650554773,54.1284051111375],[-1.49686147708338,54.1289542842307],[-1.50033753648844,54.1303253585749],[-1.50197817239316,54.132502798184],[-1.50592145252281,54.1351369830424],[-1.50797848324157,54.1373624820777],[-1.50833518349173,54.1385033688219],[-1.50717237660764,54.1399160955168],[-1.50701133506704,54.1408706357639],[-1.51036414795068,54.1420408481047],[-1.51038161030198,54.1425478777082],[-1.51187285648158,54.1428578037896],[-1.51176268005393,54.1431145038732],[-1.51165833237798,54.1438531292317],[-1.51084711151438,54.1438436581013],[-1.51103620405286,54.145702281021],[-1.51224263190058,54.1470156702002],[-1.51420525891454,54.1465113131385],[-1.51470815119615,54.1485520624457],[-1.51604460940786,54.1483709452166],[-1.51615170619027,54.1478840993167],[-1.52131536323674,54.147549973846],[-1.52071603123796,54.1501536425923],[-1.52172852232614,54.1523488829527],[-1.52214907730631,54.154638671599],[-1.52263159088157,54.1546660505354],[-1.52134236165882,54.1577919946366],[-1.51947512318581,54.1591579066588],[-1.51902418296329,54.1599113690361],[-1.51925804331251,54.1604619306172],[-1.51864423072096,54.1608571723206],[-1.51640200782738,54.1616189460634],[-1.515050404849,54.1608762135724],[-1.51511282930504,54.1602816285404],[-1.514403079816,54.1593866098009],[-1.51048404861167,54.1598424728749],[-1.5104355237883,54.1601837950571],[-1.51144584899527,54.1616797173128],[-1.5124741288647,54.1610882586744],[-1.51337883104274,54.161113255873],[-1.5152491515095,54.1623818158062],[-1.5176258724165,54.1633268681015],[-1.52311113362635,54.1642033155746],[-1.52422750528992,54.1650765183683],[-1.52494782787231,54.1652280878292],[-1.52619948347941,54.1680342488534],[-1.52530466427377,54.1683100219948],[-1.52628093379801,54.1700008235966],[-1.52776899119232,54.1708983685692],[-1.53068916107312,54.1719433011955],[-1.53148303005135,54.1725960873912],[-1.53156535401221,54.1738385338455],[-1.53039339886096,54.1762543704261],[-1.53231972863318,54.1774596972474],[-1.5319149517032,54.1797789533143],[-1.53021903920009,54.1810020850348],[-1.52954928863127,54.1819650551345],[-1.52971093079473,54.1825310496182],[-1.53101026474045,54.1835731501352],[-1.53313084908461,54.1839665572361],[-1.53574614357433,54.1835505915778],[-1.53759516397854,54.1835734165751],[-1.54026346038514,54.1826302449368],[-1.54320323963928,54.1835343831232],[-1.54632326831135,54.1857686719101],[-1.54201522936039,54.1914364548535],[-1.53981740112816,54.1930373797424],[-1.54075137739914,54.1945491200158],[-1.53992841045463,54.1946880937639],[-1.53926261382271,54.1954167380281],[-1.53650980535754,54.1950137310019],[-1.53372291818794,54.1955846484517],[-1.53018691541801,54.1955181406298],[-1.52806496748866,54.1948487596198],[-1.52604562373788,54.1959869810305],[-1.52566949721352,54.1959152862006],[-1.52458909774152,54.1955686028508],[-1.52028124613495,54.1968074119531],[-1.52043613640919,54.1976929434955],[-1.51689283968372,54.1990670500407],[-1.51738546381189,54.1996900061811],[-1.51515194892454,54.1998579828546],[-1.51500236932942,54.1996331939996],[-1.51001347891731,54.2003841106992],[-1.50980356809798,54.2015265740678],[-1.50273477496546,54.202764878978],[-1.50109436869131,54.2042483318375],[-1.49712409476371,54.2038658990406],[-1.49509827779767,54.2033011105856],[-1.49210723010189,54.2111830892242],[-1.49209984992246,54.2158924325246],[-1.49257989644529,54.2173902776292],[-1.49314059196799,54.2177792762933],[-1.49073691360271,54.2186671552573],[-1.48820320278118,54.2190117255588],[-1.48462770907397,54.2203103657678]]]},"properties":{"FID":5533,"MSOA21CD":"E02005763","MSOA21NM":"Harrogate 003","MSOA21NMW":" ","BNG_E":434878,"BNG_N":472002,"LAT":54.14269,"LONG":-1.4676,"GlobalID":"e0bac439-e231-4379-8af5-0c181c200d98","GROUP":"Harrogate & The Dales"}},{"type":"Feature","id":5534,"geometry":{"type":"Polygon","coordinates":[[[-1.51470815119615,54.1485520624457],[-1.51420525891454,54.1465113131385],[-1.51224263190058,54.1470156702002],[-1.51103620405286,54.145702281021],[-1.51084711151438,54.1438436581013],[-1.51165833237798,54.1438531292317],[-1.51176268005393,54.1431145038732],[-1.51187285648158,54.1428578037896],[-1.51038161030198,54.1425478777082],[-1.51036414795068,54.1420408481047],[-1.50701133506704,54.1408706357639],[-1.50717237660764,54.1399160955168],[-1.50833518349173,54.1385033688219],[-1.50797848324157,54.1373624820777],[-1.50592145252281,54.1351369830424],[-1.50197817239316,54.132502798184],[-1.50033753648844,54.1303253585749],[-1.49686147708338,54.1289542842307],[-1.49587650554773,54.1284051111375],[-1.49657106317543,54.1278741042988],[-1.49683690758588,54.1269289983722],[-1.49821282317193,54.127272045939],[-1.4975762175368,54.1266498203807],[-1.49586012776081,54.1263252965266],[-1.4949653282615,54.1252722705882],[-1.49518989710895,54.1246570048741],[-1.4957231707668,54.1246698763632],[-1.49746743251715,54.1235040426626],[-1.49915799676967,54.123242573381],[-1.50050307301519,54.1237548170496],[-1.50130690771291,54.1258623267213],[-1.50223275909715,54.1259720434576],[-1.5033640460271,54.1251936713579],[-1.50485686561263,54.1243344948278],[-1.50730056004237,54.1237434757497],[-1.50876007250721,54.1244780906528],[-1.50894304519238,54.1251984829062],[-1.50942669048634,54.1251379046481],[-1.51035349326793,54.1262229705661],[-1.51292549954025,54.1248205368246],[-1.51332136127052,54.1250727957385],[-1.51518470245075,54.1239512731454],[-1.51630075851376,54.1247209167455],[-1.51858761115649,54.1241520873703],[-1.52050712650893,54.1237170417563],[-1.52209556099942,54.1239671636999],[-1.52297272296279,54.1243699095348],[-1.52318260659801,54.1212914465712],[-1.52478839119045,54.120357775442],[-1.52839652846228,54.1202466203392],[-1.52939806856576,54.1201676032685],[-1.53261144745809,54.1199437541471],[-1.53361504307851,54.120843932632],[-1.53400975855413,54.1211911164092],[-1.53658273511546,54.1202700027277],[-1.53678615874306,54.1204716045628],[-1.53426783157208,54.121348450521],[-1.53822639242491,54.1234093308543],[-1.5423921034956,54.1240158102617],[-1.5424879241296,54.1225269890517],[-1.54402902071943,54.1232927764219],[-1.54482466368424,54.1241713458552],[-1.54361190650206,54.1246518594242],[-1.54270729980822,54.1248767165819],[-1.54322454425054,54.1252786089293],[-1.54239649305374,54.1256144633066],[-1.5432150959051,54.126052333145],[-1.54339754734821,54.1269863013763],[-1.54300662415943,54.1275743384973],[-1.54072472718763,54.1293460143053],[-1.53933691213609,54.1309899057659],[-1.53811627203864,54.1315239136263],[-1.53696142541716,54.1311729127691],[-1.53585717735895,54.131278133892],[-1.53355475123177,54.1314909133088],[-1.5308531614081,54.13259486795],[-1.52798881270371,54.1326887228973],[-1.52648564000815,54.1338247940395],[-1.52651947197087,54.1342230761779],[-1.52648670381794,54.1342594451738],[-1.52520531459884,54.1350363155635],[-1.52369745239336,54.1372303318094],[-1.52352153084044,54.1377321653078],[-1.52412328880248,54.138625899323],[-1.52422586059453,54.1387811185615],[-1.5238858437114,54.1404344990303],[-1.52320118511874,54.1410036671007],[-1.52085976981559,54.1420038193242],[-1.51803911246341,54.142630457335],[-1.51657990072867,54.1428401330266],[-1.51535050518548,54.1436773487795],[-1.52092607089777,54.1461691501747],[-1.521402541986,54.14721446298],[-1.52131536323674,54.147549973846],[-1.51615170619027,54.1478840993167],[-1.51604460940786,54.1483709452166],[-1.51470815119615,54.1485520624457]]]},"properties":{"FID":5534,"MSOA21CD":"E02005764","MSOA21NM":"Harrogate 004","MSOA21NMW":" ","BNG_E":431478,"BNG_N":470908,"LAT":54.13307,"LONG":-1.51976,"GlobalID":"d4797ad6-9cb5-4000-8879-e81aaefd8ae1","GROUP":"Harrogate & The Dales"}},{"type":"Feature","id":5535,"geometry":{"type":"Polygon","coordinates":[[[-1.35055956677082,54.139971148144],[-1.34534328860447,54.1381833515107],[-1.34388488557296,54.1391717425249],[-1.34315942457774,54.1389325887187],[-1.34168077111163,54.1390278129659],[-1.34071487329453,54.1378838568159],[-1.34152370674168,54.1369913573445],[-1.33880397302305,54.1367902622705],[-1.3400158055313,54.1358363700306],[-1.34053803734646,54.1339781760673],[-1.34007148113392,54.1291851541234],[-1.33804606206423,54.1271040425197],[-1.33785408469559,54.1246252498129],[-1.33727129798515,54.1240502151269],[-1.33570643982429,54.1234439363129],[-1.33332991031161,54.1229171001674],[-1.33280209148403,54.1223181980169],[-1.3329425728821,54.1218757746161],[-1.3345741203329,54.1207880422407],[-1.33431343774725,54.1172098569266],[-1.33685713744839,54.1142172725786],[-1.33667025616657,54.1137660224868],[-1.33526378590642,54.1130538716889],[-1.33492292036237,54.1122476062735],[-1.3354100107939,54.1118315387201],[-1.33838111982373,54.1114862006277],[-1.34060181193216,54.1085627719924],[-1.34070570869478,54.1075558927226],[-1.33935340548375,54.1067219089582],[-1.33589633437653,54.1061872379194],[-1.3354805128198,54.1065773042274],[-1.3364294508175,54.1076430555621],[-1.33607554190811,54.1086998903275],[-1.33537591773325,54.1090864953595],[-1.33382332829415,54.1091838095781],[-1.33116302266422,54.1073322378644],[-1.3307302456593,54.1061794275103],[-1.33124451568166,54.1033006514089],[-1.32849847308803,54.1027955451809],[-1.3277418803505,54.1017928581934],[-1.32819785800746,54.101404435498],[-1.33090247383581,54.1006752209037],[-1.33139162563291,54.0997829850358],[-1.33117184289359,54.099080487438],[-1.34211406266657,54.1005218606596],[-1.3435358361893,54.1011227957943],[-1.34554781102713,54.1014577996029],[-1.34667155380579,54.1002197466639],[-1.34724167003747,54.0991527454322],[-1.3469560307991,54.09728629111],[-1.34613423880706,54.0968538006764],[-1.34579104018715,54.0948479120099],[-1.34380023848869,54.0930497726689],[-1.34402058310859,54.0918300769718],[-1.34509755720667,54.0909155479572],[-1.34499820249198,54.0899721482454],[-1.34295719054372,54.0877043102294],[-1.33996752821265,54.0848700594892],[-1.339349802633,54.0834289328978],[-1.33762459016375,54.0816724840791],[-1.33373273293483,54.0807197328051],[-1.33015409041559,54.0811250069208],[-1.32510612778781,54.0825151658729],[-1.32159373948609,54.0812837612435],[-1.31711176427132,54.081667348238],[-1.31306808634648,54.0816345233952],[-1.311557685501,54.0813329521686],[-1.30984823783543,54.0801778827102],[-1.30945324640415,54.0780078408814],[-1.30748575473111,54.0749966376259],[-1.30326259080633,54.0720133953131],[-1.30046224254017,54.0694755682971],[-1.29809646158184,54.0662648678749],[-1.30110769935945,54.0638131865001],[-1.30155037271607,54.0620974283836],[-1.30547452776765,54.0618665043881],[-1.31016757235464,54.0649394506876],[-1.31616984454355,54.0621184261129],[-1.32240607432612,54.0596874191761],[-1.3256602964305,54.057563696061],[-1.32649416432291,54.0595002037608],[-1.33078403772014,54.0585295531968],[-1.33246137585058,54.0607169870113],[-1.33966199755156,54.0576548825805],[-1.3415994505892,54.0583081175581],[-1.34339564876947,54.0573528267073],[-1.34317037506438,54.0568059204561],[-1.34390123974395,54.0561094223496],[-1.34834696388824,54.0557788236444],[-1.35040115101376,54.0561235476502],[-1.3526688731478,54.0560377825601],[-1.3501269450736,54.0530958029806],[-1.34816080865365,54.0526357849705],[-1.34736618844465,54.0528696375351],[-1.34623418735704,54.051813997214],[-1.35042048453623,54.0496311293044],[-1.35056701006241,54.04922590644],[-1.35396517204264,54.047636088161],[-1.35551432933567,54.0460196806655],[-1.35684986095411,54.0432895067373],[-1.35821002689373,54.0422116002174],[-1.36019531703668,54.0415420856755],[-1.36282881402885,54.0420863209441],[-1.36360545433324,54.0427285539099],[-1.3648898763353,54.0424937891633],[-1.36576207121777,54.0410321404226],[-1.36694664818763,54.0401099516129],[-1.37099975440494,54.0398663289193],[-1.37374036702006,54.037984205403],[-1.37471219342821,54.0389463825716],[-1.37958540267111,54.0373600355446],[-1.37925504008399,54.0358609994273],[-1.37734686090148,54.0330596747777],[-1.3771417071634,54.0288013523745],[-1.37889356235713,54.0275573516896],[-1.3856835981843,54.0258572645357],[-1.38656048957997,54.0252334394468],[-1.38676049696293,54.0241531284084],[-1.39338548797136,54.0243285164039],[-1.39957473181696,54.0233632991477],[-1.39906253972129,54.0200799515695],[-1.40113379955321,54.0189614666814],[-1.40333105088791,54.018298015955],[-1.40359071632847,54.0169820358445],[-1.40313983784244,54.0150623352915],[-1.40547379295222,54.013355257646],[-1.40702506494827,54.0134277966921],[-1.41056002508743,54.013505243921],[-1.41236163532275,54.013204538702],[-1.41430642219798,54.0123503473266],[-1.41549515182843,54.0136183307072],[-1.41074402126246,54.0165498880524],[-1.41071198902895,54.0171288815174],[-1.41217997255898,54.0179750044427],[-1.41343855358396,54.0174699649011],[-1.42007775034538,54.016588742743],[-1.41997116112923,54.0167766836479],[-1.42088671740077,54.0169237699771],[-1.42105812920746,54.0191247395915],[-1.42110027565724,54.0209872391279],[-1.42075854771103,54.0214150462329],[-1.42010084630634,54.0213773321776],[-1.4196355402666,54.0222598398491],[-1.42292224533769,54.0232319615491],[-1.42458147742745,54.0240454277782],[-1.42234734803728,54.0250646546472],[-1.42241637798708,54.0255924483777],[-1.42331476624602,54.0260995104899],[-1.42467263774677,54.0260467499722],[-1.42673694619901,54.0254342104823],[-1.42830188653043,54.0256967592698],[-1.42787053646112,54.0290212132426],[-1.43129064113739,54.0293241802609],[-1.4336706317626,54.030102973554],[-1.43418599893376,54.0291454534692],[-1.43539748188187,54.0284312090175],[-1.43964763239235,54.0272522237423],[-1.43937173964564,54.0265492028418],[-1.4438054703153,54.0254631664123],[-1.4443605014812,54.0267680661939],[-1.44304668589247,54.0273457730549],[-1.44343942466246,54.0278320665307],[-1.44281344260803,54.0283147334591],[-1.44539247519743,54.0293794524424],[-1.44479845092494,54.0297807490203],[-1.44575534290501,54.0304718931607],[-1.44448283738553,54.0312225270244],[-1.4447495785128,54.0318389411371],[-1.44922760938362,54.0314017684288],[-1.45190488390959,54.030203270058],[-1.45407570999192,54.0326894022306],[-1.45428431578309,54.0335587724532],[-1.45384453787165,54.0336654587328],[-1.45435274605814,54.0344918411632],[-1.45077902570905,54.0352926373681],[-1.45053065995165,54.0363997929329],[-1.45014010236453,54.0364923727909],[-1.4503465772939,54.0373987014746],[-1.44735483415049,54.0375472124873],[-1.44670003379547,54.0378821258542],[-1.44736287197261,54.0393546071278],[-1.44528309465308,54.0397011687087],[-1.4454027195954,54.0401285438356],[-1.44063619382072,54.0413351249329],[-1.44096555796086,54.042254240595],[-1.44195890058903,54.0430157144852],[-1.44112406233185,54.0427484527111],[-1.43918758181399,54.0430972723612],[-1.43788448216567,54.0436860670219],[-1.43664794830535,54.042873379342],[-1.43531060781402,54.0429558725242],[-1.43448184545028,54.043470457044],[-1.43433461812547,54.0440873894467],[-1.43188721935252,54.0441629463147],[-1.43044834482682,54.0448653340613],[-1.42975708118393,54.0459287841062],[-1.42577171547801,54.0491024485242],[-1.4223182745357,54.0511854079408],[-1.41979982581044,54.0524981443432],[-1.41915377889914,54.0524787372914],[-1.41148881182336,54.0555189775933],[-1.41279922303236,54.0581587832799],[-1.41541481420394,54.0594595199427],[-1.41776029808043,54.0611695122337],[-1.42223822738795,54.065779278532],[-1.431616251838,54.0729591082491],[-1.42822643235892,54.0741183124377],[-1.42432566325811,54.0779394201394],[-1.42235235119283,54.0791309085412],[-1.41834292558488,54.0801631647803],[-1.41413656679767,54.0807502532987],[-1.41207588000768,54.0818036025972],[-1.41016106047733,54.0821967289547],[-1.40761778386646,54.0840158168252],[-1.40788829339849,54.084537980428],[-1.40680347950936,54.0861159645876],[-1.40687977377908,54.0866832850211],[-1.40610682862865,54.0874963412812],[-1.40540348847963,54.0874743143586],[-1.40454643487463,54.0879753735324],[-1.403742334952,54.0892934535807],[-1.40330710400301,54.0893415294854],[-1.4041196144806,54.0904351279327],[-1.40470316821083,54.0921288523361],[-1.40463514039555,54.0983328437959],[-1.40818621704012,54.0984230782719],[-1.41091713052406,54.0975494940353],[-1.41302836267837,54.0944627384892],[-1.4123903931627,54.0917633637855],[-1.41357419590942,54.0910967513959],[-1.41719704275254,54.0913443499812],[-1.42027931845334,54.0920214786193],[-1.42316204857693,54.0904203592738],[-1.42602124373446,54.0901958362472],[-1.42818118129934,54.0905467832306],[-1.43130676524546,54.0919439619532],[-1.43626041443314,54.0921927610842],[-1.44209304004926,54.0928841270371],[-1.44210591480841,54.0938503477406],[-1.44128369081848,54.0951972242897],[-1.44301106596549,54.0960115429898],[-1.44198140808484,54.0963977399303],[-1.44181260677185,54.0972614431114],[-1.44096741092368,54.0979990082737],[-1.44131416750119,54.0996470156008],[-1.43746497145577,54.1007493477289],[-1.43479092873703,54.102300516661],[-1.4346837182826,54.1027699003696],[-1.42866973358939,54.103704899259],[-1.42266057132004,54.1059602308465],[-1.42432601404818,54.1114632179657],[-1.42543432703995,54.1134087100337],[-1.42491671456968,54.1135519565785],[-1.4218688764045,54.1173551252733],[-1.42179070523776,54.1176873227405],[-1.42729500104204,54.1200314903882],[-1.43109882308105,54.1221230416112],[-1.42227414752134,54.1228736917737],[-1.41905349720549,54.1238603269195],[-1.41249503360167,54.1252282796318],[-1.40880868907772,54.1221829104405],[-1.40251159686174,54.124391414891],[-1.39598036618354,54.1260504522062],[-1.38573240106987,54.1282687023131],[-1.38499983240556,54.1280143098113],[-1.38087206385101,54.1296181854548],[-1.37496621912722,54.1309288598305],[-1.37558719047222,54.1329385136882],[-1.37259203770532,54.1342949006863],[-1.370339373595,54.1341387950389],[-1.36619432150939,54.1321895314377],[-1.36300135029005,54.1339697066077],[-1.35857008415944,54.1350490459104],[-1.35725744413142,54.1362098625327],[-1.35596805478886,54.1367601999146],[-1.35391109436372,54.1386620232713],[-1.35055956677082,54.139971148144]]]},"properties":{"FID":5535,"MSOA21CD":"E02005765","MSOA21NM":"Harrogate 005","MSOA21NMW":" ","BNG_E":440936,"BNG_N":465598,"LAT":54.08469,"LONG":-1.37574,"GlobalID":"f8cf2fd3-636e-4c12-98ee-7bb8379a293c","GROUP":"Harrogate & The Dales"}},{"type":"Feature","id":5536,"geometry":{"type":"Polygon","coordinates":[[[-1.88644850985698,54.2100113976244],[-1.86796755493402,54.205410248918],[-1.86379237507035,54.2056957433934],[-1.85503211894357,54.1999806460421],[-1.84350376184774,54.1953357956664],[-1.83175449986439,54.1937462309333],[-1.81911448982488,54.1749033395631],[-1.81556255216636,54.1706664416708],[-1.80546188584558,54.1676392407337],[-1.78260049431029,54.1655228436899],[-1.77980791802095,54.1637370397749],[-1.77996090008952,54.1610656359194],[-1.77920228321737,54.1586466727366],[-1.77455331432545,54.1545755470053],[-1.77453797450316,54.1501692207835],[-1.77184942904183,54.1495898159878],[-1.77026797589954,54.1481553100996],[-1.76607983240495,54.1467208089164],[-1.76476588978263,54.1446461251437],[-1.76417204927158,54.1410494780647],[-1.7583365568475,54.1285755690257],[-1.75748250177236,54.1217713218949],[-1.75424739008394,54.1169439160358],[-1.75193566976928,54.1165060915017],[-1.74849994981501,54.1163777052173],[-1.74708629671313,54.1169813095776],[-1.74521896823688,54.1171318808706],[-1.74407441892399,54.1176080340698],[-1.74146184553805,54.1173637307269],[-1.7364669069545,54.1178887632721],[-1.73379293964211,54.1176203154937],[-1.7297271862527,54.1184670373577],[-1.72523900319747,54.1174466609624],[-1.72233983821708,54.1172566234819],[-1.72003902730428,54.1167248328992],[-1.71265162077631,54.1137313739826],[-1.71030308869058,54.1124498249521],[-1.70843422026643,54.1120184181144],[-1.70776412651207,54.11148012832],[-1.70458559595814,54.1107656884598],[-1.70232807231938,54.1119647443611],[-1.70074552622797,54.1133970662053],[-1.69957468587734,54.112835848194],[-1.69591163663952,54.1092418238911],[-1.68969397906242,54.1061225138469],[-1.68218614707607,54.1031516383085],[-1.67653015732671,54.0986778013681],[-1.67596205046151,54.0940551038855],[-1.6769274506507,54.0900441160712],[-1.67660281206353,54.0897538244599],[-1.66746246305855,54.0915373793914],[-1.65926328022921,54.0937771160952],[-1.65373089097789,54.0939916301954],[-1.65307628586887,54.0943357631531],[-1.65125667741372,54.0945344649713],[-1.64576984066474,54.0931360451901],[-1.64122617709323,54.0925645445627],[-1.63693235268695,54.0935464796553],[-1.63551160457039,54.0931936512986],[-1.6353726935824,54.0928243469424],[-1.63484639598641,54.0928796038115],[-1.63308081401028,54.0916804676455],[-1.63020883727373,54.0906455915014],[-1.62925145156021,54.0896972148435],[-1.62815142270586,54.0897343990514],[-1.627214241673,54.0892252715778],[-1.62403263387414,54.0882711823064],[-1.62021511502696,54.0897521548723],[-1.61821025385987,54.0889906273172],[-1.61761019941654,54.0891261247221],[-1.6149284619654,54.0884713320556],[-1.61414126796536,54.087942202616],[-1.60925118127985,54.0870785303221],[-1.60721914726972,54.087419288439],[-1.60723793279708,54.0880530014499],[-1.60619380007189,54.0882852533915],[-1.60325294190326,54.0873325333359],[-1.60177746666752,54.0872506611134],[-1.59816358719782,54.0859928118389],[-1.59532436879279,54.083661702612],[-1.59327711067711,54.0809125094569],[-1.58928028719282,54.0782307943207],[-1.58709163097665,54.0773352326296],[-1.58438299443853,54.0776800776228],[-1.58178428130888,54.0769672561047],[-1.57976868644671,54.0760311607345],[-1.58051438664728,54.0751125434212],[-1.57993696851145,54.0741020434666],[-1.57570055856226,54.0718009043826],[-1.57492671149485,54.0707977893976],[-1.57592599333276,54.0687063859821],[-1.57750082109294,54.0673879489929],[-1.57776385003447,54.0662160067819],[-1.5769560843762,54.0649512689954],[-1.57520651871879,54.0636371729754],[-1.58810806166007,54.0548482277272],[-1.5886244108232,54.0550203812483],[-1.59105889439201,54.0546340693917],[-1.59214600996715,54.054819213805],[-1.59387481116948,54.0564455891979],[-1.59590542049064,54.0570006562761],[-1.59787700633523,54.0569002601082],[-1.60013586426712,54.057907053248],[-1.60100736399507,54.057080580348],[-1.60414920209342,54.0563037000938],[-1.60595752648843,54.0563489503584],[-1.6067189463586,54.0572080703487],[-1.60852760899842,54.0576237012569],[-1.61102486377332,54.05715268877],[-1.61315789109047,54.0555572560279],[-1.61320987312908,54.0540699886123],[-1.6160874381289,54.0516194341614],[-1.61915160026698,54.0497150924959],[-1.62239774480785,54.046008731597],[-1.6247568642211,54.0446758481117],[-1.62666757788479,54.0443177942232],[-1.63044312686789,54.0423128841393],[-1.63095665879486,54.0412744355605],[-1.63311793549794,54.0391510036893],[-1.63404475461337,54.0370661907046],[-1.63874611418924,54.0374159192347],[-1.64284547739349,54.0388844991793],[-1.65011710719656,54.039392294469],[-1.65077696922652,54.0393447787437],[-1.6543199816789,54.0376184592726],[-1.65821150942786,54.0365889351635],[-1.66010371679906,54.0363112307851],[-1.66062645750194,54.0358416175534],[-1.66745739666558,54.0353515720987],[-1.66857356008476,54.0347339470679],[-1.66879838374975,54.0349008338335],[-1.67618271001061,54.0330872424162],[-1.68271500102437,54.0334699679881],[-1.68598091138668,54.0342792556161],[-1.68747003305028,54.0356750622155],[-1.68840282121465,54.0354831239126],[-1.69095864401272,54.0362501488165],[-1.69315026923316,54.0365822431824],[-1.69362881907003,54.0369081243587],[-1.6950509508386,54.0366131769458],[-1.69496779135578,54.036110512735],[-1.6964033024121,54.0364629599069],[-1.69704828246762,54.0370063571273],[-1.69841531209102,54.0364947320724],[-1.69940718832058,54.0357596352309],[-1.70075937576289,54.0356262292144],[-1.70270857704687,54.0348690724306],[-1.70440856958103,54.0347311369645],[-1.70542164076469,54.0339786637497],[-1.70579830489504,54.0342733564602],[-1.70779148402312,54.0330738688963],[-1.70918730405274,54.032823061285],[-1.70936840152505,54.0317548226034],[-1.71053453431152,54.0311815740301],[-1.71032037155443,54.0304736225297],[-1.71298558132927,54.0283644796158],[-1.71469176244259,54.0282533707516],[-1.71582213689636,54.0272342533469],[-1.71833826845853,54.0271277432858],[-1.71847281388118,54.0264279498031],[-1.71990938647848,54.0268724939852],[-1.72097664651983,54.024779159717],[-1.72617409022896,54.0233934598185],[-1.72676028903883,54.022667633249],[-1.72861473718349,54.0217208093619],[-1.73120464237866,54.0194257611751],[-1.73184936501126,54.0192943366912],[-1.73346022706484,54.0179865487264],[-1.73793770523202,54.0162959882956],[-1.74420181619875,54.0144298647146],[-1.74606199859934,54.012416071087],[-1.76169776340611,54.0081039365995],[-1.76186489041876,54.0072803074712],[-1.7602281310081,54.0064350419059],[-1.759994838941,54.005370147833],[-1.75941166489162,54.0048990892525],[-1.7613642724438,54.0046863912327],[-1.76253395435566,54.0049778519123],[-1.76589576313528,54.004644123648],[-1.76863434538195,54.0048033650707],[-1.76922745025086,54.0050768837475],[-1.77144695587141,54.0047117683486],[-1.77339663321453,54.0050375960749],[-1.77464059165822,54.0046840679664],[-1.77803797266426,54.0050543425454],[-1.77982839585389,54.0043983318245],[-1.7805056628624,54.0045398349386],[-1.78124473162501,54.0040668529188],[-1.78246966177229,54.0039566659643],[-1.78416690269901,54.0039814791337],[-1.78618196510206,54.0046665836308],[-1.78767989841426,54.004514481739],[-1.79064744037791,54.0048645638446],[-1.79412389343283,54.0041768294785],[-1.79763717617655,54.0024706109458],[-1.79926292541868,54.0022677358868],[-1.80054304661047,54.0016586994874],[-1.80228890306663,54.0014528998622],[-1.80973585270005,53.9994050215491],[-1.81193197233186,53.9995387891817],[-1.81731998605725,53.9984168759351],[-1.81932800600823,53.9969498606149],[-1.81952715687147,53.996416291325],[-1.82107572250468,53.9973588707213],[-1.82277006699577,53.9974287801077],[-1.82288851783046,53.9979412509607],[-1.82385187594741,53.9981788755617],[-1.82616060672563,53.9997792154217],[-1.82748274162513,54.001354231426],[-1.82977184563908,54.0030488512599],[-1.83097559395869,54.0034591403618],[-1.83064382054426,54.004472940125],[-1.8314100319809,54.0093262088346],[-1.83356050625249,54.0113738834742],[-1.83491487402593,54.0135296947433],[-1.83593885307603,54.0142295927947],[-1.83736638838063,54.0149140287591],[-1.84804499330467,54.0136706212665],[-1.85347087329327,54.0287730016542],[-1.87234845358467,54.0355001004735],[-1.87225826655061,54.0362864019374],[-1.86867120723408,54.0420497940013],[-1.87036297088474,54.0444962454671],[-1.87244002175796,54.0460255012604],[-1.87352645902477,54.0460431448613],[-1.87202833309866,54.0471438264742],[-1.86732599012468,54.048921084444],[-1.86665412607597,54.0496698996857],[-1.86398856206729,54.0502317337761],[-1.85968270696839,54.0521200958664],[-1.85372557534532,54.0531215908403],[-1.85278657344565,54.057716989459],[-1.85000943288929,54.0619177724794],[-1.84908549613212,54.0631296509162],[-1.84606860828843,54.0645180555904],[-1.84221948839842,54.0678749626096],[-1.84075770333801,54.0701570016381],[-1.84059429968177,54.0705806511661],[-1.8423973756848,54.0713336656237],[-1.84627125810112,54.0737663866898],[-1.86172531805103,54.0805399495119],[-1.86711324866151,54.0976894509702],[-1.87132516197234,54.0995275674011],[-1.87596725367905,54.1000768633372],[-1.8797701509924,54.1022258722812],[-1.88734560183288,54.1024643096197],[-1.89100184535432,54.1044172088893],[-1.89323341998072,54.109690640018],[-1.89426247153795,54.1108054906587],[-1.89510957448974,54.1137950894834],[-1.9005618909781,54.1164009365123],[-1.90309238455493,54.1196454686591],[-1.90561762223678,54.122473379073],[-1.91963068556216,54.1203802211971],[-1.92269823573353,54.1203642402039],[-1.92510214514821,54.1209229723125],[-1.93174449724464,54.122367658395],[-1.93494376908522,54.1222938662054],[-1.937726751415,54.1233774629065],[-1.94726448134407,54.1250336655113],[-1.94960676313275,54.1264215105921],[-1.95665729043024,54.1321620735111],[-1.95714355284996,54.1325635882737],[-1.9573814743738,54.1355890280211],[-1.95529205902946,54.1367518507069],[-1.95422946565321,54.1431066072756],[-1.96358704465944,54.1521301946844],[-1.9666115442155,54.1532013885816],[-1.97249221545293,54.1580848939428],[-1.9868882703438,54.156622699877],[-1.98841723761451,54.155309222648],[-1.99217645236529,54.1551163158222],[-1.99317160449912,54.1556583965952],[-1.99757600758222,54.1606759887646],[-1.99799470065363,54.1620943096699],[-1.99775094910345,54.1651949251895],[-1.99911690830092,54.1673872799404],[-2.00450804592518,54.172884412782],[-2.00378176006164,54.1744672542757],[-2.00192373143204,54.1763608295329],[-1.98485888283313,54.185480269287],[-1.97871138378498,54.1883058321871],[-1.96535618103587,54.1927595934084],[-1.94216320400217,54.1991133528706],[-1.93773523988786,54.1997557095382],[-1.92801116263051,54.2003210118316],[-1.92440633596887,54.2001570481588],[-1.91237774901498,54.2046425482492],[-1.89561574280291,54.210356902751],[-1.88644850985698,54.2100113976244]]]},"properties":{"FID":5536,"MSOA21CD":"E02005766","MSOA21NM":"Harrogate 006","MSOA21NMW":" ","BNG_E":413860,"BNG_N":465524,"LAT":54.08546,"LONG":-1.78963,"GlobalID":"ef124f7b-775f-4e8c-aa70-99f09f849b06","GROUP":"Harrogate & The Dales"}},{"type":"Feature","id":5537,"geometry":{"type":"Polygon","coordinates":[[[-1.51147552294237,54.0983321564895],[-1.51002698648984,54.0966815771411],[-1.50830058246502,54.0971082192965],[-1.50288359046975,54.1003809855159],[-1.49894821230596,54.0995233303774],[-1.49967888440846,54.0979649464097],[-1.49548185893296,54.0953168950259],[-1.49506090686424,54.0946154591295],[-1.49447962353424,54.0945194835188],[-1.49373035806055,54.0951543989294],[-1.49288496757856,54.0951406210694],[-1.49300378301452,54.095790016074],[-1.49243215431294,54.0954719187451],[-1.49146572075175,54.0955317593367],[-1.48959343663398,54.098140322491],[-1.48866348117765,54.0965452429971],[-1.48578345375148,54.0949501921519],[-1.48315184871154,54.0927527794286],[-1.48906264312281,54.0928218502234],[-1.49097979734473,54.0922568083095],[-1.49169753945901,54.0914444039652],[-1.49264034911447,54.0916503389691],[-1.49256762910739,54.0905398802979],[-1.49219687697825,54.0904773493162],[-1.49246466927248,54.0899587024373],[-1.49461493541748,54.0906168499852],[-1.49748287646916,54.0903617474976],[-1.49742890731928,54.0916056780538],[-1.49808106976709,54.0918174683779],[-1.49898095477292,54.0914050788652],[-1.4984371305668,54.0901740240043],[-1.49981070869854,54.0888756603653],[-1.49613845308032,54.0869448133375],[-1.49475181850182,54.0853122773063],[-1.49332964424687,54.0822067901761],[-1.48665789313228,54.0841574696153],[-1.48517737851573,54.0842059294794],[-1.47976327890439,54.0834707108324],[-1.47561890435572,54.0821776507406],[-1.47409024164783,54.0831315368694],[-1.47268559327572,54.083549560392],[-1.47253476478224,54.0818632319584],[-1.47058778140846,54.0814860921228],[-1.4699698011991,54.0809135121272],[-1.47123795325728,54.0793760342589],[-1.47178044284899,54.0779547205572],[-1.47071919337984,54.0765951554739],[-1.47073214655797,54.0757516183179],[-1.46952898369127,54.0759268485558],[-1.46783515264468,54.0757227799559],[-1.46466687075532,54.0742889761471],[-1.46142074923051,54.0744503585211],[-1.46114367386627,54.0727221032761],[-1.45373420607535,54.0710148063009],[-1.4522698054625,54.0698007415135],[-1.44796558693093,54.0700692655818],[-1.4456896832464,54.0693237112477],[-1.44420683344319,54.0700438313832],[-1.44293625622754,54.070240159672],[-1.44231916250459,54.0698598721685],[-1.4413559472254,54.0697908178259],[-1.44028722596558,54.0705009304892],[-1.43461808474985,54.0718217651316],[-1.431616251838,54.0729591082491],[-1.42223822738795,54.065779278532],[-1.41776029808043,54.0611695122337],[-1.41541481420394,54.0594595199427],[-1.41279922303236,54.0581587832799],[-1.41148881182336,54.0555189775933],[-1.41915377889914,54.0524787372914],[-1.41979982581044,54.0524981443432],[-1.4223182745357,54.0511854079408],[-1.42577171547801,54.0491024485242],[-1.42975708118393,54.0459287841062],[-1.43044834482682,54.0448653340613],[-1.43188721935252,54.0441629463147],[-1.43433461812547,54.0440873894467],[-1.43448184545028,54.043470457044],[-1.43531060781402,54.0429558725242],[-1.43664794830535,54.042873379342],[-1.43788448216567,54.0436860670219],[-1.43918758181399,54.0430972723612],[-1.44112406233185,54.0427484527111],[-1.44195890058903,54.0430157144852],[-1.44096555796086,54.042254240595],[-1.44063619382072,54.0413351249329],[-1.4454027195954,54.0401285438356],[-1.44528309465308,54.0397011687087],[-1.44736287197261,54.0393546071278],[-1.44670003379547,54.0378821258542],[-1.44735483415049,54.0375472124873],[-1.4503465772939,54.0373987014746],[-1.45014010236453,54.0364923727909],[-1.45053065995165,54.0363997929329],[-1.45077902570905,54.0352926373681],[-1.45435274605814,54.0344918411632],[-1.45384453787165,54.0336654587328],[-1.45428431578309,54.0335587724532],[-1.45407570999192,54.0326894022306],[-1.45190488390959,54.030203270058],[-1.44922760938362,54.0314017684288],[-1.4447495785128,54.0318389411371],[-1.44448283738553,54.0312225270244],[-1.44575534290501,54.0304718931607],[-1.44479845092494,54.0297807490203],[-1.44539247519743,54.0293794524424],[-1.44281344260803,54.0283147334591],[-1.44343942466246,54.0278320665307],[-1.44304668589247,54.0273457730549],[-1.4443605014812,54.0267680661939],[-1.4438054703153,54.0254631664123],[-1.43937173964564,54.0265492028418],[-1.43964763239235,54.0272522237423],[-1.43539748188187,54.0284312090175],[-1.44208378057013,54.0246959653603],[-1.44411770069736,54.0213985058939],[-1.44355090923737,54.0208347000005],[-1.44316796215725,54.0171501971353],[-1.44448257924653,54.0132657122181],[-1.45002676011878,54.0135577098684],[-1.45345050005126,54.0125967241902],[-1.4555600188945,54.012697753264],[-1.45702198587689,54.0127368555222],[-1.45711080676143,54.0129778597784],[-1.45544098558788,54.0134736199661],[-1.45438014410905,54.0145188331111],[-1.45610525597366,54.0143422055455],[-1.45793836097336,54.0145350284258],[-1.45802446179294,54.0148887899443],[-1.4563113994599,54.0161332147737],[-1.45679157233938,54.0163589895048],[-1.4576896167132,54.0169306974974],[-1.45794989639483,54.0176636901576],[-1.45908252314128,54.0174446597554],[-1.45910345450595,54.0181522159695],[-1.46095855151349,54.0182778305259],[-1.4604938331951,54.0171711630246],[-1.46118402216043,54.0172945677546],[-1.4617991671924,54.0176990980536],[-1.46176400721785,54.0185265584194],[-1.46316902967106,54.0187638638768],[-1.46300628579263,54.0180863170723],[-1.46394216103556,54.0172200201858],[-1.46336300587496,54.016634942865],[-1.46400309262537,54.0164348480994],[-1.4633770318507,54.016130342623],[-1.46432700708842,54.0156565256424],[-1.4648064939729,54.0157126219558],[-1.46463100283285,54.0159103100114],[-1.46584744932038,54.0154898256041],[-1.46505303529367,54.0147755029647],[-1.46712253677608,54.0141535633797],[-1.46813683287193,54.01333382557],[-1.46846302258765,54.0134451864481],[-1.4691513813848,54.0120134210797],[-1.47039398805455,54.0113429833044],[-1.47046523579888,54.0112823719978],[-1.47174098053522,54.0112425826954],[-1.4732949043554,54.0107255719436],[-1.47572243133794,54.0084945596558],[-1.4802890438375,54.0074577232405],[-1.48818939450697,54.0050928362401],[-1.48820876195181,54.0051344274823],[-1.48832914576988,54.0053978516972],[-1.48908669656542,54.0066446427561],[-1.49572319575584,54.0061856057663],[-1.4956344325655,54.007218840166],[-1.49484480185109,54.0120733992038],[-1.49499325784697,54.0144270849783],[-1.49815462937786,54.0147000319204],[-1.49910117622353,54.0158634463023],[-1.49835335048338,54.0172559611671],[-1.49591366355921,54.017984171182],[-1.49580462129752,54.0188369510725],[-1.49673756222059,54.0194167707314],[-1.50119055070196,54.0194166301657],[-1.50506316286037,54.0188141245126],[-1.50603078026894,54.0193657937468],[-1.5049745660146,54.0210725323629],[-1.50556361900225,54.0220042945605],[-1.50697601623103,54.022444285961],[-1.51014001278643,54.022472371889],[-1.51308767001055,54.0237491285611],[-1.51450279341739,54.0242159427136],[-1.5154117526405,54.0241931961905],[-1.51816601465125,54.0228871417582],[-1.52116570418839,54.0214598205114],[-1.52382453024876,54.0260905839219],[-1.52489183156487,54.0294695347497],[-1.52455767927718,54.0309119899619],[-1.52568263999046,54.0324229423109],[-1.52456914225183,54.0350584498578],[-1.52141645030339,54.0360413446737],[-1.5217916319709,54.0377361557556],[-1.52340295451778,54.0384500479123],[-1.52325603867889,54.0390336455078],[-1.5238416104479,54.0394915663292],[-1.52588837796021,54.0400178226552],[-1.5267779068204,54.0406015852447],[-1.5308500923523,54.0414033223295],[-1.53265747715287,54.0434184403969],[-1.53847221218935,54.0448102712151],[-1.53874104555518,54.0463515611604],[-1.53992498066854,54.0474472512692],[-1.54250942654889,54.0482280902614],[-1.54381473790533,54.0499398386298],[-1.54588271625913,54.0491163275224],[-1.54509745159581,54.0496967111394],[-1.54514376051215,54.0502206949081],[-1.54705658487392,54.0512592506084],[-1.55064630499679,54.0510794394407],[-1.55372797282547,54.0516099803492],[-1.55636355841861,54.0545426535147],[-1.55730406262917,54.0548901696342],[-1.55780014572442,54.0544752047171],[-1.55811634977742,54.0550425730227],[-1.56039106413257,54.0554839955652],[-1.5601579165096,54.0558921129221],[-1.56177052069238,54.0565863509435],[-1.5642784830933,54.060165456646],[-1.56669953832063,54.0620395010309],[-1.56669371324141,54.0625558557361],[-1.56735230867724,54.0630873527008],[-1.56997696985277,54.0630762627744],[-1.57109085767733,54.064003976875],[-1.57185590313917,54.0640401147292],[-1.57194550708875,54.0654453007886],[-1.57034347023457,54.068789955805],[-1.56590880312126,54.0689268409558],[-1.56399943712869,54.0695903562725],[-1.56116932958148,54.0691658089459],[-1.55854989008686,54.0703622397962],[-1.55787850579615,54.0709897457366],[-1.55669604716393,54.0709409391777],[-1.55502502185105,54.0707376986888],[-1.55096569424394,54.0713832129114],[-1.55030026667086,54.072287621243],[-1.54819288539333,54.0731172597166],[-1.54708418479636,54.0741969322832],[-1.54505417458786,54.0742693237652],[-1.54375498098086,54.073849295039],[-1.54189953091605,54.0746823034872],[-1.53864739293343,54.0738441637989],[-1.53707146563628,54.0723768036438],[-1.53479553922395,54.0718549102028],[-1.53476303349168,54.0724529925865],[-1.53403991793663,54.0724648194768],[-1.53312887315573,54.0739907883384],[-1.53429998639355,54.075472988456],[-1.53310722777679,54.0768973834409],[-1.53354967489423,54.0785870129486],[-1.52981653080048,54.078930083551],[-1.53088301815887,54.0820672201945],[-1.53177847907908,54.0830593285414],[-1.53253675289002,54.0858908079582],[-1.53362872366011,54.0870920752331],[-1.53041762106452,54.0938075585166],[-1.53005674606173,54.0937633349449],[-1.52938261000378,54.0937838639997],[-1.52975650594144,54.0940055173009],[-1.52730677505922,54.0953547199275],[-1.52664016550863,54.0961584500065],[-1.51950530052974,54.0977622765481],[-1.51927384659935,54.0986044865391],[-1.51803086779633,54.0992707774153],[-1.5168253058259,54.1009078454671],[-1.51549386622403,54.1014537560862],[-1.51373965340189,54.0995546215963],[-1.51147552294237,54.0983321564895]]]},"properties":{"FID":5537,"MSOA21CD":"E02005767","MSOA21NM":"Harrogate 007","MSOA21NMW":" ","BNG_E":433705,"BNG_N":462037,"LAT":54.05321,"LONG":-1.48666,"GlobalID":"de5fdeb6-d4f2-4989-8d9c-f5fea9d8c629","GROUP":"Harrogate & The Dales"}},{"type":"Feature","id":5538,"geometry":{"type":"Polygon","coordinates":[[[-1.57109085767733,54.064003976875],[-1.56997696985277,54.0630762627744],[-1.56735230867724,54.0630873527008],[-1.56669371324141,54.0625558557361],[-1.56669953832063,54.0620395010309],[-1.5642784830933,54.060165456646],[-1.56177052069238,54.0565863509435],[-1.5601579165096,54.0558921129221],[-1.56039106413257,54.0554839955652],[-1.55811634977742,54.0550425730227],[-1.55780014572442,54.0544752047171],[-1.55730406262917,54.0548901696342],[-1.55636355841861,54.0545426535147],[-1.55372797282547,54.0516099803492],[-1.55064630499679,54.0510794394407],[-1.54705658487392,54.0512592506084],[-1.54514376051215,54.0502206949081],[-1.54509745159581,54.0496967111394],[-1.54588271625913,54.0491163275224],[-1.54381473790533,54.0499398386298],[-1.54250942654889,54.0482280902614],[-1.53992498066854,54.0474472512692],[-1.53874104555518,54.0463515611604],[-1.53847221218935,54.0448102712151],[-1.53265747715287,54.0434184403969],[-1.5308500923523,54.0414033223295],[-1.5267779068204,54.0406015852447],[-1.52588837796021,54.0400178226552],[-1.5238416104479,54.0394915663292],[-1.52325603867889,54.0390336455078],[-1.52340295451778,54.0384500479123],[-1.5217916319709,54.0377361557556],[-1.52141645030339,54.0360413446737],[-1.52456914225183,54.0350584498578],[-1.52568263999046,54.0324229423109],[-1.52455767927718,54.0309119899619],[-1.52489183156487,54.0294695347497],[-1.52382453024876,54.0260905839219],[-1.52116570418839,54.0214598205114],[-1.52336039327954,54.020782089779],[-1.52927557027173,54.0213981882333],[-1.53183416991894,54.0208260203038],[-1.53356163240266,54.0197612431864],[-1.53330846955269,54.0192254091401],[-1.5337393459647,54.0184614587116],[-1.53491894404912,54.0179276605642],[-1.53384469461461,54.0157392988524],[-1.53174619478509,54.0159619654777],[-1.53263531364303,54.0147204291648],[-1.53229273022413,54.0142947627042],[-1.53554696577535,54.0134602960729],[-1.53574229269506,54.0126683003681],[-1.53640619219385,54.0126351635661],[-1.53692978846157,54.0122057725877],[-1.53752046657474,54.0117105553941],[-1.5381112021955,54.0116809159591],[-1.53870690675749,54.0120801449409],[-1.53700237951844,54.0125678697202],[-1.53674785158967,54.0128356030642],[-1.537399017985,54.0136865667764],[-1.53704267544302,54.0141106496271],[-1.53597799279299,54.0140920606899],[-1.53600222751785,54.0142917285709],[-1.53660056548738,54.0153239871364],[-1.53897900101752,54.0147104163259],[-1.54063354773105,54.0124148998223],[-1.54120832863227,54.0123936551009],[-1.54156149813853,54.0120790087633],[-1.54040667093124,54.0120456288756],[-1.54077973860952,54.011624811083],[-1.54127866395968,54.0108590681811],[-1.54290042481931,54.0112405542915],[-1.54394618646597,54.011444197049],[-1.54681010461552,54.0123720609257],[-1.54789646229158,54.0130788005687],[-1.5492529033181,54.0140698084567],[-1.55111479530177,54.0148084457613],[-1.55150733982023,54.0150435595023],[-1.55524113377499,54.0147024410188],[-1.55798079026033,54.0140084059268],[-1.55902761954682,54.0125846192145],[-1.55828595869125,54.0097541343289],[-1.55896375641959,54.008604805085],[-1.56156995206865,54.0085730500352],[-1.56167907171814,54.0080341862422],[-1.56784308175357,54.0084321225305],[-1.56830290425801,54.008457823245],[-1.56892893362973,54.0069053337511],[-1.5700506188533,54.0041742693169],[-1.57012908185116,54.0034002326875],[-1.5709924355571,54.0034073888527],[-1.57164607398366,54.0046410888013],[-1.57093476893742,54.00540888723],[-1.57142665417314,54.0057466966073],[-1.57242592635299,54.0057707250066],[-1.57228128663895,54.0060081802987],[-1.57302359952838,54.0062221265662],[-1.57463462172163,54.0044748965316],[-1.57542032848979,54.0036256948297],[-1.57476687268466,54.0032988568879],[-1.57438959959381,54.003455749946],[-1.57419880829925,54.003142086557],[-1.57457543486828,54.0030694874346],[-1.57397986775216,54.0027360373707],[-1.57440657915091,54.0018287038738],[-1.57543876299975,54.0023763934151],[-1.57615358488867,54.0018359648994],[-1.57658293706913,54.0012105411857],[-1.57734627920841,54.0017604980465],[-1.57791490289939,54.0014366562347],[-1.57826905867271,54.0002549562228],[-1.58067333114165,53.9972590260586],[-1.58125389911564,53.9947575108964],[-1.58034867217151,53.994622605453],[-1.58188342339446,53.9868776922074],[-1.58293607614474,53.986863409411],[-1.58604650797192,53.9846246814609],[-1.58867730614159,53.9840686051251],[-1.59065793403083,53.9843006264995],[-1.59208386692176,53.9837926487288],[-1.59352532668259,53.9851830156279],[-1.59438597958923,53.9868551147604],[-1.59622145885673,53.9873783785533],[-1.59581574668013,53.9877382068877],[-1.59815777500314,53.9890607450605],[-1.60037879588854,53.9911075909096],[-1.60411048256018,53.9932542430204],[-1.60776988629799,53.9942759897175],[-1.61138966674964,53.9948140636724],[-1.62294032705543,53.9952292210165],[-1.62308476298765,53.9976597101675],[-1.61725330058327,54.0056290905062],[-1.61542808491978,54.0069326638757],[-1.61530011383894,54.0079360626771],[-1.61430449443774,54.0093343931996],[-1.61314397307454,54.0097887564796],[-1.61152367494325,54.0112360737333],[-1.6112517189154,54.0118057140422],[-1.61191079749789,54.0127731917642],[-1.6099404598767,54.0142797986256],[-1.61133229567753,54.01672867417],[-1.61109941216626,54.0181286125858],[-1.61152913572677,54.0186462714318],[-1.61366766802751,54.0166160554448],[-1.61626349569746,54.0173655289323],[-1.6153661823497,54.0183729283149],[-1.61613718002108,54.0187274485161],[-1.61702660237399,54.0182984642448],[-1.61699256170686,54.0189019761017],[-1.61793769563582,54.0195351984671],[-1.61854102166724,54.021154848179],[-1.61740658105873,54.0222188595821],[-1.61632442462833,54.0225744854536],[-1.61681169201481,54.0245857491223],[-1.61670028108656,54.0251005589725],[-1.61382651171545,54.0265214411283],[-1.61278369696297,54.0263894915423],[-1.61179699067842,54.0266685755768],[-1.61005263259012,54.0263330114978],[-1.60853827065228,54.026120726823],[-1.60881833355747,54.0270383789434],[-1.60873626471168,54.0278404709088],[-1.6077653650742,54.0289282415714],[-1.60599640458824,54.0289317324894],[-1.60313523079266,54.0283075033963],[-1.59415307712171,54.0274975561801],[-1.58981838309998,54.0257364510959],[-1.58793278437633,54.0271752804763],[-1.5891036835236,54.0296705859841],[-1.58704367558661,54.0320371121662],[-1.58595186656444,54.0324531536491],[-1.58797459382925,54.0331404397789],[-1.58990299909385,54.0330637497069],[-1.590399306599,54.0349822133217],[-1.58948265590725,54.0363125233086],[-1.58816864965685,54.0371283639137],[-1.58777264559416,54.0397251619202],[-1.58704693313961,54.0407284784868],[-1.58982973432737,54.0449233690786],[-1.58610787921109,54.0459894678676],[-1.58555578647592,54.0465820991996],[-1.58368894666595,54.0473763833059],[-1.58256838603691,54.049039694267],[-1.58064856408906,54.049343126415],[-1.58137484381354,54.0501617083106],[-1.58198049847155,54.0501347926582],[-1.58160301669038,54.0504788558833],[-1.58198536746942,54.051262948205],[-1.58403161939465,54.0517040707903],[-1.58424263195949,54.0523514950949],[-1.58546784194748,54.05235266459],[-1.58564703826544,54.0527065977427],[-1.58675952651437,54.0528856503197],[-1.5862115936979,54.053603324939],[-1.58810806166007,54.0548482277272],[-1.57520651871879,54.0636371729754],[-1.57424168268452,54.0635289986803],[-1.57185590313917,54.0640401147292],[-1.57109085767733,54.064003976875]]]},"properties":{"FID":5538,"MSOA21CD":"E02005768","MSOA21NM":"Harrogate 008","MSOA21NMW":" ","BNG_E":428136,"BNG_N":459961,"LAT":54.03489,"LONG":-1.57192,"GlobalID":"4d0de297-4f24-4d80-ab70-e5a7778af4eb","GROUP":"Harrogate & The Dales"}},{"type":"Feature","id":5539,"geometry":{"type":"Polygon","coordinates":[[[-1.46118402216043,54.0172945677546],[-1.4604938331951,54.0171711630246],[-1.46095855151349,54.0182778305259],[-1.45910345450595,54.0181522159695],[-1.45908252314128,54.0174446597554],[-1.45794989639483,54.0176636901576],[-1.4576896167132,54.0169306974974],[-1.45679157233938,54.0163589895048],[-1.4563113994599,54.0161332147737],[-1.45802446179294,54.0148887899443],[-1.45793836097336,54.0145350284258],[-1.45610525597366,54.0143422055455],[-1.45438014410905,54.0145188331111],[-1.45544098558788,54.0134736199661],[-1.45711080676143,54.0129778597784],[-1.45702198587689,54.0127368555222],[-1.4555600188945,54.012697753264],[-1.45641659280956,54.0118178427825],[-1.45605349090098,54.0116139064932],[-1.454700929545,54.0111474711331],[-1.45437207242742,54.0100922594148],[-1.45490631612308,54.0100109318057],[-1.45486629264991,54.009570360596],[-1.45394394962142,54.0087109416227],[-1.45339263862445,54.0081930873137],[-1.4508153218901,54.008248723033],[-1.45056049167682,54.0082394896357],[-1.45054579950018,54.0076911859716],[-1.45110684953903,54.0076430135252],[-1.45089181399349,54.0072854593612],[-1.45167463239962,54.007249529997],[-1.45223618237675,54.0068477108994],[-1.45115654771436,54.0062783757139],[-1.45143390541391,54.0059762144861],[-1.45204756421578,54.0059854437412],[-1.45184283266965,54.005603688282],[-1.45246311635395,54.0055936633472],[-1.45777885487084,54.0055453300055],[-1.46113739742635,54.0060130796516],[-1.46086250051773,54.0053013002161],[-1.45939223799992,54.0042041661251],[-1.46082237108468,54.0033490783203],[-1.46121849053114,54.0023532431848],[-1.46149414550122,54.001974683862],[-1.46218802253702,54.0021004904623],[-1.46295055954608,54.0032336859406],[-1.46372936588834,54.0025894835458],[-1.46407397109832,54.0029427161552],[-1.46450799466305,54.0026196958647],[-1.46617669092247,54.0032227028561],[-1.46618167231572,54.0035143944704],[-1.46539758988001,54.0034368753537],[-1.46494994568649,54.0038011458527],[-1.46525769956385,54.0042838681524],[-1.46632932135234,54.0044897402068],[-1.46689710351484,54.0036599472196],[-1.46745153329959,54.0037159761557],[-1.4674558054728,54.0035150385791],[-1.46763857297632,54.003177009556],[-1.46572456143295,54.002293119929],[-1.46511383868151,54.0000250713066],[-1.46578425480638,53.9996086445476],[-1.46565624425441,53.9990452391373],[-1.46758477272851,53.9985696755317],[-1.46845654616803,54.0002874795747],[-1.46903787563904,54.0002939844411],[-1.47141747703105,53.9992339538657],[-1.4745169691492,53.9992047195875],[-1.47835523141815,54.0001200882984],[-1.48154549573649,53.9989419603897],[-1.48552896220631,53.9976517508621],[-1.48595478386931,53.9982963842547],[-1.48693467096173,53.9997364045736],[-1.48730849541045,54.0013498465731],[-1.48818939450697,54.0050928362401],[-1.4802890438375,54.0074577232405],[-1.47572243133794,54.0084945596558],[-1.4732949043554,54.0107255719436],[-1.47174098053522,54.0112425826954],[-1.47046523579888,54.0112823719978],[-1.47039398805455,54.0113429833044],[-1.4691513813848,54.0120134210797],[-1.46846302258765,54.0134451864481],[-1.46813683287193,54.01333382557],[-1.46712253677608,54.0141535633797],[-1.46505303529367,54.0147755029647],[-1.46584744932038,54.0154898256041],[-1.46463100283285,54.0159103100114],[-1.4648064939729,54.0157126219558],[-1.46432700708842,54.0156565256424],[-1.4633770318507,54.016130342623],[-1.46400309262537,54.0164348480994],[-1.46336300587496,54.016634942865],[-1.46394216103556,54.0172200201858],[-1.46300628579263,54.0180863170723],[-1.46316902967106,54.0187638638768],[-1.46176400721785,54.0185265584194],[-1.4617991671924,54.0176990980536],[-1.46118402216043,54.0172945677546]]]},"properties":{"FID":5539,"MSOA21CD":"E02005769","MSOA21NM":"Harrogate 009","MSOA21NMW":" ","BNG_E":435248,"BNG_N":457036,"LAT":54.00816,"LONG":-1.46367,"GlobalID":"42d02fbf-cf28-47e8-9cc8-6226152e52f8","GROUP":"Harrogate & The Dales"}},{"type":"Feature","id":5540,"geometry":{"type":"Polygon","coordinates":[[[-1.5049745660146,54.0210725323629],[-1.50603078026894,54.0193657937468],[-1.50506316286037,54.0188141245126],[-1.50119055070196,54.0194166301657],[-1.49673756222059,54.0194167707314],[-1.49580462129752,54.0188369510725],[-1.49591366355921,54.017984171182],[-1.49835335048338,54.0172559611671],[-1.49910117622353,54.0158634463023],[-1.49815462937786,54.0147000319204],[-1.49499325784697,54.0144270849783],[-1.49484480185109,54.0120733992038],[-1.4956344325655,54.007218840166],[-1.49651687020844,54.0072475825499],[-1.51227310929712,54.0073589708981],[-1.51846164080313,54.0109089620622],[-1.51851090647168,54.0109013362749],[-1.51985118082234,54.0098020444305],[-1.51985665112058,54.0090206047207],[-1.52196073396327,54.0081597264569],[-1.52233883743366,54.0084278382883],[-1.52324789012219,54.0079797122015],[-1.52395233163911,54.0080548871787],[-1.52409686743556,54.0076735898101],[-1.52619104503149,54.0074559009658],[-1.52707427209174,54.0075517588878],[-1.53096569957699,54.0064886329165],[-1.53061543649801,54.0059961619815],[-1.52948490708579,54.0062705374836],[-1.52869961574228,54.0061335576578],[-1.52842532350733,54.0057596199141],[-1.52973099138413,54.0054304576554],[-1.53013246337591,54.005026896084],[-1.53040955373736,54.0052477984353],[-1.53148460628572,54.0050239139749],[-1.53156642907153,54.0046644207548],[-1.53330891208347,54.0045723063142],[-1.53503975090807,54.0040162043491],[-1.53550579951946,54.0038088892324],[-1.53583061242243,54.0040449286555],[-1.53652807581988,54.0047436712461],[-1.53719323008412,54.0052559281287],[-1.53867980765246,54.0049388310345],[-1.54076363720989,54.004961019446],[-1.54212340366396,54.0052395179256],[-1.54251823372477,54.0050056827134],[-1.54394834073262,54.0055331044556],[-1.54489240578333,54.0054122655908],[-1.54596289660544,54.0066498846071],[-1.54683147869479,54.0067520268864],[-1.54719817727422,54.0067920288813],[-1.54695357885684,54.006140523559],[-1.54822623213576,54.0059111835916],[-1.54840755811047,54.0063172102783],[-1.5488824830989,54.0063127919939],[-1.54955335251033,54.004905563138],[-1.55031163365883,54.0064147753789],[-1.54984003838595,54.0064937000544],[-1.55012630609607,54.0073876729106],[-1.54846195237635,54.0069469042172],[-1.54837294217258,54.0081239585141],[-1.54712279066467,54.0080293690913],[-1.54703278987759,54.007626111439],[-1.54692777933151,54.0083386019672],[-1.5475075451789,54.0088110760851],[-1.54809073269816,54.0087765192793],[-1.54825614806976,54.0090730699871],[-1.5481656474085,54.0098422474958],[-1.54881474431466,54.0102294668704],[-1.54840618979115,54.0129337948417],[-1.54789646229158,54.0130788005687],[-1.54681010461552,54.0123720609257],[-1.54394618646597,54.011444197049],[-1.54290042481931,54.0112405542915],[-1.54127866395968,54.0108590681811],[-1.54077973860952,54.011624811083],[-1.54040667093124,54.0120456288756],[-1.54156149813853,54.0120790087633],[-1.54120832863227,54.0123936551009],[-1.54063354773105,54.0124148998223],[-1.53897900101752,54.0147104163259],[-1.53660056548738,54.0153239871364],[-1.53600222751785,54.0142917285709],[-1.53597799279299,54.0140920606899],[-1.53704267544302,54.0141106496271],[-1.537399017985,54.0136865667764],[-1.53674785158967,54.0128356030642],[-1.53700237951844,54.0125678697202],[-1.53870690675749,54.0120801449409],[-1.5381112021955,54.0116809159591],[-1.53752046657474,54.0117105553941],[-1.53692978846157,54.0122057725877],[-1.53640619219385,54.0126351635661],[-1.53574229269506,54.0126683003681],[-1.53554696577535,54.0134602960729],[-1.53229273022413,54.0142947627042],[-1.53263531364303,54.0147204291648],[-1.53174619478509,54.0159619654777],[-1.53384469461461,54.0157392988524],[-1.53491894404912,54.0179276605642],[-1.5337393459647,54.0184614587116],[-1.53330846955269,54.0192254091401],[-1.53356163240266,54.0197612431864],[-1.53183416991894,54.0208260203038],[-1.52927557027173,54.0213981882333],[-1.52336039327954,54.020782089779],[-1.52116570418839,54.0214598205114],[-1.51816601465125,54.0228871417582],[-1.5154117526405,54.0241931961905],[-1.51450279341739,54.0242159427136],[-1.51308767001055,54.0237491285611],[-1.51014001278643,54.022472371889],[-1.50697601623103,54.022444285961],[-1.50556361900225,54.0220042945605],[-1.5049745660146,54.0210725323629]]]},"properties":{"FID":5540,"MSOA21CD":"E02005770","MSOA21NM":"Harrogate 010","MSOA21NMW":" ","BNG_E":431951,"BNG_N":457660,"LAT":54.01398,"LONG":-1.51391,"GlobalID":"6381f000-cf55-4238-bbd8-456bdab1d9e4","GROUP":"Harrogate & The Dales"}},{"type":"Feature","id":5541,"geometry":{"type":"Polygon","coordinates":[[[-1.54825614806976,54.0090730699871],[-1.54809073269816,54.0087765192793],[-1.5475075451789,54.0088110760851],[-1.54692777933151,54.0083386019672],[-1.54703278987759,54.007626111439],[-1.54712279066467,54.0080293690913],[-1.54837294217258,54.0081239585141],[-1.54846195237635,54.0069469042172],[-1.55012630609607,54.0073876729106],[-1.54984003838595,54.0064937000544],[-1.55031163365883,54.0064147753789],[-1.54955335251033,54.004905563138],[-1.5488824830989,54.0063127919939],[-1.54840755811047,54.0063172102783],[-1.54822623213576,54.0059111835916],[-1.54695357885684,54.006140523559],[-1.54719817727422,54.0067920288813],[-1.54683147869479,54.0067520268864],[-1.54596289660544,54.0066498846071],[-1.54489240578333,54.0054122655908],[-1.54394834073262,54.0055331044556],[-1.54251823372477,54.0050056827134],[-1.54212340366396,54.0052395179256],[-1.54076363720989,54.004961019446],[-1.54083425144788,54.0040954859446],[-1.5425896843608,54.0036519752289],[-1.54267244152825,54.0024580039507],[-1.54323517471192,54.0023692597524],[-1.5440687020156,54.001072966901],[-1.54539672614136,54.0019780666214],[-1.5463906782399,54.0021558771754],[-1.54559964021535,54.0013373361664],[-1.54634132165458,54.00087429542],[-1.5475166555429,54.0008160285552],[-1.54752059990131,54.0007061758416],[-1.55177525526486,53.9994229930709],[-1.55274184904197,54.0005684306658],[-1.55250947142977,54.0008112405066],[-1.55344837974255,54.0011035796608],[-1.55338673739213,54.0006261661125],[-1.55589202985627,53.9990002711342],[-1.5565777946796,53.9988025200749],[-1.55797285523912,53.999865117285],[-1.56006001878321,54.0007081919779],[-1.561572589846,53.9998223990035],[-1.56197746480717,54.0000362189258],[-1.56291487349398,53.9998055197524],[-1.56380435489745,54.0000762884471],[-1.56513511089467,53.9999642705523],[-1.56540024269206,54.000690986982],[-1.56853305680321,53.9996725616637],[-1.57115669731052,53.9987091306252],[-1.57875345352042,53.9975352550411],[-1.5789604625457,53.997192200099],[-1.58067333114165,53.9972590260586],[-1.57826905867271,54.0002549562228],[-1.57791490289939,54.0014366562347],[-1.57734627920841,54.0017604980465],[-1.57658293706913,54.0012105411857],[-1.57615358488867,54.0018359648994],[-1.57543876299975,54.0023763934151],[-1.57440657915091,54.0018287038738],[-1.57397986775216,54.0027360373707],[-1.57457543486828,54.0030694874346],[-1.57419880829925,54.003142086557],[-1.57438959959381,54.003455749946],[-1.57476687268466,54.0032988568879],[-1.57542032848979,54.0036256948297],[-1.57463462172163,54.0044748965316],[-1.57302359952838,54.0062221265662],[-1.57228128663895,54.0060081802987],[-1.57242592635299,54.0057707250066],[-1.57142665417314,54.0057466966073],[-1.57093476893742,54.00540888723],[-1.57164607398366,54.0046410888013],[-1.5709924355571,54.0034073888527],[-1.57012908185116,54.0034002326875],[-1.5700506188533,54.0041742693169],[-1.56892893362973,54.0069053337511],[-1.56830290425801,54.008457823245],[-1.56784308175357,54.0084321225305],[-1.56167907171814,54.0080341862422],[-1.56156995206865,54.0085730500352],[-1.55896375641959,54.008604805085],[-1.55828595869125,54.0097541343289],[-1.55902761954682,54.0125846192145],[-1.55798079026033,54.0140084059268],[-1.55524113377499,54.0147024410188],[-1.55150733982023,54.0150435595023],[-1.55111479530177,54.0148084457613],[-1.5492529033181,54.0140698084567],[-1.54789646229158,54.0130788005687],[-1.54840618979115,54.0129337948417],[-1.54881474431466,54.0102294668704],[-1.5481656474085,54.0098422474958],[-1.54825614806976,54.0090730699871]]]},"properties":{"FID":5541,"MSOA21CD":"E02005771","MSOA21NM":"Harrogate 011","MSOA21NMW":" ","BNG_E":428956,"BNG_N":456763,"LAT":54.0061,"LONG":-1.5597,"GlobalID":"54d66be9-d775-4e5c-8062-8c257fc105a4","GROUP":"Harrogate & The Dales"}},{"type":"Feature","id":5542,"geometry":{"type":"Polygon","coordinates":[[[-1.42830188653043,54.0256967592698],[-1.42673694619901,54.0254342104823],[-1.42467263774677,54.0260467499722],[-1.42331476624602,54.0260995104899],[-1.42241637798708,54.0255924483777],[-1.42234734803728,54.0250646546472],[-1.42458147742745,54.0240454277782],[-1.42292224533769,54.0232319615491],[-1.4196355402666,54.0222598398491],[-1.42010084630634,54.0213773321776],[-1.42075854771103,54.0214150462329],[-1.42110027565724,54.0209872391279],[-1.42105812920746,54.0191247395915],[-1.42088671740077,54.0169237699771],[-1.41997116112923,54.0167766836479],[-1.42007775034538,54.016588742743],[-1.41343855358396,54.0174699649011],[-1.41217997255898,54.0179750044427],[-1.41071198902895,54.0171288815174],[-1.41074402126246,54.0165498880524],[-1.41549515182843,54.0136183307072],[-1.41430642219798,54.0123503473266],[-1.41236163532275,54.013204538702],[-1.41056002508743,54.013505243921],[-1.40702506494827,54.0134277966921],[-1.40594055701946,54.0114808169529],[-1.40302529432326,54.0116352253416],[-1.40306080127589,54.0119201684296],[-1.40011197051446,54.0126085249122],[-1.39837242741764,54.0145142136213],[-1.39334253991102,54.0132450401792],[-1.39409909526743,54.0101104412458],[-1.3923179858553,54.0075281680264],[-1.3924494570097,54.0059335256684],[-1.39047604349207,54.004002960499],[-1.3880976814797,54.0003418705866],[-1.38884673907928,54.0001389570834],[-1.39246978052208,53.9941579675763],[-1.39433296066002,53.9947540857723],[-1.39668464178537,53.9948684176281],[-1.39920904601146,53.9944406512489],[-1.40260312451945,53.9924279808458],[-1.40387010056841,53.9911563186004],[-1.40799415957227,53.989256937071],[-1.4091684528189,53.9885886237209],[-1.41002545987429,53.9874370540762],[-1.41141803638288,53.9869647240089],[-1.41145353165952,53.9866107076607],[-1.41205490513299,53.98658241378],[-1.41233493695784,53.9844644116193],[-1.41136045359528,53.984009264291],[-1.41062561995306,53.984560259121],[-1.41035833785158,53.9841491618007],[-1.40986240296423,53.9844082127699],[-1.40886735124333,53.9841535280026],[-1.41506710065822,53.9823161599265],[-1.41900627518863,53.982199575319],[-1.42116236566244,53.9809766788332],[-1.42338039243498,53.9815726524378],[-1.42488220502421,53.9826869498111],[-1.42977830870987,53.9792590035877],[-1.42913276021104,53.9777549867606],[-1.43192095945077,53.9780100025325],[-1.43285185098532,53.9772844238097],[-1.43925572120502,53.9760345037783],[-1.44454339449618,53.9761435653609],[-1.45451873424989,53.9746665879088],[-1.45945290795888,53.9721456758057],[-1.46152595802213,53.9714367001052],[-1.46298818020142,53.9713470536442],[-1.46484827032075,53.9697393632346],[-1.4634871052748,53.968610983863],[-1.4602552942627,53.9673918340484],[-1.4594740088974,53.9661842636452],[-1.45853215678166,53.9660471825461],[-1.45792754505139,53.9655074419918],[-1.4576470644565,53.9646944747594],[-1.45661219428999,53.9649369624549],[-1.45680522785323,53.9639025587702],[-1.45637299653569,53.9632596711231],[-1.45811878155664,53.9627740510295],[-1.45969703339108,53.96363695261],[-1.46108571795252,53.9632876034855],[-1.46266862654782,53.963721599038],[-1.46227399551792,53.9628530739014],[-1.46520358604941,53.9614154536455],[-1.4666268722952,53.962746584401],[-1.4653861778876,53.9613272228644],[-1.46698984759015,53.9605793616776],[-1.46764230127876,53.9608669367773],[-1.46871163182123,53.960352725349],[-1.47148914187404,53.9604388237453],[-1.47703725326808,53.9588086145197],[-1.47755859571428,53.9595463030799],[-1.47887043158793,53.9597165918805],[-1.47956682279017,53.9611613153038],[-1.48179385427488,53.9632397819757],[-1.48509625848557,53.9627632754816],[-1.48734337217464,53.963047424825],[-1.48951733506577,53.9638117706358],[-1.4900780507194,53.9655535936171],[-1.49629346941565,53.9650295123928],[-1.50048820113933,53.962983455409],[-1.50306377157872,53.9610306570353],[-1.49960489563123,53.9598646823295],[-1.50004297979625,53.9592786757826],[-1.50327777982988,53.9607545103866],[-1.50502479619724,53.9607111494221],[-1.50660967889633,53.9598396673178],[-1.50868598940903,53.9579958340253],[-1.51079687447272,53.9581872481147],[-1.51651629024858,53.9652126532166],[-1.51730648063395,53.9658281502549],[-1.5121428324486,53.9709116219827],[-1.50832313510219,53.9750609459445],[-1.5068188962287,53.9766095741345],[-1.50522308355391,53.9770517310045],[-1.50521737217198,53.9777751844845],[-1.50460467307905,53.9777308182686],[-1.50368185250929,53.977040022148],[-1.50324206227195,53.9776030249437],[-1.50193368165651,53.9774813364535],[-1.49622342116624,53.9784875289544],[-1.49338125355411,53.9801579729792],[-1.4933365706017,53.9805132185135],[-1.49188710221646,53.9808238065823],[-1.49188995269493,53.981411122278],[-1.49051661395135,53.9813160929541],[-1.48832631866371,53.9817816491896],[-1.4846188455982,53.9813209429534],[-1.48366282409174,53.9815774735242],[-1.48398832362714,53.9818780168369],[-1.48334651832856,53.9824878329787],[-1.48362139631541,53.9832257100408],[-1.48425281909202,53.9834168890816],[-1.48396956013183,53.9846284622162],[-1.48489137625609,53.9848074002768],[-1.48559676133582,53.9859179200999],[-1.48842764947532,53.9864601943946],[-1.48951388323427,53.9871911298423],[-1.4896026519441,53.987959794941],[-1.48915312923094,53.9893680086041],[-1.48822301723593,53.9899715660167],[-1.4878765745335,53.9907062413733],[-1.48777769906466,53.991997194488],[-1.48765095905232,53.9923123938875],[-1.48674781235442,53.9924613387381],[-1.4802825898653,53.9926437415562],[-1.47855492286029,53.9933743083187],[-1.48013300728667,53.995684629104],[-1.47958385198929,53.9962492470767],[-1.48154549573649,53.9989419603897],[-1.47835523141815,54.0001200882984],[-1.4745169691492,53.9992047195875],[-1.47141747703105,53.9992339538657],[-1.46903787563904,54.0002939844411],[-1.46845654616803,54.0002874795747],[-1.46758477272851,53.9985696755317],[-1.46565624425441,53.9990452391373],[-1.46578425480638,53.9996086445476],[-1.46511383868151,54.0000250713066],[-1.46572456143295,54.002293119929],[-1.46763857297632,54.003177009556],[-1.4674558054728,54.0035150385791],[-1.46745153329959,54.0037159761557],[-1.46689710351484,54.0036599472196],[-1.46632932135234,54.0044897402068],[-1.46525769956385,54.0042838681524],[-1.46494994568649,54.0038011458527],[-1.46539758988001,54.0034368753537],[-1.46618167231572,54.0035143944704],[-1.46617669092247,54.0032227028561],[-1.46450799466305,54.0026196958647],[-1.46407397109832,54.0029427161552],[-1.46372936588834,54.0025894835458],[-1.46295055954608,54.0032336859406],[-1.46218802253702,54.0021004904623],[-1.46149414550122,54.001974683862],[-1.46121849053114,54.0023532431848],[-1.46082237108468,54.0033490783203],[-1.45939223799992,54.0042041661251],[-1.46086250051773,54.0053013002161],[-1.46113739742635,54.0060130796516],[-1.45777885487084,54.0055453300055],[-1.45246311635395,54.0055936633472],[-1.45184283266965,54.005603688282],[-1.45204756421578,54.0059854437412],[-1.45143390541391,54.0059762144861],[-1.45115654771436,54.0062783757139],[-1.45223618237675,54.0068477108994],[-1.45167463239962,54.007249529997],[-1.45089181399349,54.0072854593612],[-1.45110684953903,54.0076430135252],[-1.45054579950018,54.0076911859716],[-1.45056049167682,54.0082394896357],[-1.4508153218901,54.008248723033],[-1.45339263862445,54.0081930873137],[-1.45394394962142,54.0087109416227],[-1.45486629264991,54.009570360596],[-1.45490631612308,54.0100109318057],[-1.45437207242742,54.0100922594148],[-1.454700929545,54.0111474711331],[-1.45605349090098,54.0116139064932],[-1.45641659280956,54.0118178427825],[-1.4555600188945,54.012697753264],[-1.45345050005126,54.0125967241902],[-1.45002676011878,54.0135577098684],[-1.44448257924653,54.0132657122181],[-1.44316796215725,54.0171501971353],[-1.44355090923737,54.0208347000005],[-1.44411770069736,54.0213985058939],[-1.44208378057013,54.0246959653603],[-1.43539748188187,54.0284312090175],[-1.43418599893376,54.0291454534692],[-1.4336706317626,54.030102973554],[-1.43129064113739,54.0293241802609],[-1.42787053646112,54.0290212132426],[-1.42830188653043,54.0256967592698]]]},"properties":{"FID":5542,"MSOA21CD":"E02005772","MSOA21NM":"Harrogate 012","MSOA21NMW":" ","BNG_E":436824,"BNG_N":455463,"LAT":53.99392,"LONG":-1.43982,"GlobalID":"3f78844a-9a78-4729-9306-39d6dc83327f","GROUP":"Harrogate & The Dales"}},{"type":"Feature","id":5543,"geometry":{"type":"Polygon","coordinates":[[[-1.51846164080313,54.0109089620622],[-1.51227310929712,54.0073589708981],[-1.50791140803935,54.0047442349668],[-1.50865857779249,54.0038456520489],[-1.51032528820844,54.0030920692431],[-1.51060308798227,54.0018399204426],[-1.50989079744487,54.0013221986419],[-1.51314279643589,54.0002039211116],[-1.51560820230032,53.9993681463287],[-1.51587357396803,53.9981150193616],[-1.51542894158459,53.9975681171135],[-1.51487099489241,53.9963012989426],[-1.51413812003813,53.9959021206769],[-1.51508761174809,53.995766683179],[-1.51539418382402,53.9953206255141],[-1.51496550202698,53.9943500863244],[-1.51465606041463,53.9935565898742],[-1.51386721441762,53.993649028202],[-1.51374135995729,53.9932585068319],[-1.51304128281444,53.9931744018052],[-1.51319857121048,53.9937482657212],[-1.51341938130342,53.9950263313009],[-1.51241999176579,53.9955121106162],[-1.51264862061229,53.9961171636442],[-1.51125245528398,53.9963169643427],[-1.51150736953485,53.9960843180075],[-1.51087618688599,53.9959466794478],[-1.50928199219263,53.9961516475428],[-1.50924992875403,53.9960788871115],[-1.50785846692036,53.9956799325952],[-1.50820406751788,53.9951982006226],[-1.50755755296845,53.9948958718238],[-1.50591231871823,53.9950346076073],[-1.50610200104885,53.9942277579458],[-1.50689400426197,53.9935419600082],[-1.50773028205134,53.9932400777324],[-1.50800054582227,53.9925406969896],[-1.50751317236752,53.9919045576195],[-1.50861481126065,53.9912898315593],[-1.51054202860584,53.9908876431565],[-1.50918134678398,53.9898813760282],[-1.50666403455894,53.989170325239],[-1.50682899082828,53.9886768165472],[-1.51037641790876,53.9898124701635],[-1.51329087699461,53.9907178211778],[-1.51727132940594,53.991986816303],[-1.52146980967282,53.9933995095861],[-1.52193045050078,53.9944436007734],[-1.52193512914514,53.9944506297752],[-1.52421393165223,53.9935727331593],[-1.52521319411669,53.9944902982255],[-1.52691061070479,53.9941105099181],[-1.52691681144219,53.9949104408546],[-1.52742015374501,53.9949124180694],[-1.52748554672539,53.9944386268205],[-1.52819064432763,53.9947800182392],[-1.52828835433813,53.995231148465],[-1.52911017255975,53.9948668317087],[-1.52966556893986,53.9949750491603],[-1.52936578571902,53.9954891159695],[-1.5297710334696,53.9960841582833],[-1.52762374049331,53.9957940130257],[-1.52842244987189,53.9966231019136],[-1.52774590089441,53.9973320074471],[-1.52833639770863,53.9980611802129],[-1.5292852162804,53.998215977543],[-1.52958760660655,53.998574124371],[-1.53022582226055,53.9984411180411],[-1.53181634180068,53.9997394049302],[-1.5320314756706,53.999936586804],[-1.53232489895791,54.000233593292],[-1.53301645281129,54.0009181570714],[-1.53403668986163,54.0006993322406],[-1.53386032654314,54.000403259564],[-1.53309846449825,53.9998190004249],[-1.53477681766133,53.9988048097801],[-1.53637812569367,53.9986791905793],[-1.53726545321887,53.9986832563517],[-1.53977078423429,53.9997107005519],[-1.5391469939479,54.0004214439364],[-1.53895633559617,54.000635438189],[-1.5410753380022,54.0012083695906],[-1.54209418351698,54.0011172456834],[-1.54375174169995,54.0008604507841],[-1.5440687020156,54.001072966901],[-1.54323517471192,54.0023692597524],[-1.54267244152825,54.0024580039507],[-1.5425896843608,54.0036519752289],[-1.54083425144788,54.0040954859446],[-1.54076363720989,54.004961019446],[-1.53867980765246,54.0049388310345],[-1.53719323008412,54.0052559281287],[-1.53652807581988,54.0047436712461],[-1.53583061242243,54.0040449286555],[-1.53550579951946,54.0038088892324],[-1.53503975090807,54.0040162043491],[-1.53330891208347,54.0045723063142],[-1.53156642907153,54.0046644207548],[-1.53148460628572,54.0050239139749],[-1.53040955373736,54.0052477984353],[-1.53013246337591,54.005026896084],[-1.52973099138413,54.0054304576554],[-1.52842532350733,54.0057596199141],[-1.52869961574228,54.0061335576578],[-1.52948490708579,54.0062705374836],[-1.53061543649801,54.0059961619815],[-1.53096569957699,54.0064886329165],[-1.52707427209174,54.0075517588878],[-1.52619104503149,54.0074559009658],[-1.52409686743556,54.0076735898101],[-1.52395233163911,54.0080548871787],[-1.52324789012219,54.0079797122015],[-1.52233883743366,54.0084278382883],[-1.52196073396327,54.0081597264569],[-1.51985665112058,54.0090206047207],[-1.51985118082234,54.0098020444305],[-1.51851090647168,54.0109013362749],[-1.51846164080313,54.0109089620622]]]},"properties":{"FID":5543,"MSOA21CD":"E02005773","MSOA21NM":"Harrogate 013","MSOA21NMW":" ","BNG_E":431242,"BNG_N":456204,"LAT":54.00094,"LONG":-1.52488,"GlobalID":"ac7852dd-c3a9-4558-a71b-33cbb3a731f5","GROUP":"Harrogate & The Dales"}},{"type":"Feature","id":5544,"geometry":{"type":"Polygon","coordinates":[[[-1.4956344325655,54.007218840166],[-1.49572319575584,54.0061856057663],[-1.48908669656542,54.0066446427561],[-1.48832914576988,54.0053978516972],[-1.48820876195181,54.0051344274823],[-1.48818939450697,54.0050928362401],[-1.48730849541045,54.0013498465731],[-1.48693467096173,53.9997364045736],[-1.48595478386931,53.9982963842547],[-1.48739009537272,53.9973660921535],[-1.48977568590196,53.9965054775937],[-1.49171286083262,53.9961907424814],[-1.4951817698326,53.9963045790113],[-1.49666214688538,53.99564053543],[-1.497790126968,53.9953997009336],[-1.49768805327468,53.995127962793],[-1.49845594454232,53.9948918656982],[-1.50137821519924,53.9942056473033],[-1.50194939031897,53.9942578481115],[-1.5019896929821,53.9946759440142],[-1.5028800890005,53.9945752128831],[-1.50425768495625,53.994313992887],[-1.50422135277582,53.9922302996965],[-1.50376419180397,53.9918782546385],[-1.50405354995364,53.9916621238162],[-1.5044698510941,53.9913019293688],[-1.505295928646,53.9904442937853],[-1.50605668101861,53.9884505226402],[-1.50647815683449,53.988568608589],[-1.50682899082828,53.9886768165472],[-1.50666403455894,53.989170325239],[-1.50918134678398,53.9898813760282],[-1.51054202860584,53.9908876431565],[-1.50861481126065,53.9912898315593],[-1.50751317236752,53.9919045576195],[-1.50800054582227,53.9925406969896],[-1.50773028205134,53.9932400777324],[-1.50689400426197,53.9935419600082],[-1.50610200104885,53.9942277579458],[-1.50591231871823,53.9950346076073],[-1.50755755296845,53.9948958718238],[-1.50820406751788,53.9951982006226],[-1.50785846692036,53.9956799325952],[-1.50924992875403,53.9960788871115],[-1.50928199219263,53.9961516475428],[-1.51087618688599,53.9959466794478],[-1.51150736953485,53.9960843180075],[-1.51125245528398,53.9963169643427],[-1.51264862061229,53.9961171636442],[-1.51241999176579,53.9955121106162],[-1.51341938130342,53.9950263313009],[-1.51319857121048,53.9937482657212],[-1.51304128281444,53.9931744018052],[-1.51374135995729,53.9932585068319],[-1.51386721441762,53.993649028202],[-1.51465606041463,53.9935565898742],[-1.51496550202698,53.9943500863244],[-1.51539418382402,53.9953206255141],[-1.51508761174809,53.995766683179],[-1.51413812003813,53.9959021206769],[-1.51487099489241,53.9963012989426],[-1.51542894158459,53.9975681171135],[-1.51587357396803,53.9981150193616],[-1.51560820230032,53.9993681463287],[-1.51314279643589,54.0002039211116],[-1.50989079744487,54.0013221986419],[-1.51060308798227,54.0018399204426],[-1.51032528820844,54.0030920692431],[-1.50865857779249,54.0038456520489],[-1.50791140803935,54.0047442349668],[-1.51227310929712,54.0073589708981],[-1.49651687020844,54.0072475825499],[-1.4956344325655,54.007218840166]]]},"properties":{"FID":5544,"MSOA21CD":"E02005774","MSOA21NM":"Harrogate 014","MSOA21NMW":" ","BNG_E":432799,"BNG_N":455880,"LAT":53.99793,"LONG":-1.50116,"GlobalID":"3ef58a5e-f4dc-489c-b4cd-34bc6353622e","GROUP":"Harrogate & The Dales"}},{"type":"Feature","id":5545,"geometry":{"type":"Polygon","coordinates":[[[-1.5440687020156,54.001072966901],[-1.54375174169995,54.0008604507841],[-1.54209418351698,54.0011172456834],[-1.5410753380022,54.0012083695906],[-1.53895633559617,54.000635438189],[-1.5391469939479,54.0004214439364],[-1.53977078423429,53.9997107005519],[-1.53726545321887,53.9986832563517],[-1.53637812569367,53.9986791905793],[-1.53477681766133,53.9988048097801],[-1.53309846449825,53.9998190004249],[-1.53386032654314,54.000403259564],[-1.53403668986163,54.0006993322406],[-1.53301645281129,54.0009181570714],[-1.53232489895791,54.000233593292],[-1.5320314756706,53.999936586804],[-1.53181634180068,53.9997394049302],[-1.53022582226055,53.9984411180411],[-1.52958760660655,53.998574124371],[-1.5292852162804,53.998215977543],[-1.52833639770863,53.9980611802129],[-1.52774590089441,53.9973320074471],[-1.52842244987189,53.9966231019136],[-1.52762374049331,53.9957940130257],[-1.5297710334696,53.9960841582833],[-1.53049931412013,53.9964523784207],[-1.5312201530909,53.9961046671318],[-1.53118299208868,53.9955553733341],[-1.53194660656018,53.9956031846617],[-1.53268522252746,53.9950123083186],[-1.53540056969578,53.9946558805132],[-1.53595867544303,53.995411089138],[-1.53737057304531,53.9956481076974],[-1.53744389205349,53.993166999497],[-1.53638431438059,53.9910362706068],[-1.53727177977525,53.990969153471],[-1.53684629715213,53.9901252565125],[-1.53718350924481,53.989575948109],[-1.53647114657799,53.9894270905116],[-1.53695631454906,53.9891788669612],[-1.53682433896137,53.9887651294102],[-1.53867695271512,53.9880832686699],[-1.53962535318464,53.9884247615334],[-1.53931754048475,53.9895443272108],[-1.53989126010371,53.9903973753927],[-1.54136653980169,53.9903107523563],[-1.54185702131876,53.9914810287736],[-1.53953631094716,53.9916968571393],[-1.53974818286472,53.9932345592224],[-1.54144323059059,53.9930523029249],[-1.54125092029277,53.9938964145516],[-1.54184627283396,53.993853746115],[-1.54192804919074,53.9933507456371],[-1.54266192606212,53.9931917605012],[-1.54236189958021,53.9927322453361],[-1.54294715662344,53.9926940762508],[-1.54322918258886,53.9930056691517],[-1.54404161062354,53.9930442903002],[-1.54417784206142,53.9926139581179],[-1.54498387669703,53.9928680247025],[-1.54477856743628,53.9921122881408],[-1.54401687714726,53.9920283551337],[-1.54450236379791,53.9903273278917],[-1.54355979277984,53.9905868698622],[-1.54386239090772,53.9894615298689],[-1.54455459169173,53.9889562379353],[-1.54424978259462,53.9886566268829],[-1.54512301038626,53.9880390773407],[-1.54579679982588,53.9883026194995],[-1.5459335682846,53.9880444684769],[-1.54521474393171,53.9878891221199],[-1.545393425688,53.98759712954],[-1.54643715991537,53.9877233310716],[-1.54659131571864,53.9881957964495],[-1.54713053656221,53.9882950668542],[-1.54642509542134,53.989368251091],[-1.54722328512895,53.9895773933251],[-1.54698602662258,53.9899749267646],[-1.54734485457295,53.9900521347166],[-1.5479248778364,53.9900095577806],[-1.54858983325524,53.9894572867894],[-1.54911312107831,53.9890015531056],[-1.54948223067058,53.9891029028675],[-1.549961242697,53.9894104780107],[-1.550556083376,53.989401929157],[-1.54932165717855,53.988728653164],[-1.55004447566876,53.9868119970122],[-1.5501225288922,53.9865042514874],[-1.55078595258394,53.9864343709114],[-1.55078362754724,53.986412306258],[-1.5535260735624,53.9856467800311],[-1.55391110002247,53.9861263227873],[-1.55215563666754,53.986675764345],[-1.55238279104648,53.9870063580635],[-1.55372010260401,53.9868340922741],[-1.55380426143685,53.9865690230169],[-1.55465245946368,53.987148715893],[-1.55496882433684,53.9875507689198],[-1.55582275602425,53.9876687014498],[-1.55916718819733,53.9857935834701],[-1.55957599047906,53.9860737029217],[-1.56230078955325,53.9880070386673],[-1.56362845775181,53.9899843662325],[-1.56328800498886,53.9906246492447],[-1.56510023205626,53.9913869385963],[-1.56415860319743,53.9916511741258],[-1.56457633322305,53.992061064419],[-1.56320547213345,53.9927291176917],[-1.5631245545231,53.993411036593],[-1.56104684230307,53.993538677411],[-1.56084332789458,53.994300533041],[-1.56035772671049,53.9943992314024],[-1.56011079060642,53.9940978593817],[-1.55886150791703,53.9940074386971],[-1.55627000618428,53.9948671011174],[-1.55707026398414,53.9953217038845],[-1.55659309232867,53.9955627835496],[-1.55734683862526,53.9958794850262],[-1.55618737906271,53.9968024179256],[-1.5549527837446,53.997178212743],[-1.55315434951526,53.9977694295441],[-1.5532322236377,53.9982254231587],[-1.55253656139898,53.9984845753928],[-1.55284025186571,53.999005105651],[-1.55177525526486,53.9994229930709],[-1.54752059990131,54.0007061758416],[-1.5475166555429,54.0008160285552],[-1.54634132165458,54.00087429542],[-1.54559964021535,54.0013373361664],[-1.5463906782399,54.0021558771754],[-1.54539672614136,54.0019780666214],[-1.5440687020156,54.001072966901]]]},"properties":{"FID":5545,"MSOA21CD":"E02005775","MSOA21NM":"Harrogate 015","MSOA21NMW":" ","BNG_E":429839,"BNG_N":455456,"LAT":53.9943,"LONG":-1.54636,"GlobalID":"b717cc9c-a855-4db7-b660-b007cb56d250","GROUP":"Harrogate & The Dales"}},{"type":"Feature","id":5546,"geometry":{"type":"Polygon","coordinates":[[[-1.28983594161871,54.0632124759137],[-1.28725935700138,54.0614370787936],[-1.28669832129416,54.0592331877485],[-1.28861122324206,54.0575760282453],[-1.28899364367109,54.056772354909],[-1.28794230121842,54.0543754253847],[-1.28803817777386,54.0534448796965],[-1.28868666546496,54.0522093317418],[-1.28777039645581,54.0504083059598],[-1.28181500756778,54.0467718345755],[-1.28011114541656,54.0439048119218],[-1.28030642105077,54.040915877542],[-1.27901205664032,54.0384168372838],[-1.27870548170054,54.0366379512212],[-1.27788217530968,54.0354943843063],[-1.27692671463777,54.0349566826796],[-1.27517957341041,54.0344552212015],[-1.2739034271701,54.0344447278564],[-1.27277426631471,54.0349252205177],[-1.2717420324147,54.0362455121264],[-1.27056001067805,54.0364984447166],[-1.26963129099873,54.0363373623509],[-1.26766187442225,54.0352986824689],[-1.26644103256344,54.0350971686412],[-1.25887124188684,54.0359361044897],[-1.25461531976889,54.0360544801565],[-1.24991701356455,54.0346159014403],[-1.24785522325984,54.0343828912384],[-1.24463916638481,54.0333984862907],[-1.24161780477053,54.0330994684292],[-1.23893986368575,54.0332516470906],[-1.23753810698579,54.0351018357679],[-1.23638958644696,54.0356253883603],[-1.2325516580474,54.0349945859408],[-1.22768696539656,54.0351108603933],[-1.22439445674897,54.0346476769803],[-1.22355786093694,54.0341624036075],[-1.22291980162613,54.0334983021215],[-1.22355696460616,54.0319900520519],[-1.22335617854236,54.0308091123222],[-1.22147869556315,54.0278312986506],[-1.22014947963868,54.0268411220084],[-1.21841978157816,54.025801019496],[-1.21760127903006,54.0240195520189],[-1.21881930066812,54.0213374958037],[-1.21841446687397,54.0185846263398],[-1.21933531017748,54.0158681393346],[-1.21843458427735,54.0144349111741],[-1.21724616679813,54.0144083767694],[-1.20852456710673,54.0162733319972],[-1.20677984537431,54.0162056631591],[-1.20549594837963,54.0155071006081],[-1.20388506194457,54.0135539619624],[-1.20208229449029,54.0125398807949],[-1.1992655977603,54.0118591650696],[-1.19592131733545,54.0124028211022],[-1.19431576540952,54.0121763840711],[-1.19269290249747,54.0110223563784],[-1.1907426046621,54.0082196619],[-1.18660358902412,54.0070797919049],[-1.18466650424416,54.006191222563],[-1.18045116235031,54.0030581206098],[-1.17551010973116,54.002196331445],[-1.17610102085457,54.0017794273672],[-1.17513942596953,54.001639379196],[-1.17507764610152,54.0013884193858],[-1.1763151759392,54.0014929227028],[-1.17601897447434,54.0008463311418],[-1.17746984287745,54.0004366050994],[-1.17820500804852,54.0005091670811],[-1.17797003813839,54.0002574167779],[-1.17859968911698,54.0000912972888],[-1.17882767881253,53.9991611970293],[-1.1795141445955,53.998860857938],[-1.18076615000826,53.9989912905144],[-1.18225582420124,54.0005268351379],[-1.18343969767382,54.0010547677614],[-1.18439339592661,54.0009716354283],[-1.18856981510057,54.0024828639329],[-1.18902912393432,54.0023542159835],[-1.1888548338285,54.001923044467],[-1.18929256479986,54.0016468312858],[-1.19099325603031,54.0012754293491],[-1.19136827958785,54.0005721156128],[-1.19193641960582,54.0005081723286],[-1.19192860589158,53.9999242594201],[-1.19048102347888,53.9990832067419],[-1.1903641921181,53.9986357775952],[-1.18952274234369,53.9984396336098],[-1.18938803165506,53.9980124809882],[-1.18663264045562,53.9981620747675],[-1.18591217160768,53.9978768892381],[-1.18556032710785,53.9972197957858],[-1.18416332307878,53.9970631562742],[-1.18396207344654,53.996506511666],[-1.18328228613653,53.9962159774285],[-1.18316161613929,53.9948560202587],[-1.18163120637259,53.9926843145574],[-1.18062172952553,53.9898173273229],[-1.18164431817226,53.985868210437],[-1.18318636300072,53.9848250556501],[-1.18575150898671,53.9837889759291],[-1.18650006983203,53.9844026865717],[-1.18740431734164,53.9839891344259],[-1.18871504646794,53.983951257295],[-1.18974427290685,53.9842153312861],[-1.19188848884098,53.9841306159686],[-1.19366932322154,53.9846998130565],[-1.19743627538843,53.9869927403637],[-1.19754022844977,53.9883854402373],[-1.20031728787837,53.989027740788],[-1.20199274407261,53.9882126628792],[-1.20225573402681,53.9871289953667],[-1.20339454784363,53.986667202567],[-1.20487070080323,53.9868317285452],[-1.20717755213608,53.986545012156],[-1.2108353565311,53.985457097389],[-1.21328992431543,53.9852414461724],[-1.21463802373509,53.9855755056547],[-1.21651969703813,53.9855905769845],[-1.21745814090808,53.9844164703786],[-1.21735288695867,53.9832689986294],[-1.21900532335284,53.9828060147225],[-1.2207429546805,53.9814813487832],[-1.22210606290946,53.9793415117757],[-1.22238734175995,53.9765149745532],[-1.22351413745471,53.9755048252797],[-1.22369958902095,53.9746638119769],[-1.22160799965939,53.9726684754855],[-1.22147686031449,53.9704745915468],[-1.22089287637735,53.9691667269719],[-1.2191866165394,53.967220469858],[-1.21751952131367,53.9660645299362],[-1.21981976028928,53.9637695930716],[-1.21991994326804,53.9626369279752],[-1.21841275827105,53.9611674610859],[-1.21604613857581,53.9596662483499],[-1.21323927795245,53.9568903336004],[-1.21205040476532,53.9545379188705],[-1.20899830716072,53.9512515334248],[-1.20738186107668,53.9455102930979],[-1.20682130051804,53.9455200698322],[-1.20542284008589,53.9441474818065],[-1.20413277005135,53.9434890088096],[-1.20344314661664,53.9421011601669],[-1.20387810920031,53.9412442579998],[-1.20307146590602,53.9404187954826],[-1.20266038645808,53.9389566590897],[-1.20179881865776,53.9382902983753],[-1.19989655916134,53.9345468507884],[-1.19975994727229,53.932928125418],[-1.20015105547248,53.9323869588112],[-1.19773421124411,53.9293264850383],[-1.1979921051262,53.9286586052031],[-1.20006274590375,53.9284759688737],[-1.20011455788186,53.9264726620201],[-1.19949495971966,53.9253512306878],[-1.19761044980019,53.9238873964035],[-1.19605466059224,53.923504021656],[-1.19563892884242,53.9223807639423],[-1.19881181404829,53.9224542478665],[-1.20212526177362,53.9230714554391],[-1.20512937787244,53.9244476876562],[-1.20514279201085,53.9256218240374],[-1.21430713250627,53.9263165584784],[-1.21760779311351,53.9259969697999],[-1.217968831806,53.924991759829],[-1.21876150428612,53.925191205186],[-1.22178799999404,53.9250437300207],[-1.22221397676053,53.9254986775412],[-1.22359592331868,53.925782576957],[-1.22684238150894,53.9279380987966],[-1.22661826524072,53.9285397188832],[-1.22803384357759,53.9292187742709],[-1.22719157571152,53.9299418690421],[-1.22768017221666,53.931810847151],[-1.22820378310839,53.9316515687245],[-1.2292032462269,53.9320414036508],[-1.2335379345077,53.9345345820018],[-1.2344664630291,53.9345093180185],[-1.23527794945727,53.9350079709289],[-1.23612782961604,53.9348633828908],[-1.23874826369013,53.9330762476724],[-1.23868451020616,53.9326399538885],[-1.24135336248703,53.932535211292],[-1.24494857398999,53.9316105981423],[-1.25190213231103,53.9356015393276],[-1.25579302466738,53.9354527569124],[-1.26017184670188,53.9346963411212],[-1.26257293669307,53.9343319100761],[-1.26545133909075,53.9350289575878],[-1.26949188136389,53.9349851652839],[-1.27085597138928,53.9346590953645],[-1.26893379811215,53.9314758194361],[-1.26596212840785,53.9304077956065],[-1.26269717855,53.9277714865166],[-1.26243403584592,53.9270840204066],[-1.26343237892768,53.9258708791765],[-1.26260920551389,53.9250816403249],[-1.26195945994199,53.9232542361134],[-1.26327413541733,53.9217450352153],[-1.26376582516668,53.9203557597747],[-1.26084260780303,53.9200195985264],[-1.26080628998911,53.9198126536624],[-1.266590088451,53.9176758083847],[-1.27027013922714,53.9169755202729],[-1.26909842926802,53.9162313955126],[-1.26755283029842,53.9141511236619],[-1.26799206809554,53.9111484693572],[-1.26927015781177,53.9075276557815],[-1.27012938005724,53.9066720039995],[-1.26923169120875,53.9020394436274],[-1.26854289031438,53.9020172604805],[-1.26813900982791,53.90089933337],[-1.26678924338704,53.8994925103592],[-1.26920910789214,53.8982860126428],[-1.27033807996356,53.8969761402963],[-1.27210037832645,53.8958213564598],[-1.27353767463987,53.8935952714012],[-1.27558209446038,53.8933649452297],[-1.27552405014738,53.8929258677204],[-1.27855211721907,53.8914307565182],[-1.27883184936836,53.8923357041029],[-1.27960228876112,53.8926605190058],[-1.28143020573746,53.8925725934221],[-1.28160658738323,53.8931564876108],[-1.28124830147641,53.8939211323553],[-1.28171220063309,53.8949043977175],[-1.28255215121163,53.8950891724654],[-1.284050612168,53.8945841058456],[-1.28457929350762,53.894729379597],[-1.2834822903088,53.8970372342578],[-1.28370908861794,53.8974020392804],[-1.28684566434493,53.8980880365907],[-1.28903446441005,53.8994224984774],[-1.2916640130096,53.8997817222422],[-1.29147314224239,53.9008954583148],[-1.28878024850615,53.9010357275773],[-1.28696860969719,53.9022125277736],[-1.28616691529766,53.902116769192],[-1.28545182821471,53.9009303331859],[-1.2838583351822,53.9008593386503],[-1.28207449293436,53.9015834155326],[-1.28195878353926,53.901915609867],[-1.28254370080871,53.902254459329],[-1.28512998743352,53.9028181292803],[-1.28773742115427,53.9041053896157],[-1.289192500009,53.9044240543742],[-1.29672371603612,53.902521074064],[-1.29768074403413,53.9028578170885],[-1.29660849908297,53.9044335718127],[-1.29740562518495,53.904876780631],[-1.3038708307851,53.9044524600213],[-1.3066519995716,53.9053085241982],[-1.30848155356674,53.905471275692],[-1.31372505692207,53.9047017935426],[-1.31388984394053,53.9050022873527],[-1.31084672912049,53.9059513757736],[-1.30611124143727,53.9064533125287],[-1.30273171999062,53.9073929389932],[-1.30058764064908,53.9074855498006],[-1.30070224860577,53.9085712169109],[-1.30166331600623,53.9087267817547],[-1.30148331091979,53.9094849163913],[-1.30201073884241,53.9096789797324],[-1.30119478179638,53.9145507436902],[-1.30011281461579,53.9171475674265],[-1.30008200594316,53.9191059031636],[-1.29720343195603,53.921682123841],[-1.29845164681323,53.9219876913252],[-1.30033150189186,53.9206631039419],[-1.30142033332717,53.9211977493438],[-1.30093506454209,53.9223652693854],[-1.30530910793017,53.9211565178978],[-1.30737904403448,53.9211244756463],[-1.30731060385031,53.9214944271087],[-1.30576598156562,53.9231620411861],[-1.30578911821759,53.9236615680957],[-1.30424327738232,53.9249640231995],[-1.29708913471895,53.9264234062233],[-1.29426026161636,53.9265739624326],[-1.29431319298451,53.9272169052892],[-1.29630319816213,53.9284185924237],[-1.3004203952232,53.9294166757551],[-1.30222292480973,53.9274051640979],[-1.3038191344977,53.9270332721219],[-1.30527627380587,53.9271242756133],[-1.306597588571,53.924292820294],[-1.30899208640633,53.9240979439034],[-1.30839263321156,53.9286729436352],[-1.30719408899758,53.9323089691705],[-1.30719139340805,53.9345432704878],[-1.30862005104886,53.934357971269],[-1.31257819753571,53.9352805143299],[-1.31539657500224,53.9350935573683],[-1.31637878961326,53.9354873089907],[-1.32058182470905,53.9360492621862],[-1.32110637886197,53.9370178492197],[-1.32281594522148,53.9365651751836],[-1.32556765634429,53.9379327328766],[-1.3292113484026,53.9379916040098],[-1.3311031554474,53.9384849255284],[-1.33206681040739,53.9390421942133],[-1.33245868269352,53.9397524390632],[-1.33503475725119,53.9394726293235],[-1.3362731517497,53.9384990287639],[-1.33752833278451,53.9401318255613],[-1.33953893865568,53.9408099356905],[-1.34205058187864,53.9405422673224],[-1.34471183496868,53.9395013417354],[-1.34393501516549,53.9399228506774],[-1.34285797860746,53.943271391114],[-1.34156486074178,53.9439415015044],[-1.33984153498129,53.9455639070725],[-1.34040538279499,53.9458885909788],[-1.34263047019682,53.9449657547916],[-1.34820870303949,53.9449567735855],[-1.35458036903263,53.943743982093],[-1.35856063942597,53.9417009504635],[-1.36228546919007,53.9414789203215],[-1.36448659039142,53.9416500976249],[-1.36781473526918,53.9422217788936],[-1.36994233347163,53.9430307857841],[-1.37180091519332,53.9428265807437],[-1.37352117955538,53.9417640303442],[-1.37359894550201,53.9413397614058],[-1.37419303342393,53.9415332766402],[-1.37496940412365,53.940966585617],[-1.38168270397259,53.9404872774619],[-1.38367446147134,53.9414562313656],[-1.38648750919976,53.9431906526033],[-1.38811620612276,53.9430193673637],[-1.38969847169437,53.9428197107975],[-1.39009432481394,53.9430134989734],[-1.39144930647341,53.9428271737278],[-1.3914297731265,53.942511648228],[-1.39351383881458,53.9423340080727],[-1.39647041813625,53.941918147291],[-1.39719937016128,53.9425284180324],[-1.39990235088496,53.9414215378953],[-1.39974191058244,53.9401735743176],[-1.40044688173389,53.9400968720341],[-1.40068367425042,53.9384460325445],[-1.40048846154007,53.9376087147889],[-1.40234681115204,53.936830720838],[-1.40477860906787,53.9362041889913],[-1.40766983389858,53.9361735135401],[-1.40784809459422,53.9356522449711],[-1.40913980014929,53.9354753320229],[-1.4091968587065,53.9354656446582],[-1.41138697402909,53.936275164997],[-1.41433136454357,53.9403036520612],[-1.41632628871122,53.9399097817026],[-1.41729581324715,53.9405076724575],[-1.41787139596248,53.9414317450801],[-1.41719899983512,53.9419494096033],[-1.41757446944253,53.9426172219529],[-1.42010992006088,53.9437970306335],[-1.42118418956205,53.945436566383],[-1.42255487139325,53.9462321236841],[-1.42332741600558,53.9470079221084],[-1.4221829199366,53.9486893226241],[-1.42221010653808,53.9505830786503],[-1.42339022918133,53.9518486987169],[-1.42358726274184,53.9532118128807],[-1.4252712193488,53.9539234821508],[-1.42595972497816,53.9549350888004],[-1.42463808934472,53.9563982809724],[-1.42498240803214,53.9575054410222],[-1.4245649838393,53.9592622384785],[-1.42803334991394,53.9596214115436],[-1.43060879111723,53.9602378401934],[-1.4311235653702,53.9606915648481],[-1.43178788201887,53.9604525895566],[-1.43363591989654,53.9618515943236],[-1.43477636935571,53.9631230386107],[-1.43440192495466,53.9641740824849],[-1.43332434934214,53.9642796446186],[-1.43366725399047,53.966389739696],[-1.43307034143578,53.9666185986448],[-1.43258476716772,53.968895854871],[-1.43499747169399,53.9699496076646],[-1.4320523563326,53.9705973998875],[-1.43111126892717,53.9716089519473],[-1.42594366585354,53.9713863074232],[-1.42481761282124,53.9746640321155],[-1.42627766188747,53.975155225817],[-1.42689442327384,53.9773255203082],[-1.42899018145613,53.9774649313073],[-1.42913276021104,53.9777549867606],[-1.42977830870987,53.9792590035877],[-1.42488220502421,53.9826869498111],[-1.42338039243498,53.9815726524378],[-1.42116236566244,53.9809766788332],[-1.41900627518863,53.982199575319],[-1.41506710065822,53.9823161599265],[-1.40886735124333,53.9841535280026],[-1.40986240296423,53.9844082127699],[-1.41035833785158,53.9841491618007],[-1.41062561995306,53.984560259121],[-1.41136045359528,53.984009264291],[-1.41233493695784,53.9844644116193],[-1.41205490513299,53.98658241378],[-1.41145353165952,53.9866107076607],[-1.41141803638288,53.9869647240089],[-1.41002545987429,53.9874370540762],[-1.4091684528189,53.9885886237209],[-1.40799415957227,53.989256937071],[-1.40387010056841,53.9911563186004],[-1.40260312451945,53.9924279808458],[-1.39920904601146,53.9944406512489],[-1.39668464178537,53.9948684176281],[-1.39433296066002,53.9947540857723],[-1.39246978052208,53.9941579675763],[-1.38884673907928,54.0001389570834],[-1.3880976814797,54.0003418705866],[-1.39047604349207,54.004002960499],[-1.3924494570097,54.0059335256684],[-1.3923179858553,54.0075281680264],[-1.39409909526743,54.0101104412458],[-1.39334253991102,54.0132450401792],[-1.39837242741764,54.0145142136213],[-1.40011197051446,54.0126085249122],[-1.40306080127589,54.0119201684296],[-1.40302529432326,54.0116352253416],[-1.40594055701946,54.0114808169529],[-1.40702506494827,54.0134277966921],[-1.40547379295222,54.013355257646],[-1.40313983784244,54.0150623352915],[-1.40359071632847,54.0169820358445],[-1.40333105088791,54.018298015955],[-1.40113379955321,54.0189614666814],[-1.39906253972129,54.0200799515695],[-1.39957473181696,54.0233632991477],[-1.39338548797136,54.0243285164039],[-1.38676049696293,54.0241531284084],[-1.38656048957997,54.0252334394468],[-1.3856835981843,54.0258572645357],[-1.37889356235713,54.0275573516896],[-1.3771417071634,54.0288013523745],[-1.37734686090148,54.0330596747777],[-1.37925504008399,54.0358609994273],[-1.37958540267111,54.0373600355446],[-1.37471219342821,54.0389463825716],[-1.37374036702006,54.037984205403],[-1.37099975440494,54.0398663289193],[-1.36694664818763,54.0401099516129],[-1.36576207121777,54.0410321404226],[-1.3648898763353,54.0424937891633],[-1.36360545433324,54.0427285539099],[-1.36282881402885,54.0420863209441],[-1.36019531703668,54.0415420856755],[-1.35821002689373,54.0422116002174],[-1.35684986095411,54.0432895067373],[-1.35551432933567,54.0460196806655],[-1.35396517204264,54.047636088161],[-1.35056701006241,54.04922590644],[-1.35042048453623,54.0496311293044],[-1.34623418735704,54.051813997214],[-1.34736618844465,54.0528696375351],[-1.34816080865365,54.0526357849705],[-1.3501269450736,54.0530958029806],[-1.3526688731478,54.0560377825601],[-1.35040115101376,54.0561235476502],[-1.34834696388824,54.0557788236444],[-1.34390123974395,54.0561094223496],[-1.34317037506438,54.0568059204561],[-1.34339564876947,54.0573528267073],[-1.3415994505892,54.0583081175581],[-1.33966199755156,54.0576548825805],[-1.33246137585058,54.0607169870113],[-1.33078403772014,54.0585295531968],[-1.32649416432291,54.0595002037608],[-1.3256602964305,54.057563696061],[-1.32240607432612,54.0596874191761],[-1.31616984454355,54.0621184261129],[-1.31016757235464,54.0649394506876],[-1.30547452776765,54.0618665043881],[-1.30155037271607,54.0620974283836],[-1.30110769935945,54.0638131865001],[-1.29809646158184,54.0662648678749],[-1.29532551069155,54.0648492865099],[-1.29236729515208,54.0642623663599],[-1.28983594161871,54.0632124759137]]]},"properties":{"FID":5546,"MSOA21CD":"E02005776","MSOA21NM":"Harrogate 016","MSOA21NMW":" ","BNG_E":445668,"BNG_N":455533,"LAT":53.99384,"LONG":-1.30492,"GlobalID":"adfa1c67-6561-4dc6-bfa0-46bcdf6e505b","GROUP":"Harrogate & The Dales"}},{"type":"Feature","id":5547,"geometry":{"type":"Polygon","coordinates":[[[-1.48154549573649,53.9989419603897],[-1.47958385198929,53.9962492470767],[-1.48013300728667,53.995684629104],[-1.47855492286029,53.9933743083187],[-1.4802825898653,53.9926437415562],[-1.48674781235442,53.9924613387381],[-1.48765095905232,53.9923123938875],[-1.48777769906466,53.991997194488],[-1.4878765745335,53.9907062413733],[-1.48822301723593,53.9899715660167],[-1.48915312923094,53.9893680086041],[-1.4896026519441,53.987959794941],[-1.48951388323427,53.9871911298423],[-1.48842764947532,53.9864601943946],[-1.48559676133582,53.9859179200999],[-1.48489137625609,53.9848074002768],[-1.48396956013183,53.9846284622162],[-1.48425281909202,53.9834168890816],[-1.48362139631541,53.9832257100408],[-1.48334651832856,53.9824878329787],[-1.48398832362714,53.9818780168369],[-1.48366282409174,53.9815774735242],[-1.4846188455982,53.9813209429534],[-1.48832631866371,53.9817816491896],[-1.49051661395135,53.9813160929541],[-1.49188995269493,53.981411122278],[-1.49188710221646,53.9808238065823],[-1.4933365706017,53.9805132185135],[-1.49338125355411,53.9801579729792],[-1.49622342116624,53.9784875289544],[-1.50193368165651,53.9774813364535],[-1.50324206227195,53.9776030249437],[-1.50368185250929,53.977040022148],[-1.50460467307905,53.9777308182686],[-1.50521737217198,53.9777751844845],[-1.50522308355391,53.9770517310045],[-1.5068188962287,53.9766095741345],[-1.50832313510219,53.9750609459445],[-1.5121428324486,53.9709116219827],[-1.51938167592708,53.9742020750697],[-1.5225980530149,53.9761571030727],[-1.52339193879618,53.9745615806076],[-1.52312666912821,53.9735921371991],[-1.5239894199352,53.9733912505408],[-1.52396028847814,53.9727895588063],[-1.52890682333752,53.971670175573],[-1.52980080617961,53.9710603010014],[-1.53038597952017,53.9719715152594],[-1.5310361221396,53.9717633582819],[-1.53105082974628,53.9717921853325],[-1.53136219933149,53.9724283457418],[-1.53062929885913,53.9725251563005],[-1.53048256491155,53.9728140471313],[-1.53269850391115,53.9764291306561],[-1.53155688346672,53.9767824970237],[-1.52943392961811,53.9770028135293],[-1.53000125459207,53.9787575855054],[-1.53008788732292,53.9789368363477],[-1.52866018415708,53.9797469535621],[-1.52938920021309,53.9800836099398],[-1.52935071103015,53.9807736549957],[-1.52639440918789,53.9814811170822],[-1.52566633534734,53.9819926997792],[-1.52639840165358,53.9824287636315],[-1.52839501737775,53.9823753319232],[-1.52826983615583,53.9826812648726],[-1.52757153985552,53.9827750685041],[-1.52779573408237,53.9832747852983],[-1.52735305766988,53.9834613861614],[-1.52777676959365,53.9836518182992],[-1.52723691751165,53.983887398222],[-1.52744641746327,53.9842592344939],[-1.52681756856485,53.9845693578927],[-1.52736732520731,53.9851916082702],[-1.52521892645971,53.9858288241292],[-1.52731357478827,53.9870042949305],[-1.52749530001041,53.9877177174985],[-1.52530075907327,53.98752803462],[-1.52835546587393,53.9905747758166],[-1.52907859478261,53.9910271858476],[-1.52849343959254,53.9913419245522],[-1.52767989284881,53.9917733094064],[-1.52421393165223,53.9935727331593],[-1.52193512914514,53.9944506297752],[-1.52193045050078,53.9944436007734],[-1.52146980967282,53.9933995095861],[-1.51727132940594,53.991986816303],[-1.51329087699461,53.9907178211778],[-1.51037641790876,53.9898124701635],[-1.50682899082828,53.9886768165472],[-1.50647815683449,53.988568608589],[-1.50605668101861,53.9884505226402],[-1.505295928646,53.9904442937853],[-1.5044698510941,53.9913019293688],[-1.50405354995364,53.9916621238162],[-1.50376419180397,53.9918782546385],[-1.50422135277582,53.9922302996965],[-1.50425768495625,53.994313992887],[-1.5028800890005,53.9945752128831],[-1.5019896929821,53.9946759440142],[-1.50194939031897,53.9942578481115],[-1.50137821519924,53.9942056473033],[-1.49845594454232,53.9948918656982],[-1.49768805327468,53.995127962793],[-1.497790126968,53.9953997009336],[-1.49666214688538,53.99564053543],[-1.4951817698326,53.9963045790113],[-1.49171286083262,53.9961907424814],[-1.48977568590196,53.9965054775937],[-1.48739009537272,53.9973660921535],[-1.48595478386931,53.9982963842547],[-1.48552896220631,53.9976517508621],[-1.48154549573649,53.9989419603897]]]},"properties":{"FID":5547,"MSOA21CD":"E02005777","MSOA21NM":"Harrogate 017","MSOA21NMW":" ","BNG_E":432484,"BNG_N":454439,"LAT":53.985,"LONG":-1.50612,"GlobalID":"a347fe83-b7bc-45c4-b37e-a41c18dd0f7c","GROUP":"Harrogate & The Dales"}},{"type":"Feature","id":5548,"geometry":{"type":"Polygon","coordinates":[[[-1.60013586426712,54.057907053248],[-1.59787700633523,54.0569002601082],[-1.59590542049064,54.0570006562761],[-1.59387481116948,54.0564455891979],[-1.59214600996715,54.054819213805],[-1.59105889439201,54.0546340693917],[-1.5886244108232,54.0550203812483],[-1.58810806166007,54.0548482277272],[-1.5862115936979,54.053603324939],[-1.58675952651437,54.0528856503197],[-1.58564703826544,54.0527065977427],[-1.58546784194748,54.05235266459],[-1.58424263195949,54.0523514950949],[-1.58403161939465,54.0517040707903],[-1.58198536746942,54.051262948205],[-1.58160301669038,54.0504788558833],[-1.58198049847155,54.0501347926582],[-1.58137484381354,54.0501617083106],[-1.58064856408906,54.049343126415],[-1.58256838603691,54.049039694267],[-1.58368894666595,54.0473763833059],[-1.58555578647592,54.0465820991996],[-1.58610787921109,54.0459894678676],[-1.58982973432737,54.0449233690786],[-1.58704693313961,54.0407284784868],[-1.58777264559416,54.0397251619202],[-1.58816864965685,54.0371283639137],[-1.58948265590725,54.0363125233086],[-1.590399306599,54.0349822133217],[-1.58990299909385,54.0330637497069],[-1.58797459382925,54.0331404397789],[-1.58595186656444,54.0324531536491],[-1.58704367558661,54.0320371121662],[-1.5891036835236,54.0296705859841],[-1.58793278437633,54.0271752804763],[-1.58981838309998,54.0257364510959],[-1.59415307712171,54.0274975561801],[-1.60313523079266,54.0283075033963],[-1.60599640458824,54.0289317324894],[-1.6077653650742,54.0289282415714],[-1.60873626471168,54.0278404709088],[-1.60881833355747,54.0270383789434],[-1.60853827065228,54.026120726823],[-1.61005263259012,54.0263330114978],[-1.61179699067842,54.0266685755768],[-1.61278369696297,54.0263894915423],[-1.61382651171545,54.0265214411283],[-1.61670028108656,54.0251005589725],[-1.61681169201481,54.0245857491223],[-1.61632442462833,54.0225744854536],[-1.61740658105873,54.0222188595821],[-1.61854102166724,54.021154848179],[-1.61793769563582,54.0195351984671],[-1.61699256170686,54.0189019761017],[-1.61702660237399,54.0182984642448],[-1.61613718002108,54.0187274485161],[-1.6153661823497,54.0183729283149],[-1.61626349569746,54.0173655289323],[-1.61366766802751,54.0166160554448],[-1.61152913572677,54.0186462714318],[-1.61109941216626,54.0181286125858],[-1.61133229567753,54.01672867417],[-1.6099404598767,54.0142797986256],[-1.61191079749789,54.0127731917642],[-1.6112517189154,54.0118057140422],[-1.61152367494325,54.0112360737333],[-1.61314397307454,54.0097887564796],[-1.61430449443774,54.0093343931996],[-1.61530011383894,54.0079360626771],[-1.61542808491978,54.0069326638757],[-1.61725330058327,54.0056290905062],[-1.62308476298765,53.9976597101675],[-1.62294032705543,53.9952292210165],[-1.61138966674964,53.9948140636724],[-1.60776988629799,53.9942759897175],[-1.60411048256018,53.9932542430204],[-1.60037879588854,53.9911075909096],[-1.59815777500314,53.9890607450605],[-1.59581574668013,53.9877382068877],[-1.59622145885673,53.9873783785533],[-1.59438597958923,53.9868551147604],[-1.59352532668259,53.9851830156279],[-1.59208386692176,53.9837926487288],[-1.59065793403083,53.9843006264995],[-1.58867730614159,53.9840686051251],[-1.58604650797192,53.9846246814609],[-1.58293607614474,53.986863409411],[-1.58188342339446,53.9868776922074],[-1.58174020070574,53.9854995205452],[-1.58126853682283,53.9851077999515],[-1.58371019622895,53.9838132048885],[-1.57766726484689,53.977705775158],[-1.57667965567769,53.9778686340206],[-1.57602866058928,53.9755976249668],[-1.56756584423288,53.9764677917098],[-1.56150014475133,53.9775714897218],[-1.56066526541,53.9756119693302],[-1.5608175145818,53.9747050099939],[-1.5608240258166,53.9746744303458],[-1.56164358293169,53.9724937536288],[-1.5624931528888,53.9701392732778],[-1.56040186783693,53.9687275417484],[-1.56157742786612,53.9669594919323],[-1.55923990919525,53.9661942585534],[-1.55865354326709,53.9659307348855],[-1.55911774910179,53.9640078474744],[-1.55792361677618,53.9623063741894],[-1.56103786370045,53.9618676233181],[-1.56437994273875,53.9604552129442],[-1.56412970218228,53.9598827456295],[-1.56354248868241,53.9598117436897],[-1.56369218909007,53.9594525409177],[-1.56221839475451,53.9588860171961],[-1.56219554456623,53.9582930186197],[-1.56006114100991,53.9562458547888],[-1.5577873103799,53.9557819497076],[-1.55499527957814,53.956091569764],[-1.55463371030079,53.9565632404691],[-1.55416246815564,53.9563053084994],[-1.55285735096019,53.9566844239679],[-1.55239769219869,53.9563397693557],[-1.55172395701979,53.9565495436968],[-1.54872428732954,53.952657339412],[-1.5436436445165,53.9548643952707],[-1.54471761710576,53.9488691077048],[-1.54424726394415,53.9477267262151],[-1.54322256484221,53.9475170371161],[-1.5450049097687,53.9467033223106],[-1.54218189260565,53.9457219247372],[-1.53950243120074,53.9440282336921],[-1.54196720769648,53.9417157984375],[-1.54489819669901,53.940681645942],[-1.54620507362853,53.9394412126641],[-1.54761622204909,53.9389828067652],[-1.54807649994317,53.9382385488365],[-1.54781758550963,53.9376617921323],[-1.54874436742329,53.9371776904659],[-1.54856347275847,53.9366950332072],[-1.54966598364459,53.9356807103408],[-1.55219647165608,53.9351233780204],[-1.55617785386496,53.9322871290622],[-1.5568274959079,53.9313325015668],[-1.55546867918496,53.9307988932754],[-1.55514751599619,53.93019227564],[-1.55712182389219,53.9293862525504],[-1.55736313364524,53.928796264055],[-1.55817442337689,53.9284037806605],[-1.55967759500021,53.9279716801779],[-1.56196143323828,53.9278811536407],[-1.56538120121714,53.9269248319228],[-1.56617273048374,53.9255828865357],[-1.57220034178576,53.9258867239677],[-1.57370594189315,53.9255450042918],[-1.57663949145562,53.9260108336852],[-1.57782244160499,53.9273864626272],[-1.57928937015164,53.928347287601],[-1.58180685526857,53.9299321213714],[-1.5834733176612,53.9304791334726],[-1.58627833458496,53.9308758419944],[-1.58908489887993,53.9319440566593],[-1.59053165110546,53.9333662609574],[-1.58995891065642,53.9323147041946],[-1.59413893245074,53.9287595961464],[-1.5958533143246,53.9265768315925],[-1.59659611956887,53.9244511772685],[-1.60023734455322,53.9231710398575],[-1.60439242715205,53.9228196426569],[-1.60729239906254,53.9214315523981],[-1.60492560513997,53.9206885096808],[-1.60362972801429,53.91959584251],[-1.59963564522249,53.9177238142915],[-1.59701636465684,53.9166463707805],[-1.59494457290584,53.9162835567669],[-1.5899030818588,53.9128160181723],[-1.58629568400752,53.9125711179382],[-1.58399993640276,53.9107565079283],[-1.58409049448928,53.9096185760606],[-1.58289970595895,53.9093597464131],[-1.58431753678178,53.9089882756222],[-1.58547871778969,53.9071584850772],[-1.58624752070083,53.9044984874186],[-1.58518427651701,53.9025037465799],[-1.58565842306727,53.9014984550849],[-1.58706109099856,53.9012445958873],[-1.59293888638024,53.9019889783122],[-1.59447520904825,53.9027078231724],[-1.59830345171255,53.9034520677353],[-1.59924818749263,53.9039821269844],[-1.60108592293836,53.9053389281283],[-1.60178127234453,53.9070921736785],[-1.60096617321032,53.9081716614676],[-1.59889610528914,53.9088896281571],[-1.59929610000019,53.9096094952807],[-1.60132876095921,53.9097061295528],[-1.60562281213539,53.9092537494492],[-1.60862962874357,53.9084341459504],[-1.6112369861495,53.9065793267208],[-1.61282130784058,53.9059378400923],[-1.62010584086982,53.9034602190133],[-1.62273973123714,53.903480009361],[-1.62777279378478,53.905303932092],[-1.63063689248429,53.9051603152804],[-1.63792704249958,53.9055419902469],[-1.64108072188536,53.9071341655071],[-1.64225984111906,53.9073637816776],[-1.64594039024056,53.907103647599],[-1.64860595693454,53.9059186127804],[-1.6520301612638,53.9057222457703],[-1.65361761870681,53.9068735243438],[-1.65441706063822,53.9083315831292],[-1.65395170768599,53.9093276272654],[-1.65221731175966,53.9106652209077],[-1.65312288810087,53.911703075732],[-1.65508306050203,53.9124842012102],[-1.66305315049125,53.9131612516308],[-1.66654510342042,53.9129134382721],[-1.67018132067866,53.9113177406433],[-1.67529525412606,53.9108635375998],[-1.6788472646362,53.9103997391814],[-1.68221121686615,53.9104614515425],[-1.68462704396453,53.9105880744715],[-1.68457097304243,53.9119855200311],[-1.68820571984504,53.9117484254992],[-1.68917091681029,53.9126454869242],[-1.68761919035521,53.9144121925614],[-1.68702025730767,53.9163883928486],[-1.68769904127528,53.9164841045242],[-1.69010296986476,53.9167133846671],[-1.69032323567898,53.9174058368579],[-1.69634655506025,53.9171381201182],[-1.69645843544107,53.9176116756942],[-1.69693459146752,53.9176842860724],[-1.69769856963599,53.9168220205084],[-1.69851982404917,53.9169214852194],[-1.70077857464655,53.9173820601593],[-1.70224306945911,53.9184499126866],[-1.70371545885244,53.9186774035994],[-1.7047755709797,53.9181988759638],[-1.70708388684897,53.9191310817981],[-1.7061125385671,53.9170712000056],[-1.70740954964742,53.9170259164692],[-1.70803498222575,53.917004716601],[-1.7089574836905,53.9180346603302],[-1.71248826241349,53.9175572602267],[-1.71319642348625,53.9179443062675],[-1.7155847838203,53.9176057132043],[-1.7164324404692,53.917634756575],[-1.71609207710111,53.9174021924201],[-1.71630194070347,53.9165522811886],[-1.71665916383873,53.9156422154266],[-1.71761933652975,53.9130766310733],[-1.71758312168347,53.9118143108381],[-1.71820621323232,53.9106330180212],[-1.71870198142274,53.9104740969001],[-1.7179586462823,53.9085422047125],[-1.72054860085627,53.90998126009],[-1.72156621241039,53.9116160400962],[-1.72231412705597,53.9119581853016],[-1.72357578138419,53.911733872093],[-1.72565187298211,53.9105612210895],[-1.72721680909151,53.9101967038414],[-1.72901807815822,53.9103214136933],[-1.73369801562179,53.9118907005584],[-1.73906467411954,53.913008547313],[-1.74043739952876,53.913580296051],[-1.74259793330814,53.9149552810473],[-1.74487126534237,53.9174253098035],[-1.74607690398908,53.9189184447642],[-1.74604625588489,53.9209951209814],[-1.74504194246939,53.9223779554047],[-1.74562580828501,53.9230038523733],[-1.74973141215548,53.9226026699392],[-1.75531267080723,53.9210266561696],[-1.75723515733601,53.92140999354],[-1.76302915111923,53.9242911308408],[-1.76527274361569,53.9247325336887],[-1.76710670379471,53.9243990433099],[-1.76829958677879,53.9234629708372],[-1.76892039234183,53.9215949841432],[-1.77122403138544,53.9209525356552],[-1.77309471040403,53.9209097122502],[-1.77575947742792,53.9214078886606],[-1.77657531751158,53.9218031800458],[-1.77783720129134,53.9233325526172],[-1.77992904367151,53.9254179153053],[-1.78097890935709,53.9278563449254],[-1.78237662229967,53.9294165427752],[-1.78508733106643,53.9297278186988],[-1.79265573179864,53.9292962580213],[-1.79488564801622,53.9292736591549],[-1.79748716490785,53.9295641307541],[-1.79823464923031,53.9302041920694],[-1.79720084269435,53.9303130037097],[-1.79636510982092,53.9309092213844],[-1.79627318087666,53.9335641599367],[-1.79738806580796,53.9342187656705],[-1.7970452404644,53.9347361085326],[-1.79743591112082,53.9352459806094],[-1.79717520455481,53.9356157210797],[-1.79784461595222,53.9362729450087],[-1.79749566937167,53.9364846873373],[-1.79903700511314,53.9367625151531],[-1.80286367258491,53.9359575021478],[-1.80353926183111,53.9379298979432],[-1.80508922107108,53.9390226926121],[-1.80622542775993,53.9386658935234],[-1.81131112819006,53.9387789880172],[-1.81506789513646,53.9383500178586],[-1.81705394033161,53.9385839064193],[-1.82041821555542,53.9380536397334],[-1.82339130276568,53.9383503873589],[-1.82401896930758,53.9390408635157],[-1.8259406432284,53.9382490837828],[-1.83020025954679,53.9380182608397],[-1.83012731259002,53.9403831894404],[-1.83544952951115,53.9394957309747],[-1.83712183548852,53.9395003482439],[-1.83843833625034,53.9396767159359],[-1.84172316186528,53.9393774589374],[-1.84502364490204,53.9398841080849],[-1.84768943192303,53.9407726902437],[-1.84773832895376,53.93859063579],[-1.84865675902213,53.9360266352868],[-1.84549894865509,53.9352640009793],[-1.83699908280692,53.9323643681672],[-1.83633487663217,53.932059852654],[-1.83619991368898,53.931420405971],[-1.83706259681155,53.9313695271267],[-1.84021416336061,53.9316055673205],[-1.84333417210783,53.9329631558598],[-1.84715364491341,53.9325998483512],[-1.84998316111182,53.9314122367721],[-1.85222975604946,53.9309729301107],[-1.85449728451661,53.9314733844807],[-1.85586871043277,53.9322361774321],[-1.85920815621855,53.9324656517393],[-1.8608316387511,53.9329045833588],[-1.86297988879829,53.9344428335206],[-1.86174848435543,53.9398189216302],[-1.86234707926608,53.9407624378745],[-1.86440800670724,53.941304233426],[-1.86510319780138,53.9420176592561],[-1.86639891643653,53.9425111795045],[-1.87201432307931,53.9438665500185],[-1.8744494204488,53.9453498552342],[-1.87540890440579,53.9468226627173],[-1.87642899758676,53.9495640342764],[-1.876272948928,53.9512976611744],[-1.87769938617684,53.9533213531137],[-1.87888234040832,53.9542744174735],[-1.8759939371793,53.9550093054844],[-1.87504824155859,53.954826895224],[-1.8733257112653,53.9550110290385],[-1.87209900934817,53.9545331075338],[-1.87040604068362,53.9544354836238],[-1.86520800797766,53.9559622408672],[-1.86398654466774,53.9566835365772],[-1.86344299969084,53.9574676672761],[-1.8615687688722,53.9584055832738],[-1.86115336051309,53.9590134662544],[-1.86118661009171,53.9597625765388],[-1.86247054258766,53.9603695944748],[-1.86316314361348,53.9619519316861],[-1.8616819089265,53.9619404186584],[-1.86013645668106,53.9623385895672],[-1.84989876768142,53.9657227909373],[-1.82488856153938,53.9762596602148],[-1.81673275070714,53.9781392037684],[-1.81774600411466,53.9801399614876],[-1.82220229460235,53.9834970539999],[-1.82549077150959,53.9847896582336],[-1.82675903081181,53.9856632739076],[-1.82489585152537,53.9863096452761],[-1.82450405717265,53.9873488416496],[-1.8232654934438,53.98778377933],[-1.82316241717068,53.9890598775528],[-1.82163360502224,53.9899277396185],[-1.82164793400911,53.9909265154805],[-1.82012574568568,53.9912295559127],[-1.81876556880039,53.992525392317],[-1.81952715687147,53.996416291325],[-1.81932800600823,53.9969498606149],[-1.81731998605725,53.9984168759351],[-1.81193197233186,53.9995387891817],[-1.80973585270005,53.9994050215491],[-1.80228890306663,54.0014528998622],[-1.80054304661047,54.0016586994874],[-1.79926292541868,54.0022677358868],[-1.79763717617655,54.0024706109458],[-1.79412389343283,54.0041768294785],[-1.79064744037791,54.0048645638446],[-1.78767989841426,54.004514481739],[-1.78618196510206,54.0046665836308],[-1.78416690269901,54.0039814791337],[-1.78246966177229,54.0039566659643],[-1.78124473162501,54.0040668529188],[-1.7805056628624,54.0045398349386],[-1.77982839585389,54.0043983318245],[-1.77803797266426,54.0050543425454],[-1.77464059165822,54.0046840679664],[-1.77339663321453,54.0050375960749],[-1.77144695587141,54.0047117683486],[-1.76922745025086,54.0050768837475],[-1.76863434538195,54.0048033650707],[-1.76589576313528,54.004644123648],[-1.76253395435566,54.0049778519123],[-1.7613642724438,54.0046863912327],[-1.75941166489162,54.0048990892525],[-1.759994838941,54.005370147833],[-1.7602281310081,54.0064350419059],[-1.76186489041876,54.0072803074712],[-1.76169776340611,54.0081039365995],[-1.74606199859934,54.012416071087],[-1.74420181619875,54.0144298647146],[-1.73793770523202,54.0162959882956],[-1.73346022706484,54.0179865487264],[-1.73184936501126,54.0192943366912],[-1.73120464237866,54.0194257611751],[-1.72861473718349,54.0217208093619],[-1.72676028903883,54.022667633249],[-1.72617409022896,54.0233934598185],[-1.72097664651983,54.024779159717],[-1.71990938647848,54.0268724939852],[-1.71847281388118,54.0264279498031],[-1.71833826845853,54.0271277432858],[-1.71582213689636,54.0272342533469],[-1.71469176244259,54.0282533707516],[-1.71298558132927,54.0283644796158],[-1.71032037155443,54.0304736225297],[-1.71053453431152,54.0311815740301],[-1.70936840152505,54.0317548226034],[-1.70918730405274,54.032823061285],[-1.70779148402312,54.0330738688963],[-1.70579830489504,54.0342733564602],[-1.70542164076469,54.0339786637497],[-1.70440856958103,54.0347311369645],[-1.70270857704687,54.0348690724306],[-1.70075937576289,54.0356262292144],[-1.69940718832058,54.0357596352309],[-1.69841531209102,54.0364947320724],[-1.69704828246762,54.0370063571273],[-1.6964033024121,54.0364629599069],[-1.69496779135578,54.036110512735],[-1.6950509508386,54.0366131769458],[-1.69362881907003,54.0369081243587],[-1.69315026923316,54.0365822431824],[-1.69095864401272,54.0362501488165],[-1.68840282121465,54.0354831239126],[-1.68747003305028,54.0356750622155],[-1.68598091138668,54.0342792556161],[-1.68271500102437,54.0334699679881],[-1.67618271001061,54.0330872424162],[-1.66879838374975,54.0349008338335],[-1.66857356008476,54.0347339470679],[-1.66745739666558,54.0353515720987],[-1.66062645750194,54.0358416175534],[-1.66010371679906,54.0363112307851],[-1.65821150942786,54.0365889351635],[-1.6543199816789,54.0376184592726],[-1.65077696922652,54.0393447787437],[-1.65011710719656,54.039392294469],[-1.64284547739349,54.0388844991793],[-1.63874611418924,54.0374159192347],[-1.63404475461337,54.0370661907046],[-1.63311793549794,54.0391510036893],[-1.63095665879486,54.0412744355605],[-1.63044312686789,54.0423128841393],[-1.62666757788479,54.0443177942232],[-1.6247568642211,54.0446758481117],[-1.62239774480785,54.046008731597],[-1.61915160026698,54.0497150924959],[-1.6160874381289,54.0516194341614],[-1.61320987312908,54.0540699886123],[-1.61315789109047,54.0555572560279],[-1.61102486377332,54.05715268877],[-1.60852760899842,54.0576237012569],[-1.6067189463586,54.0572080703487],[-1.60595752648843,54.0563489503584],[-1.60414920209342,54.0563037000938],[-1.60100736399507,54.057080580348],[-1.60013586426712,54.057907053248]]]},"properties":{"FID":5548,"MSOA21CD":"E02005778","MSOA21NM":"Harrogate 018","MSOA21NMW":" ","BNG_E":419863,"BNG_N":453799,"LAT":53.97989,"LONG":-1.69863,"GlobalID":"939d14e4-36f6-4dca-b32d-b0d96d219ff7","GROUP":"Harrogate & The Dales"}},{"type":"Feature","id":5549,"geometry":{"type":"Polygon","coordinates":[[[-1.5297710334696,53.9960841582833],[-1.52936578571902,53.9954891159695],[-1.52966556893986,53.9949750491603],[-1.52911017255975,53.9948668317087],[-1.52828835433813,53.995231148465],[-1.52819064432763,53.9947800182392],[-1.52748554672539,53.9944386268205],[-1.52742015374501,53.9949124180694],[-1.52691681144219,53.9949104408546],[-1.52691061070479,53.9941105099181],[-1.52521319411669,53.9944902982255],[-1.52421393165223,53.9935727331593],[-1.52767989284881,53.9917733094064],[-1.52849343959254,53.9913419245522],[-1.52907859478261,53.9910271858476],[-1.52835546587393,53.9905747758166],[-1.52530075907327,53.98752803462],[-1.52749530001041,53.9877177174985],[-1.52731357478827,53.9870042949305],[-1.52521892645971,53.9858288241292],[-1.52736732520731,53.9851916082702],[-1.52681756856485,53.9845693578927],[-1.52744641746327,53.9842592344939],[-1.52723691751165,53.983887398222],[-1.52777676959365,53.9836518182992],[-1.52735305766988,53.9834613861614],[-1.52779573408237,53.9832747852983],[-1.52757153985552,53.9827750685041],[-1.52826983615583,53.9826812648726],[-1.52839501737775,53.9823753319232],[-1.52639840165358,53.9824287636315],[-1.52566633534734,53.9819926997792],[-1.52639440918789,53.9814811170822],[-1.52935071103015,53.9807736549957],[-1.52938920021309,53.9800836099398],[-1.52866018415708,53.9797469535621],[-1.53008788732292,53.9789368363477],[-1.53095899086736,53.9784392012532],[-1.53318012779208,53.9771569607954],[-1.53365800055647,53.9768826333739],[-1.53658840794686,53.9753819103344],[-1.53709343107965,53.9751155760164],[-1.53738974954536,53.9754264811476],[-1.53617159276921,53.9763044028247],[-1.53775717910305,53.977985120901],[-1.53915020254074,53.9772253818554],[-1.53954173642015,53.9776477775875],[-1.54004874075615,53.9779841944777],[-1.54091073070332,53.978916427365],[-1.54085436353953,53.9792066337156],[-1.54323640503968,53.9816831076984],[-1.54396317440687,53.9826699117544],[-1.54588118294171,53.9848243120178],[-1.54620249324084,53.9851737662675],[-1.54905406234624,53.9843742038638],[-1.54924898456356,53.9846357234693],[-1.5501225288922,53.9865042514874],[-1.55004447566876,53.9868119970122],[-1.54932165717855,53.988728653164],[-1.550556083376,53.989401929157],[-1.549961242697,53.9894104780107],[-1.54948223067058,53.9891029028675],[-1.54911312107831,53.9890015531056],[-1.54858983325524,53.9894572867894],[-1.5479248778364,53.9900095577806],[-1.54734485457295,53.9900521347166],[-1.54698602662258,53.9899749267646],[-1.54722328512895,53.9895773933251],[-1.54642509542134,53.989368251091],[-1.54713053656221,53.9882950668542],[-1.54659131571864,53.9881957964495],[-1.54643715991537,53.9877233310716],[-1.545393425688,53.98759712954],[-1.54521474393171,53.9878891221199],[-1.5459335682846,53.9880444684769],[-1.54579679982588,53.9883026194995],[-1.54512301038626,53.9880390773407],[-1.54424978259462,53.9886566268829],[-1.54455459169173,53.9889562379353],[-1.54386239090772,53.9894615298689],[-1.54355979277984,53.9905868698622],[-1.54450236379791,53.9903273278917],[-1.54401687714726,53.9920283551337],[-1.54477856743628,53.9921122881408],[-1.54498387669703,53.9928680247025],[-1.54417784206142,53.9926139581179],[-1.54404161062354,53.9930442903002],[-1.54322918258886,53.9930056691517],[-1.54294715662344,53.9926940762508],[-1.54236189958021,53.9927322453361],[-1.54266192606212,53.9931917605012],[-1.54192804919074,53.9933507456371],[-1.54184627283396,53.993853746115],[-1.54125092029277,53.9938964145516],[-1.54144323059059,53.9930523029249],[-1.53974818286472,53.9932345592224],[-1.53953631094716,53.9916968571393],[-1.54185702131876,53.9914810287736],[-1.54136653980169,53.9903107523563],[-1.53989126010371,53.9903973753927],[-1.53931754048475,53.9895443272108],[-1.53962535318464,53.9884247615334],[-1.53867695271512,53.9880832686699],[-1.53682433896137,53.9887651294102],[-1.53695631454906,53.9891788669612],[-1.53647114657799,53.9894270905116],[-1.53718350924481,53.989575948109],[-1.53684629715213,53.9901252565125],[-1.53727177977525,53.990969153471],[-1.53638431438059,53.9910362706068],[-1.53744389205349,53.993166999497],[-1.53737057304531,53.9956481076974],[-1.53595867544303,53.995411089138],[-1.53540056969578,53.9946558805132],[-1.53268522252746,53.9950123083186],[-1.53194660656018,53.9956031846617],[-1.53118299208868,53.9955553733341],[-1.5312201530909,53.9961046671318],[-1.53049931412013,53.9964523784207],[-1.5297710334696,53.9960841582833]]]},"properties":{"FID":5549,"MSOA21CD":"E02005779","MSOA21NM":"Harrogate 019","MSOA21NMW":" ","BNG_E":430410,"BNG_N":454514,"LAT":53.9858,"LONG":-1.53774,"GlobalID":"b9bab8fd-38b9-41c5-8fd7-1b718fc1366a","GROUP":"Harrogate & The Dales"}},{"type":"Feature","id":5550,"geometry":{"type":"Polygon","coordinates":[[[-1.55284025186571,53.999005105651],[-1.55253656139898,53.9984845753928],[-1.5532322236377,53.9982254231587],[-1.55315434951526,53.9977694295441],[-1.5549527837446,53.997178212743],[-1.55618737906271,53.9968024179256],[-1.55734683862526,53.9958794850262],[-1.55659309232867,53.9955627835496],[-1.55707026398414,53.9953217038845],[-1.55627000618428,53.9948671011174],[-1.55886150791703,53.9940074386971],[-1.56011079060642,53.9940978593817],[-1.56035772671049,53.9943992314024],[-1.56084332789458,53.994300533041],[-1.56104684230307,53.993538677411],[-1.5631245545231,53.993411036593],[-1.56320547213345,53.9927291176917],[-1.56457633322305,53.992061064419],[-1.56415860319743,53.9916511741258],[-1.56510023205626,53.9913869385963],[-1.56328800498886,53.9906246492447],[-1.56362845775181,53.9899843662325],[-1.56230078955325,53.9880070386673],[-1.55957599047906,53.9860737029217],[-1.55916718819733,53.9857935834701],[-1.55582275602425,53.9876687014498],[-1.55496882433684,53.9875507689198],[-1.55465245946368,53.987148715893],[-1.55380426143685,53.9865690230169],[-1.55372010260401,53.9868340922741],[-1.55238279104648,53.9870063580635],[-1.55215563666754,53.986675764345],[-1.55391110002247,53.9861263227873],[-1.5535260735624,53.9856467800311],[-1.55078362754724,53.986412306258],[-1.55078595258394,53.9864343709114],[-1.5501225288922,53.9865042514874],[-1.54924898456356,53.9846357234693],[-1.54905406234624,53.9843742038638],[-1.54620249324084,53.9851737662675],[-1.54588118294171,53.9848243120178],[-1.54396317440687,53.9826699117544],[-1.54323640503968,53.9816831076984],[-1.54085436353953,53.9792066337156],[-1.54091073070332,53.978916427365],[-1.54004874075615,53.9779841944777],[-1.53954173642015,53.9776477775875],[-1.53915020254074,53.9772253818554],[-1.53775717910305,53.977985120901],[-1.53617159276921,53.9763044028247],[-1.53738974954536,53.9754264811476],[-1.53709343107965,53.9751155760164],[-1.53658840794686,53.9753819103344],[-1.53365800055647,53.9768826333739],[-1.53318012779208,53.9771569607954],[-1.53095899086736,53.9784392012532],[-1.53008788732292,53.9789368363477],[-1.53000125459207,53.9787575855054],[-1.52943392961811,53.9770028135293],[-1.53155688346672,53.9767824970237],[-1.53269850391115,53.9764291306561],[-1.53048256491155,53.9728140471313],[-1.53062929885913,53.9725251563005],[-1.53136219933149,53.9724283457418],[-1.53105082974628,53.9717921853325],[-1.5310361221396,53.9717633582819],[-1.52919266397887,53.9685519878683],[-1.53067755110991,53.966933068524],[-1.53115539951797,53.9650616130596],[-1.53220577521059,53.9656788334923],[-1.53197809629418,53.9675188019711],[-1.53536008375685,53.9674392984386],[-1.53442628590776,53.9684888041819],[-1.5345655563601,53.9690586356389],[-1.53751817372263,53.9683904145711],[-1.53897150607584,53.9666484268458],[-1.54153200535378,53.9677011082145],[-1.5443084925781,53.9666783430963],[-1.54427149765979,53.9659470624109],[-1.54500696414113,53.9651886839103],[-1.54764011238485,53.9659520491219],[-1.54712112790126,53.9682057736346],[-1.5479064473117,53.9674731598124],[-1.55018859438387,53.9672746270108],[-1.55085628033344,53.96602626619],[-1.5539359631437,53.9655672228574],[-1.5560174640899,53.9656184514579],[-1.55923990919525,53.9661942585534],[-1.56157742786612,53.9669594919323],[-1.56040186783693,53.9687275417484],[-1.5624931528888,53.9701392732778],[-1.56164358293169,53.9724937536288],[-1.5608240258166,53.9746744303458],[-1.5608175145818,53.9747050099939],[-1.56066526541,53.9756119693302],[-1.56150014475133,53.9775714897218],[-1.56756584423288,53.9764677917098],[-1.57602866058928,53.9755976249668],[-1.57667965567769,53.9778686340206],[-1.57766726484689,53.977705775158],[-1.58371019622895,53.9838132048885],[-1.58126853682283,53.9851077999515],[-1.58174020070574,53.9854995205452],[-1.58188342339446,53.9868776922074],[-1.58034867217151,53.994622605453],[-1.58125389911564,53.9947575108964],[-1.58067333114165,53.9972590260586],[-1.5789604625457,53.997192200099],[-1.57875345352042,53.9975352550411],[-1.57115669731052,53.9987091306252],[-1.56853305680321,53.9996725616637],[-1.56540024269206,54.000690986982],[-1.56513511089467,53.9999642705523],[-1.56380435489745,54.0000762884471],[-1.56291487349398,53.9998055197524],[-1.56197746480717,54.0000362189258],[-1.561572589846,53.9998223990035],[-1.56006001878321,54.0007081919779],[-1.55797285523912,53.999865117285],[-1.5565777946796,53.9988025200749],[-1.55589202985627,53.9990002711342],[-1.55338673739213,54.0006261661125],[-1.55344837974255,54.0011035796608],[-1.55250947142977,54.0008112405066],[-1.55274184904197,54.0005684306658],[-1.55177525526486,53.9994229930709],[-1.55284025186571,53.999005105651]]]},"properties":{"FID":5550,"MSOA21CD":"E02005780","MSOA21NM":"Harrogate 020","MSOA21NMW":" ","BNG_E":428706,"BNG_N":454211,"LAT":53.98318,"LONG":-1.56375,"GlobalID":"f2014234-de66-446a-9d6f-700d238ba131","GROUP":"Harrogate & The Dales"}},{"type":"Feature","id":5551,"geometry":{"type":"Polygon","coordinates":[[[-1.42689442327384,53.9773255203082],[-1.42627766188747,53.975155225817],[-1.42481761282124,53.9746640321155],[-1.42594366585354,53.9713863074232],[-1.43111126892717,53.9716089519473],[-1.4320523563326,53.9705973998875],[-1.43499747169399,53.9699496076646],[-1.43258476716772,53.968895854871],[-1.43307034143578,53.9666185986448],[-1.43366725399047,53.966389739696],[-1.43332434934214,53.9642796446186],[-1.43440192495466,53.9641740824849],[-1.43477636935571,53.9631230386107],[-1.43363591989654,53.9618515943236],[-1.43178788201887,53.9604525895566],[-1.4311235653702,53.9606915648481],[-1.43060879111723,53.9602378401934],[-1.42803334991394,53.9596214115436],[-1.4245649838393,53.9592622384785],[-1.42498240803214,53.9575054410222],[-1.42463808934472,53.9563982809724],[-1.42595972497816,53.9549350888004],[-1.4252712193488,53.9539234821508],[-1.42358726274184,53.9532118128807],[-1.42339022918133,53.9518486987169],[-1.42221010653808,53.9505830786503],[-1.4221829199366,53.9486893226241],[-1.42332741600558,53.9470079221084],[-1.42255487139325,53.9462321236841],[-1.42118418956205,53.945436566383],[-1.42010992006088,53.9437970306335],[-1.41757446944253,53.9426172219529],[-1.41719899983512,53.9419494096033],[-1.41787139596248,53.9414317450801],[-1.41729581324715,53.9405076724575],[-1.41632628871122,53.9399097817026],[-1.41433136454357,53.9403036520612],[-1.41138697402909,53.936275164997],[-1.4091968587065,53.9354656446582],[-1.40847013776925,53.9349514608015],[-1.410259551788,53.9317603706957],[-1.410629101433,53.9301555303234],[-1.40880580219943,53.929616316252],[-1.4067095798818,53.9278497293564],[-1.40835694835529,53.9278813063436],[-1.4136197252449,53.9283346758428],[-1.41883636537028,53.9281203912882],[-1.42811441864011,53.9294397017169],[-1.43182819995655,53.927764035878],[-1.43355269076517,53.9263547897393],[-1.43315343030762,53.9249115008166],[-1.43147051520327,53.9232433520629],[-1.4321176149632,53.9208258724399],[-1.43150785250393,53.9171236708501],[-1.43090793211071,53.9162445143457],[-1.43128291360643,53.9160903708511],[-1.43013544458153,53.913820583355],[-1.43140084086437,53.9132717327603],[-1.43210710887307,53.9117906482447],[-1.43255216161112,53.9110834377285],[-1.43440778817274,53.9101790735842],[-1.43643544452846,53.9133506094223],[-1.43806274379162,53.9140421382224],[-1.43998939222507,53.913982865791],[-1.44265578866019,53.9130627711071],[-1.44551614632811,53.9096735206184],[-1.44775427221092,53.9088487876947],[-1.45030270479828,53.9073145462567],[-1.45177129197329,53.9070471156782],[-1.45490325442872,53.90744078936],[-1.45705670336072,53.9073269400596],[-1.46055634426197,53.9068404806038],[-1.4629683077739,53.9059999568012],[-1.46521893756799,53.9069480825354],[-1.46496087167306,53.909018333946],[-1.46664348254534,53.910427875528],[-1.4682958714769,53.9110149365165],[-1.47066176392104,53.9113122480507],[-1.47345900078981,53.9112297469473],[-1.47543234480441,53.9115737162866],[-1.48161675014495,53.9107624016182],[-1.48602669038782,53.9109121912186],[-1.48900694453181,53.9118188869323],[-1.49187018886525,53.9144599422318],[-1.49467227261321,53.9153376570898],[-1.49988300848923,53.9152054963575],[-1.50436121311804,53.9134910385424],[-1.50633192378397,53.912177099986],[-1.5098589887261,53.9114002957536],[-1.51637382460002,53.911781948339],[-1.5225060208626,53.9111430083913],[-1.52647237851908,53.9098088214329],[-1.52786256662722,53.9089039772789],[-1.52948158544328,53.9086271992192],[-1.53256306574311,53.9089706280415],[-1.53629407502407,53.9102003792559],[-1.54351484654164,53.9100176052272],[-1.54506311449844,53.9101186824907],[-1.54819747677297,53.9109593240304],[-1.54941665865955,53.9106995610853],[-1.54910602185407,53.9086669075623],[-1.55048542760716,53.9069433146491],[-1.55012697639429,53.9043523634937],[-1.55122774875834,53.9030630086711],[-1.55257773381605,53.9030079245695],[-1.55521898301056,53.904455822751],[-1.55704722233819,53.904872075055],[-1.5593123543085,53.9049037022339],[-1.56156420919049,53.9039336538717],[-1.56288316590652,53.9039300191862],[-1.56621176633961,53.9099776666973],[-1.56773931475054,53.9107993542115],[-1.56893275961919,53.9109002614267],[-1.57306818760016,53.91023641685],[-1.58289970595895,53.9093597464131],[-1.58409049448928,53.9096185760606],[-1.58399993640276,53.9107565079283],[-1.58629568400752,53.9125711179382],[-1.5899030818588,53.9128160181723],[-1.59494457290584,53.9162835567669],[-1.59701636465684,53.9166463707805],[-1.59963564522249,53.9177238142915],[-1.60362972801429,53.91959584251],[-1.60492560513997,53.9206885096808],[-1.60729239906254,53.9214315523981],[-1.60439242715205,53.9228196426569],[-1.60023734455322,53.9231710398575],[-1.59659611956887,53.9244511772685],[-1.5958533143246,53.9265768315925],[-1.59413893245074,53.9287595961464],[-1.58995891065642,53.9323147041946],[-1.59053165110546,53.9333662609574],[-1.58908489887993,53.9319440566593],[-1.58627833458496,53.9308758419944],[-1.5834733176612,53.9304791334726],[-1.58180685526857,53.9299321213714],[-1.57928937015164,53.928347287601],[-1.57782244160499,53.9273864626272],[-1.57663949145562,53.9260108336852],[-1.57370594189315,53.9255450042918],[-1.57220034178576,53.9258867239677],[-1.56617273048374,53.9255828865357],[-1.56538120121714,53.9269248319228],[-1.56196143323828,53.9278811536407],[-1.55967759500021,53.9279716801779],[-1.55817442337689,53.9284037806605],[-1.55736313364524,53.928796264055],[-1.55712182389219,53.9293862525504],[-1.55514751599619,53.93019227564],[-1.55546867918496,53.9307988932754],[-1.5568274959079,53.9313325015668],[-1.55617785386496,53.9322871290622],[-1.55219647165608,53.9351233780204],[-1.54966598364459,53.9356807103408],[-1.54856347275847,53.9366950332072],[-1.54874436742329,53.9371776904659],[-1.54781758550963,53.9376617921323],[-1.54807649994317,53.9382385488365],[-1.54761622204909,53.9389828067652],[-1.54620507362853,53.9394412126641],[-1.54489819669901,53.940681645942],[-1.54196720769648,53.9417157984375],[-1.53950243120074,53.9440282336921],[-1.54218189260565,53.9457219247372],[-1.5450049097687,53.9467033223106],[-1.54322256484221,53.9475170371161],[-1.54424726394415,53.9477267262151],[-1.54471761710576,53.9488691077048],[-1.5436436445165,53.9548643952707],[-1.54872428732954,53.952657339412],[-1.55172395701979,53.9565495436968],[-1.55239769219869,53.9563397693557],[-1.55285735096019,53.9566844239679],[-1.55416246815564,53.9563053084994],[-1.55463371030079,53.9565632404691],[-1.55499527957814,53.956091569764],[-1.5577873103799,53.9557819497076],[-1.56006114100991,53.9562458547888],[-1.56219554456623,53.9582930186197],[-1.56221839475451,53.9588860171961],[-1.56369218909007,53.9594525409177],[-1.56354248868241,53.9598117436897],[-1.56412970218228,53.9598827456295],[-1.56437994273875,53.9604552129442],[-1.56103786370045,53.9618676233181],[-1.55792361677618,53.9623063741894],[-1.55911774910179,53.9640078474744],[-1.55865354326709,53.9659307348855],[-1.55923990919525,53.9661942585534],[-1.5560174640899,53.9656184514579],[-1.5539359631437,53.9655672228574],[-1.55085628033344,53.96602626619],[-1.55018859438387,53.9672746270108],[-1.5479064473117,53.9674731598124],[-1.54712112790126,53.9682057736346],[-1.54764011238485,53.9659520491219],[-1.54500696414113,53.9651886839103],[-1.54427149765979,53.9659470624109],[-1.5443084925781,53.9666783430963],[-1.54153200535378,53.9677011082145],[-1.53897150607584,53.9666484268458],[-1.53751817372263,53.9683904145711],[-1.5345655563601,53.9690586356389],[-1.53442628590776,53.9684888041819],[-1.53536008375685,53.9674392984386],[-1.53197809629418,53.9675188019711],[-1.53220577521059,53.9656788334923],[-1.53115539951797,53.9650616130596],[-1.53067755110991,53.966933068524],[-1.52919266397887,53.9685519878683],[-1.5310361221396,53.9717633582819],[-1.53038597952017,53.9719715152594],[-1.52980080617961,53.9710603010014],[-1.52890682333752,53.971670175573],[-1.52396028847814,53.9727895588063],[-1.5239894199352,53.9733912505408],[-1.52312666912821,53.9735921371991],[-1.52339193879618,53.9745615806076],[-1.5225980530149,53.9761571030727],[-1.51938167592708,53.9742020750697],[-1.5121428324486,53.9709116219827],[-1.51730648063395,53.9658281502549],[-1.51651629024858,53.9652126532166],[-1.51079687447272,53.9581872481147],[-1.50868598940903,53.9579958340253],[-1.50660967889633,53.9598396673178],[-1.50502479619724,53.9607111494221],[-1.50327777982988,53.9607545103866],[-1.50004297979625,53.9592786757826],[-1.49960489563123,53.9598646823295],[-1.50306377157872,53.9610306570353],[-1.50048820113933,53.962983455409],[-1.49629346941565,53.9650295123928],[-1.4900780507194,53.9655535936171],[-1.48951733506577,53.9638117706358],[-1.48734337217464,53.963047424825],[-1.48509625848557,53.9627632754816],[-1.48179385427488,53.9632397819757],[-1.47956682279017,53.9611613153038],[-1.47887043158793,53.9597165918805],[-1.47755859571428,53.9595463030799],[-1.47703725326808,53.9588086145197],[-1.47148914187404,53.9604388237453],[-1.46871163182123,53.960352725349],[-1.46764230127876,53.9608669367773],[-1.46698984759015,53.9605793616776],[-1.4653861778876,53.9613272228644],[-1.4666268722952,53.962746584401],[-1.46520358604941,53.9614154536455],[-1.46227399551792,53.9628530739014],[-1.46266862654782,53.963721599038],[-1.46108571795252,53.9632876034855],[-1.45969703339108,53.96363695261],[-1.45811878155664,53.9627740510295],[-1.45637299653569,53.9632596711231],[-1.45680522785323,53.9639025587702],[-1.45661219428999,53.9649369624549],[-1.4576470644565,53.9646944747594],[-1.45792754505139,53.9655074419918],[-1.45853215678166,53.9660471825461],[-1.4594740088974,53.9661842636452],[-1.4602552942627,53.9673918340484],[-1.4634871052748,53.968610983863],[-1.46484827032075,53.9697393632346],[-1.46298818020142,53.9713470536442],[-1.46152595802213,53.9714367001052],[-1.45945290795888,53.9721456758057],[-1.45451873424989,53.9746665879088],[-1.44454339449618,53.9761435653609],[-1.43925572120502,53.9760345037783],[-1.43285185098532,53.9772844238097],[-1.43192095945077,53.9780100025325],[-1.42913276021104,53.9777549867606],[-1.42899018145613,53.9774649313073],[-1.42689442327384,53.9773255203082]]]},"properties":{"FID":5551,"MSOA21CD":"E02005781","MSOA21NM":"Harrogate 021","MSOA21NMW":" ","BNG_E":434186,"BNG_N":449495,"LAT":53.94046,"LONG":-1.48072,"GlobalID":"8b3c27ec-718b-4d8e-87cb-ca9813d29b6b","GROUP":"Harrogate & The Dales"}},{"type":"Feature","id":5552,"geometry":{"type":"Polygon","coordinates":[[[-1.68363018888631,54.5334796330608],[-1.68225927781051,54.5333392810359],[-1.67973971999033,54.5335444124713],[-1.67741178384692,54.5344930865564],[-1.67348014982661,54.5353452965353],[-1.6718237293574,54.5354009398116],[-1.66598164758927,54.5356141408507],[-1.66157520766188,54.5353233405587],[-1.65714081864201,54.534283031069],[-1.65544818697142,54.5328434416803],[-1.65496326194164,54.5307888498535],[-1.65517227387441,54.5300528111247],[-1.65691788725887,54.5282084322592],[-1.65702043300277,54.5263417063777],[-1.65632999345244,54.5255331823379],[-1.65372373532628,54.5243265842759],[-1.65051931113387,54.5240927264315],[-1.64631351521142,54.5242619400985],[-1.64004720391765,54.525672413743],[-1.63731711628297,54.5259080556789],[-1.63555714391499,54.525856702409],[-1.63377335073981,54.5253645151551],[-1.63213737657034,54.523850455858],[-1.6317241381534,54.522876925302],[-1.63267976562548,54.5207021876852],[-1.63293131959659,54.5187041965938],[-1.63375482212497,54.5179574120676],[-1.63509301550153,54.5175738778204],[-1.63953887910351,54.5178101717155],[-1.64014470344968,54.5173741380346],[-1.64001791894588,54.5168030923646],[-1.63397263281663,54.5142686512513],[-1.6309785087664,54.5138857710973],[-1.6271088654778,54.5139272930771],[-1.62141559352818,54.5152840604468],[-1.61872152804801,54.5164502719339],[-1.6142955047155,54.5195424974055],[-1.61210723807215,54.5199918787999],[-1.60952044547262,54.5199089916817],[-1.60395500574648,54.5193653576343],[-1.60062333155683,54.5170978061638],[-1.6009571656672,54.5149904016828],[-1.6037131517727,54.511939483156],[-1.60318043190944,54.5108109061006],[-1.60196600736675,54.510517391409],[-1.59565536978384,54.5122219913482],[-1.58971511482069,54.5120745185401],[-1.58521065009941,54.5128053423685],[-1.58267571362481,54.5130786392264],[-1.58064420885335,54.5126436218677],[-1.57949418160481,54.5115415477879],[-1.58066427149372,54.5100771090065],[-1.58230020362064,54.5088605086707],[-1.58433454917377,54.5079684243585],[-1.58751388848934,54.5067720536929],[-1.59135739137824,54.5058529587976],[-1.59192872878017,54.5053749538724],[-1.59188150469669,54.5043011050145],[-1.59081651700206,54.5036173080748],[-1.58951180221206,54.5036008252571],[-1.58112874152783,54.5053282370412],[-1.57991072118458,54.5054192269366],[-1.57911517038923,54.5051145572296],[-1.57874512328626,54.5038829013133],[-1.58021879873677,54.5005007659466],[-1.58352506229988,54.4977514981934],[-1.58293703075852,54.4970746068804],[-1.58030482666902,54.4963086941638],[-1.57699953837992,54.4944031353512],[-1.57485929047462,54.4924550188337],[-1.57419213106928,54.4910929492499],[-1.5733041667832,54.4901595483359],[-1.56808304173026,54.4886924528909],[-1.56437890690584,54.48722271817],[-1.55575366609987,54.4852965344619],[-1.55482820255975,54.4846603779017],[-1.55433923604437,54.4830655707812],[-1.55409890640523,54.4796008292193],[-1.55185397956575,54.4759625750869],[-1.55081699708365,54.4742251235587],[-1.54607245297067,54.471382915242],[-1.54274931187932,54.4711634646965],[-1.53447395471232,54.4693033187349],[-1.53271971138501,54.4691491123477],[-1.52740310639303,54.4699653720383],[-1.52241633005717,54.4701853414363],[-1.52014922558902,54.4708388835418],[-1.51949177665084,54.4715580406241],[-1.51945620926114,54.4723720443626],[-1.52054613293767,54.4734730942893],[-1.52447416562171,54.474643157127],[-1.52810281240701,54.4746950065659],[-1.52968600619202,54.4752675718264],[-1.53038019413895,54.4762254833509],[-1.5302724910793,54.4777995128906],[-1.53082897654147,54.4791113081323],[-1.53130779117673,54.4805931307291],[-1.53027562125964,54.4840078457038],[-1.52915953996945,54.4847182530564],[-1.5276423007063,54.4850751886539],[-1.52530628670719,54.4850827203997],[-1.52169870546776,54.4850493437369],[-1.51807393344184,54.4850357654182],[-1.51650217479179,54.4847317976269],[-1.51413168532937,54.4837750121237],[-1.51293498608096,54.4829254182046],[-1.51205909942616,54.4815468720278],[-1.51213472445572,54.480257537788],[-1.51450694937599,54.4775010350968],[-1.51389398521855,54.4759966141152],[-1.51250825763135,54.4751243535309],[-1.51045746049029,54.4751947069343],[-1.50849984063275,54.4765828505012],[-1.50677320536938,54.478641995713],[-1.50633430768067,54.4812101466343],[-1.50504026384951,54.4825285489277],[-1.50135515235767,54.4843296379507],[-1.49734221278498,54.4856944989866],[-1.49298451853717,54.4864031398211],[-1.49110886252336,54.4858389122255],[-1.49053218792507,54.4851599314904],[-1.49059720650873,54.4843918132599],[-1.49238217498815,54.4820298301081],[-1.49940183443316,54.4780342940209],[-1.49958809710718,54.4771560154326],[-1.49905301912923,54.4756776788527],[-1.49835395367673,54.4749923322229],[-1.49667938635923,54.4743849234664],[-1.49461310992354,54.4740277802747],[-1.49071408333003,54.473973508668],[-1.48702625727999,54.4729937836736],[-1.48393129923535,54.4734280017146],[-1.47908991961108,54.4753226125718],[-1.47762449562905,54.4750124218571],[-1.47537284485777,54.4738452332177],[-1.474588405482,54.4727893000039],[-1.47396309234304,54.4678928401557],[-1.47288732529126,54.4665861557909],[-1.46798130911859,54.4631507209049],[-1.46761922033262,54.4621504421991],[-1.46784538307554,54.4608429864056],[-1.46885347075513,54.4593460141891],[-1.47220577250953,54.4574569083157],[-1.47205305998483,54.4555996086313],[-1.4756262319879,54.4538740921613],[-1.47707104403547,54.4524483156168],[-1.47983711424484,54.4514174672527],[-1.48391724418665,54.4521151480804],[-1.48636001186473,54.4533750328353],[-1.48491807020075,54.4505194420318],[-1.48502601132213,54.4492903664866],[-1.48275674822813,54.4478629766448],[-1.4861834530585,54.4476116296471],[-1.49435333031136,54.4476426822967],[-1.49904868583232,54.4480295660022],[-1.50487052594798,54.4473496198304],[-1.50625008554091,54.4474573251402],[-1.50835748281501,54.4481402160518],[-1.51043734510963,54.4503319452986],[-1.51321811209665,54.4509848983635],[-1.51485164708806,54.4521508008939],[-1.52016502246401,54.4499044468032],[-1.52285789126968,54.4506256357946],[-1.52455761572087,54.449842871382],[-1.52763885104542,54.4496139850401],[-1.53008972733705,54.4479499748677],[-1.53356199988423,54.4464561179934],[-1.54615911096258,54.4445340252369],[-1.54658960620639,54.4421761452263],[-1.55080139378345,54.4375949835085],[-1.54975947316254,54.4345887861305],[-1.550629635534,54.4335187151672],[-1.54979074250232,54.4324795593654],[-1.55129586287013,54.4302569272375],[-1.5513620311451,54.429411044525],[-1.55007836452668,54.4281210610459],[-1.5484164613373,54.4281209981477],[-1.54746642877818,54.4272249699946],[-1.54426493378802,54.426513372175],[-1.54298513441842,54.4257791812422],[-1.54460118649886,54.4254212992142],[-1.54405864078165,54.4242149259467],[-1.54656488412326,54.423718328412],[-1.54876516222469,54.4222085849037],[-1.5506451953283,54.4215289609956],[-1.55837108821901,54.4243023456893],[-1.56078571010432,54.4231593881052],[-1.56170020079091,54.4222221446278],[-1.56351039688652,54.4216945238931],[-1.56477399096409,54.4206627497019],[-1.56734276718095,54.4202554744627],[-1.5719918534087,54.4185608071948],[-1.5734344515898,54.4188119222595],[-1.57461327693977,54.4185053404566],[-1.57605472918437,54.4182007441742],[-1.57773441589445,54.4183897287889],[-1.58014409855606,54.4210863616259],[-1.58367650596869,54.4221450110118],[-1.5850279409831,54.422959773837],[-1.58611830337086,54.4248233806003],[-1.58693737520471,54.4252269481055],[-1.58814326623754,54.4248578164921],[-1.58885132780668,54.4255755400416],[-1.58869852152709,54.4262614069659],[-1.58916924397152,54.4269179282919],[-1.59351814424208,54.4263459297959],[-1.59598440364363,54.4264393764521],[-1.59678481227777,54.4267826190567],[-1.60864340586363,54.4259253058698],[-1.62168481114036,54.4219248933613],[-1.63206884610244,54.4200145531132],[-1.63246313885731,54.4198227164621],[-1.63169912994724,54.4189745744204],[-1.63255268827878,54.4174347556342],[-1.63199162401394,54.4162532241027],[-1.6326247461089,54.415286775005],[-1.630598557534,54.4137702089166],[-1.63049693389843,54.4129658297932],[-1.62931089398558,54.4115273563613],[-1.63319501667656,54.4105483526436],[-1.63473813622612,54.4104387095553],[-1.6371015043148,54.4104022906615],[-1.64322111687551,54.4111641594918],[-1.64355958841525,54.4106033218361],[-1.6463857001719,54.4104453273556],[-1.64801378462714,54.4084433049226],[-1.66049105184326,54.4070277721582],[-1.66258102198618,54.4127345275733],[-1.6654400412992,54.4229324100701],[-1.67322885949755,54.4209997055638],[-1.67493132563837,54.4230760702673],[-1.67811320005581,54.4215642049975],[-1.6753729365037,54.4195376114148],[-1.67245408858423,54.4147390666551],[-1.67845920738823,54.4146318825189],[-1.67849516306938,54.4150537646787],[-1.68135208029351,54.4151728332594],[-1.68446189939422,54.4149250694657],[-1.68639610893602,54.4152893452987],[-1.68597117610546,54.4148034003887],[-1.68693202375501,54.4142768797494],[-1.68643035592323,54.414266874057],[-1.68644290177893,54.4136288231818],[-1.68573108168352,54.4135834455631],[-1.68645834595557,54.4129905011397],[-1.68732739860744,54.412577192821],[-1.68762004088284,54.4128173727241],[-1.6880168737563,54.4126822227739],[-1.688048767032,54.4119036948203],[-1.69310821114711,54.4105397258649],[-1.69621697994267,54.4146528194605],[-1.69812734850235,54.4143867271622],[-1.70029829112215,54.4145553207942],[-1.69885634964681,54.4158413649866],[-1.69822482736494,54.4170884408339],[-1.70229110825352,54.4173099633176],[-1.70369403648434,54.4177551790448],[-1.70886228067868,54.4179288948945],[-1.71046583521616,54.4177260418879],[-1.7135680474964,54.4165957203945],[-1.71298649597385,54.4147771479112],[-1.7185054648813,54.4144571146144],[-1.71879152673364,54.4133277457308],[-1.72106940490715,54.4134355454705],[-1.72114464315536,54.4136790683768],[-1.7252699239473,54.4136390886683],[-1.72583004781832,54.4138422107747],[-1.72738060833324,54.4124592450497],[-1.72969273480307,54.4134039795867],[-1.73094791873447,54.4134664456173],[-1.7366493571461,54.4134971166018],[-1.73696029909808,54.4140976999388],[-1.73887813067369,54.414418786292],[-1.7408225700179,54.4153286989975],[-1.74619444556597,54.415806871723],[-1.74982570547135,54.4155604375257],[-1.75573657621403,54.4164511648581],[-1.7629243983064,54.4198378970218],[-1.7650791601305,54.4215886904412],[-1.76685756809696,54.42153260305],[-1.76924602365688,54.4220118246373],[-1.77436413795194,54.4243501830564],[-1.77675948980049,54.4246992801785],[-1.77828148987749,54.4246054696675],[-1.78249429703509,54.4233378111473],[-1.78673834912552,54.4234225995925],[-1.78961097112991,54.4243361538847],[-1.79226966358892,54.4261400959536],[-1.80177271537197,54.4285535817257],[-1.80222402440088,54.4282757062633],[-1.80475953975563,54.4313309039054],[-1.80705513210927,54.4351009357499],[-1.81365712410726,54.439702894241],[-1.81795671858104,54.4422553982778],[-1.82842315207394,54.4448587461706],[-1.83292918785907,54.4456925600494],[-1.83675279903263,54.4458575661015],[-1.83888034224339,54.4455478656347],[-1.84476948982636,54.4437985811729],[-1.85007546568599,54.4429557078246],[-1.8600031587953,54.4373693129045],[-1.86212168871865,54.4376368455911],[-1.86405316270593,54.4330987336643],[-1.86602621175302,54.4327020535149],[-1.86814395491207,54.4326835968863],[-1.86963300023736,54.4329614108513],[-1.86945551829836,54.4353443012701],[-1.87250668763926,54.4378378044431],[-1.873967294253,54.4381796743726],[-1.87381325783164,54.4390807314261],[-1.87450651321022,54.4402188528],[-1.87560712516204,54.4408376391572],[-1.87513155771139,54.4422541982849],[-1.87761224945559,54.4448129367937],[-1.87800994319315,54.4459139821736],[-1.87961424929305,54.446541828568],[-1.88064299182295,54.446579637453],[-1.88128318438007,54.4471652593779],[-1.88389552379725,54.447573558862],[-1.88486872924632,54.4475037017457],[-1.8863695197012,54.4491570802619],[-1.89101064483224,54.4521561539326],[-1.89220214110932,54.4525437218266],[-1.893830778614,54.4538356125433],[-1.89818768974289,54.4552868000806],[-1.89975273379679,54.455462492677],[-1.90140338127298,54.4567930681515],[-1.90747624978669,54.4537861115047],[-1.91549224417757,54.4541820424179],[-1.91565492367847,54.4528703479587],[-1.91699977258655,54.4513446251135],[-1.9172207447671,54.4497715028806],[-1.91908245173375,54.4482669110123],[-1.92144926717465,54.4500009487088],[-1.92586078738019,54.4511582547384],[-1.92703186556765,54.4517341236944],[-1.92996019817556,54.4517642068584],[-1.9312599005553,54.4521809104195],[-1.93434854455856,54.4521601163258],[-1.93665258576166,54.4527578326272],[-1.94254326083646,54.4533954349951],[-1.93402491705445,54.4573200937245],[-1.92832546010515,54.4564928827611],[-1.91318180207481,54.4619934597651],[-1.89343039302746,54.4668982641108],[-1.88546920831033,54.4729021078846],[-1.87760320298075,54.4780495099234],[-1.8672551717475,54.4821169852437],[-1.85913054707504,54.4818571868259],[-1.85853119404527,54.482785357536],[-1.8608313533692,54.4863779858686],[-1.86004620646735,54.4870468816823],[-1.85921634999724,54.4890825657657],[-1.85931566122854,54.4926386664221],[-1.85865030338431,54.493507927152],[-1.85782330348478,54.4933909590052],[-1.85771866745636,54.4936584913702],[-1.85860241685268,54.4966459845617],[-1.8586700292475,54.4990275557471],[-1.8578015193077,54.5035399429609],[-1.85537299715839,54.5035140397828],[-1.85276808162664,54.5039865980079],[-1.85097636857744,54.503565688889],[-1.84821672046015,54.5036630895594],[-1.84597322007752,54.5047148194521],[-1.84428466056437,54.505104998112],[-1.8394333403147,54.5084373003659],[-1.83686609257918,54.5081210337659],[-1.832321359537,54.5051331902436],[-1.83163175005449,54.503713968832],[-1.83185372514153,54.5026485150823],[-1.82778705968568,54.5029292861056],[-1.8272266197046,54.5013631061207],[-1.82644975880436,54.5006688798276],[-1.82438768947956,54.5001539307834],[-1.82455023540609,54.4978956755852],[-1.82272092662587,54.4963624426042],[-1.8224432942744,54.4951777113997],[-1.82027662083533,54.494270529978],[-1.81764838931533,54.4936906127626],[-1.81307885140268,54.491411121053],[-1.79933159008078,54.4869070042975],[-1.79294622812923,54.4843676003166],[-1.79109017338812,54.4894293973467],[-1.78902213976545,54.491792749367],[-1.79026841396609,54.4928949553977],[-1.7868874324378,54.4988906376618],[-1.78717625440279,54.5010377413042],[-1.78505732408659,54.5013851680222],[-1.785125415987,54.5028134561307],[-1.78393472696072,54.5033763332575],[-1.7839124646498,54.505035217021],[-1.78248914302816,54.5058030251662],[-1.78217532090107,54.5070125907386],[-1.7778791312087,54.506405519634],[-1.77613194207354,54.5067277620637],[-1.77638170487314,54.5100416033726],[-1.77757013061563,54.5152273514098],[-1.77735054074211,54.5193770682293],[-1.77635085689808,54.5191101304912],[-1.77685912066813,54.5253614198308],[-1.78155811109661,54.5268337436908],[-1.7803232186315,54.5288169710584],[-1.77969847998319,54.5318727647008],[-1.77669395697725,54.5324688201812],[-1.77181423897644,54.5328891345031],[-1.76791101717552,54.5326090590211],[-1.7646079442826,54.5298280510378],[-1.76121359964852,54.5289516603435],[-1.75401490049653,54.5286505551157],[-1.75171855591492,54.5301732032025],[-1.75124763405223,54.530154707805],[-1.75083168248882,54.5296309404864],[-1.74753814440357,54.5292910564735],[-1.74313433494738,54.5297612064326],[-1.73900010797859,54.5284374997358],[-1.733091521533,54.5277363389986],[-1.73255928952085,54.529458907472],[-1.73136625796101,54.5306821435535],[-1.72728454722743,54.5305121217047],[-1.72480000144798,54.5359956600299],[-1.7244786142406,54.5377739395579],[-1.7228323811946,54.5396941093269],[-1.72285682234736,54.5409786622667],[-1.72388278110731,54.5415924799478],[-1.72188136091008,54.5422607564002],[-1.71951292653358,54.5422710202463],[-1.71788114985019,54.5409560025165],[-1.71547465245331,54.539797271759],[-1.70813294666909,54.5376513693251],[-1.70376236314037,54.5366056182328],[-1.69861637465145,54.5360950236382],[-1.69692624053752,54.5360065534245],[-1.68953152596986,54.5353863085865],[-1.68363018888631,54.5334796330608]]]},"properties":{"FID":5552,"MSOA21CD":"E02005782","MSOA21NM":"Richmondshire 001","MSOA21NMW":" ","BNG_E":418467,"BNG_N":508857,"LAT":54.47475,"LONG":-1.71655,"GlobalID":"5b256a69-063e-4597-be95-2f23f7bfb1a9","GROUP":"Harrogate & The Dales"}},{"type":"Feature","id":5553,"geometry":{"type":"Polygon","coordinates":[[[-1.78673834912552,54.4234225995925],[-1.78249429703509,54.4233378111473],[-1.77828148987749,54.4246054696675],[-1.77675948980049,54.4246992801785],[-1.77436413795194,54.4243501830564],[-1.76924602365688,54.4220118246373],[-1.76685756809696,54.42153260305],[-1.7650791601305,54.4215886904412],[-1.7629243983064,54.4198378970218],[-1.75573657621403,54.4164511648581],[-1.74982570547135,54.4155604375257],[-1.74619444556597,54.415806871723],[-1.7408225700179,54.4153286989975],[-1.73887813067369,54.414418786292],[-1.73696029909808,54.4140976999388],[-1.7366493571461,54.4134971166018],[-1.73094791873447,54.4134664456173],[-1.72969273480307,54.4134039795867],[-1.72738060833324,54.4124592450497],[-1.72583004781832,54.4138422107747],[-1.7252699239473,54.4136390886683],[-1.72114464315536,54.4136790683768],[-1.72106940490715,54.4134355454705],[-1.71879152673364,54.4133277457308],[-1.7185054648813,54.4144571146144],[-1.71298649597385,54.4147771479112],[-1.71232956465861,54.41230419543],[-1.71196118273674,54.4097659375387],[-1.71253359664351,54.4085273681574],[-1.71444461883063,54.4065592204754],[-1.71560779514497,54.4059529216985],[-1.71998113385405,54.4035064808691],[-1.72094983792674,54.4021931921644],[-1.7228065827945,54.4016667348739],[-1.72236648365283,54.4001977456318],[-1.72572690937704,54.4020605997287],[-1.72898058692404,54.4044573543486],[-1.73085165884013,54.4039794075303],[-1.73257766837005,54.4028998113222],[-1.73420291932267,54.4003365774738],[-1.73827632292432,54.4007644728236],[-1.74029291591186,54.4004757172817],[-1.74669918291785,54.3996615531594],[-1.74698105722537,54.4006293764726],[-1.7463182898252,54.4019479639409],[-1.74699716970688,54.4023291532832],[-1.748351613182,54.4026558260242],[-1.75175598649256,54.4040108421696],[-1.75510904270224,54.403148048665],[-1.75577933530375,54.4030414404441],[-1.75567626750483,54.4026903939563],[-1.76085894831412,54.40209033282],[-1.7610979475279,54.4026018839472],[-1.76201177891292,54.4024885389637],[-1.76590295483033,54.4011860076024],[-1.77046196771529,54.400323023583],[-1.77453846303417,54.4002532011838],[-1.77559642959143,54.4006059224646],[-1.77620050810085,54.4014167537951],[-1.77637990502717,54.4043729890002],[-1.77757325204523,54.4047366375376],[-1.77981632753502,54.4041605390796],[-1.78193004515563,54.4044525136101],[-1.78391068701263,54.4054843959117],[-1.78610435687453,54.4075001402733],[-1.78725411567051,54.4079495504801],[-1.78843732231113,54.4079867360276],[-1.79104186890235,54.4073821926857],[-1.79547677507875,54.4079260892202],[-1.79997808601049,54.406786069689],[-1.80244102217399,54.4064744875504],[-1.80203234904421,54.4067838283916],[-1.80339305697552,54.4074601273915],[-1.8056721605321,54.4103163000438],[-1.80433338594399,54.4109892954437],[-1.80315258115114,54.4111314532629],[-1.80509958703164,54.413798977035],[-1.80506173822775,54.4148539120115],[-1.80431092343657,54.4156127969776],[-1.80323396774158,54.4159677294286],[-1.80160322083535,54.417624574084],[-1.80055015582284,54.4178006249876],[-1.79955189863575,54.4183946433266],[-1.79928081107507,54.4189791842313],[-1.79930762818409,54.4209934365005],[-1.79995131293956,54.42242792485],[-1.80262641724557,54.4240898535008],[-1.80222402440088,54.4282757062633],[-1.80177271537197,54.4285535817257],[-1.79226966358892,54.4261400959536],[-1.78961097112991,54.4243361538847],[-1.78673834912552,54.4234225995925]]]},"properties":{"FID":5553,"MSOA21CD":"E02005783","MSOA21NM":"Richmondshire 002","MSOA21NMW":" ","BNG_E":414956,"BNG_N":502092,"LAT":54.41407,"LONG":-1.77106,"GlobalID":"bb93095d-eacd-4f5b-8acb-ba5f6b39f142","GROUP":"Harrogate & The Dales"}},{"type":"Feature","id":5554,"geometry":{"type":"Polygon","coordinates":[[[-1.58916924397152,54.4269179282919],[-1.58869852152709,54.4262614069659],[-1.58885132780668,54.4255755400416],[-1.58814326623754,54.4248578164921],[-1.58693737520471,54.4252269481055],[-1.58611830337086,54.4248233806003],[-1.5850279409831,54.422959773837],[-1.58367650596869,54.4221450110118],[-1.58014409855606,54.4210863616259],[-1.57773441589445,54.4183897287889],[-1.57605472918437,54.4182007441742],[-1.57461327693977,54.4185053404566],[-1.57287268565099,54.4154982368346],[-1.57476158108321,54.4148111662356],[-1.57410616868959,54.4141643155082],[-1.57646182856407,54.41331607643],[-1.57455104751538,54.4115115937246],[-1.57408903977288,54.4096277362268],[-1.57135004883586,54.4055471771154],[-1.56994607811166,54.40426854871],[-1.56920156403137,54.4040794393634],[-1.56523594150138,54.4038245521772],[-1.56416111156406,54.4033117897573],[-1.56360586407242,54.4021029876322],[-1.56091298331229,54.4008211458054],[-1.56162664968434,54.4006357040657],[-1.56517370661286,54.3979933680505],[-1.56577534329925,54.3980412996604],[-1.56776520311469,54.3970253006617],[-1.57189440473785,54.3957725046212],[-1.57287717845309,54.3937771848025],[-1.57363764203534,54.3903883316812],[-1.57424521144866,54.3903084814129],[-1.57368762363565,54.3892693512747],[-1.57446081459131,54.388584279819],[-1.57349160834662,54.3866775754557],[-1.57515095901337,54.3849249347703],[-1.57487128209746,54.3811127718941],[-1.57612135314817,54.381028284404],[-1.57641494526861,54.3797079368218],[-1.57826579258148,54.3775210648],[-1.57812980808607,54.377060760153],[-1.57944275359932,54.3770529649897],[-1.57966634977647,54.3759801764109],[-1.5819133201966,54.3756378239148],[-1.58255197429236,54.3761449257391],[-1.58404261548002,54.3755039846838],[-1.58386476385215,54.3752119701393],[-1.58196909767086,54.3747418564019],[-1.58379904292493,54.375090548172],[-1.58238575181656,54.3730939410791],[-1.58502597565223,54.3717265922616],[-1.58542089399435,54.3719553745652],[-1.58521595848829,54.3709302241554],[-1.58694049464608,54.3685533783603],[-1.58631841170992,54.3680928996981],[-1.58694582295384,54.3666312720988],[-1.58619863536647,54.3651728011806],[-1.58432251917293,54.3644114311474],[-1.5859202520507,54.3630085075503],[-1.58719474336868,54.3626221739184],[-1.58847580465758,54.3626310320856],[-1.58868277197821,54.3617942414033],[-1.58934825728373,54.3615895685577],[-1.59145298748304,54.3630253909216],[-1.59277988876579,54.3626382900224],[-1.59403746545018,54.3628706912899],[-1.59439503455992,54.3625159365662],[-1.59606072912002,54.3623381087945],[-1.59777957937323,54.364463868263],[-1.60205713266045,54.3648325389572],[-1.60391008291055,54.3643557294378],[-1.60622345550434,54.3637789476711],[-1.6104605239794,54.3610195808907],[-1.61274572771298,54.3601908787285],[-1.61310998893271,54.3599198413579],[-1.61228531126624,54.3584377633156],[-1.61523397809651,54.3570669435157],[-1.61785211511636,54.3591243893755],[-1.62310376449236,54.3589665797312],[-1.62327497683618,54.3596364531364],[-1.62588340224084,54.3592536777166],[-1.62656044966467,54.3597805735388],[-1.62743463717017,54.3595791973989],[-1.62760215423653,54.3599330156544],[-1.6340951029936,54.359325423502],[-1.63423854983373,54.3600655975795],[-1.63496889819683,54.3605665891507],[-1.63649659619143,54.3604670000091],[-1.63734410812694,54.3597904478193],[-1.6391518248767,54.3596084160808],[-1.64020006559485,54.3598038890124],[-1.64068895121641,54.3621961983029],[-1.64141121847457,54.3631775157821],[-1.64324153080106,54.3625737685684],[-1.64418024761137,54.3630750395149],[-1.64623400792408,54.3629931574031],[-1.64704870024161,54.363269922286],[-1.64763560623227,54.3644862971718],[-1.64935452254036,54.3644815206683],[-1.65004879116173,54.3650647008716],[-1.65156427410969,54.3647215052658],[-1.65459398920649,54.3684600510053],[-1.65850737454425,54.3681645503952],[-1.65928054895542,54.3692442661685],[-1.65864374770578,54.3695400622945],[-1.66072617673975,54.3714015020607],[-1.6606487745102,54.371749375631],[-1.66012442024401,54.3717268970874],[-1.66022964063479,54.3733684317195],[-1.65926886962176,54.3753044203554],[-1.6561152542224,54.3750492011305],[-1.65583902972301,54.3771325785861],[-1.65474454966669,54.3771347999951],[-1.65518133024828,54.3784616420858],[-1.65255899389008,54.3787575657739],[-1.65276862061561,54.3793320159657],[-1.65175697296645,54.3795906746624],[-1.65122813257928,54.3809655798448],[-1.64805903406121,54.3817455912137],[-1.64661321331099,54.3826803145868],[-1.64673684737064,54.3830375619323],[-1.64307014141119,54.3843146064292],[-1.64393541493633,54.3851512512005],[-1.6424031005965,54.3856469107261],[-1.64334477948153,54.3904744962422],[-1.64511225023961,54.3900903323562],[-1.64956885617153,54.3898245821973],[-1.65963519357818,54.3873245616212],[-1.66042263311624,54.3874742238985],[-1.6624529476918,54.3896624371214],[-1.66508158028492,54.3902360612725],[-1.67119728501895,54.3895737964909],[-1.67148556116436,54.3901137675093],[-1.6706997996332,54.392447760007],[-1.67222986050242,54.3935662281121],[-1.67352760209318,54.3936108049696],[-1.67875081065144,54.3924319114538],[-1.68192830090313,54.3922769504021],[-1.68835457400286,54.3925405343694],[-1.68889816680982,54.3933322280926],[-1.6885310928721,54.3950847334157],[-1.68891518390573,54.3965603184281],[-1.69018623075137,54.3973384234117],[-1.69164358844855,54.3974769487842],[-1.69441084350157,54.3958368050754],[-1.69792357070154,54.3958048972058],[-1.69947987491864,54.3949766208123],[-1.70065810050879,54.3939154163662],[-1.70105496443724,54.3922824312472],[-1.7004180818017,54.3918452723096],[-1.70082675189874,54.391038003832],[-1.70156594150451,54.3902411020344],[-1.70315956249296,54.3896055258266],[-1.70579112841455,54.3898433731782],[-1.70588542751796,54.3901632900762],[-1.7090616611174,54.3896235056829],[-1.71153713676862,54.3897524417138],[-1.71545001742321,54.3905160440958],[-1.716883969928,54.3911038324211],[-1.7197135330875,54.3917518747076],[-1.71994997621791,54.3925093029255],[-1.71862143462552,54.394165736554],[-1.7164802945761,54.3953436650807],[-1.71590169274197,54.3961943992154],[-1.71823397367001,54.3974760077175],[-1.71929483979434,54.3993036876386],[-1.72236648365283,54.4001977456318],[-1.7228065827945,54.4016667348739],[-1.72094983792674,54.4021931921644],[-1.71998113385405,54.4035064808691],[-1.71560779514497,54.4059529216985],[-1.71444461883063,54.4065592204754],[-1.71253359664351,54.4085273681574],[-1.71196118273674,54.4097659375387],[-1.71232956465861,54.41230419543],[-1.71298649597385,54.4147771479112],[-1.7135680474964,54.4165957203945],[-1.71046583521616,54.4177260418879],[-1.70886228067868,54.4179288948945],[-1.70369403648434,54.4177551790448],[-1.70229110825352,54.4173099633176],[-1.69822482736494,54.4170884408339],[-1.69885634964681,54.4158413649866],[-1.70029829112215,54.4145553207942],[-1.69812734850235,54.4143867271622],[-1.69621697994267,54.4146528194605],[-1.69310821114711,54.4105397258649],[-1.688048767032,54.4119036948203],[-1.6880168737563,54.4126822227739],[-1.68762004088284,54.4128173727241],[-1.68732739860744,54.412577192821],[-1.68645834595557,54.4129905011397],[-1.68573108168352,54.4135834455631],[-1.68644290177893,54.4136288231818],[-1.68643035592323,54.414266874057],[-1.68693202375501,54.4142768797494],[-1.68597117610546,54.4148034003887],[-1.68639610893602,54.4152893452987],[-1.68446189939422,54.4149250694657],[-1.68135208029351,54.4151728332594],[-1.67849516306938,54.4150537646787],[-1.67845920738823,54.4146318825189],[-1.67245408858423,54.4147390666551],[-1.6753729365037,54.4195376114148],[-1.67811320005581,54.4215642049975],[-1.67493132563837,54.4230760702673],[-1.67322885949755,54.4209997055638],[-1.6654400412992,54.4229324100701],[-1.66258102198618,54.4127345275733],[-1.66049105184326,54.4070277721582],[-1.64801378462714,54.4084433049226],[-1.6463857001719,54.4104453273556],[-1.64355958841525,54.4106033218361],[-1.64322111687551,54.4111641594918],[-1.6371015043148,54.4104022906615],[-1.63473813622612,54.4104387095553],[-1.63319501667656,54.4105483526436],[-1.62931089398558,54.4115273563613],[-1.63049693389843,54.4129658297932],[-1.630598557534,54.4137702089166],[-1.6326247461089,54.415286775005],[-1.63199162401394,54.4162532241027],[-1.63255268827878,54.4174347556342],[-1.63169912994724,54.4189745744204],[-1.63246313885731,54.4198227164621],[-1.63206884610244,54.4200145531132],[-1.62168481114036,54.4219248933613],[-1.60864340586363,54.4259253058698],[-1.59678481227777,54.4267826190567],[-1.59598440364363,54.4264393764521],[-1.59351814424208,54.4263459297959],[-1.58916924397152,54.4269179282919]]]},"properties":{"FID":5554,"MSOA21CD":"E02005784","MSOA21NM":"Richmondshire 003","MSOA21NMW":" ","BNG_E":424643,"BNG_N":499684,"LAT":54.39206,"LONG":-1.622,"GlobalID":"9335b5fa-c6e8-45b6-bcf2-63924803ffe9","GROUP":"Harrogate & The Dales"}},{"type":"Feature","id":5555,"geometry":{"type":"Polygon","coordinates":[[[-1.72572690937704,54.4020605997287],[-1.72236648365283,54.4001977456318],[-1.71929483979434,54.3993036876386],[-1.71823397367001,54.3974760077175],[-1.71590169274197,54.3961943992154],[-1.7164802945761,54.3953436650807],[-1.71862143462552,54.394165736554],[-1.71994997621791,54.3925093029255],[-1.7197135330875,54.3917518747076],[-1.716883969928,54.3911038324211],[-1.71545001742321,54.3905160440958],[-1.71153713676862,54.3897524417138],[-1.7090616611174,54.3896235056829],[-1.70588542751796,54.3901632900762],[-1.70579112841455,54.3898433731782],[-1.70315956249296,54.3896055258266],[-1.70156594150451,54.3902411020344],[-1.70082675189874,54.391038003832],[-1.7004180818017,54.3918452723096],[-1.70105496443724,54.3922824312472],[-1.70065810050879,54.3939154163662],[-1.69947987491864,54.3949766208123],[-1.69792357070154,54.3958048972058],[-1.69441084350157,54.3958368050754],[-1.69164358844855,54.3974769487842],[-1.69018623075137,54.3973384234117],[-1.68891518390573,54.3965603184281],[-1.6885310928721,54.3950847334157],[-1.68889816680982,54.3933322280926],[-1.68835457400286,54.3925405343694],[-1.68192830090313,54.3922769504021],[-1.68122979336937,54.3909503836097],[-1.68058414385416,54.3874572140987],[-1.680864635188,54.3856343144634],[-1.68058664561595,54.3843588543773],[-1.68107716942066,54.3836643139213],[-1.68128392580811,54.3821358319291],[-1.6813480228038,54.3807845945353],[-1.68143164190765,54.3796088352517],[-1.68203791006181,54.3788129335094],[-1.68230657260747,54.3784944352993],[-1.68127992491726,54.3771795039551],[-1.68138091070399,54.3762192391239],[-1.68187428648995,54.3759273505332],[-1.68326817941145,54.3727639414409],[-1.68373267655824,54.3708492573305],[-1.6820266282919,54.3712112109402],[-1.6808265609297,54.3710706941176],[-1.68059331273007,54.3700197285058],[-1.679664224528,54.3697192520962],[-1.68003041414834,54.3679312728828],[-1.68451416554529,54.3677183716643],[-1.6841896691931,54.3664503698627],[-1.6797867024105,54.3667254789765],[-1.67985043363461,54.3652807450938],[-1.6766505091536,54.3646330002511],[-1.67633390884372,54.3637983208455],[-1.68111504710477,54.3632653306083],[-1.69044199350282,54.3637767496261],[-1.70136468446411,54.3630168923732],[-1.70097296634081,54.3624883520749],[-1.70419532529433,54.361646990431],[-1.70323283864241,54.3598117904149],[-1.70455644362015,54.3599762716621],[-1.70498419701294,54.359583800649],[-1.70535257465047,54.3587933172452],[-1.70503190979594,54.357372294175],[-1.70332136822361,54.3564674056191],[-1.70393419112767,54.3560803309985],[-1.70250128846927,54.3549869488383],[-1.70090999855342,54.3533429673465],[-1.69469383854524,54.3490386205982],[-1.70179383682895,54.3475524637583],[-1.70877885058389,54.34659767532],[-1.71643905199337,54.346197754843],[-1.71675489639307,54.3473855675168],[-1.71481002480906,54.3499302578846],[-1.71691491828359,54.3498450422024],[-1.71703194364896,54.3509841679293],[-1.71375810901643,54.3511101370651],[-1.7118428708753,54.353653698916],[-1.71142810350614,54.3540994418689],[-1.71108562815167,54.3545186103668],[-1.71111990326475,54.3545178078731],[-1.72341183053995,54.3542294970719],[-1.72387882241197,54.3551075933653],[-1.73619422577154,54.354555255305],[-1.73845760742265,54.3541783785355],[-1.74433545671041,54.3549119128942],[-1.74491824967908,54.3574691286817],[-1.74398560669606,54.3584417023358],[-1.74146001497599,54.3593663978741],[-1.74404006994417,54.365638761799],[-1.74686460577465,54.370173934654],[-1.74780972666787,54.3705019409033],[-1.74857874364403,54.3698011735155],[-1.74946111825382,54.3700074323161],[-1.74991006623845,54.3691509124033],[-1.75087386778588,54.3690369666517],[-1.75117649245822,54.3685278958112],[-1.75322325616384,54.367614523185],[-1.7531927402904,54.3671024666991],[-1.75762283908436,54.3656383823353],[-1.7591560129348,54.3646646636557],[-1.76120963033712,54.3644114768493],[-1.76126944108948,54.3639667342024],[-1.76244866182845,54.3639684877756],[-1.76286722456845,54.3635734003812],[-1.76368045591649,54.3636074879239],[-1.76694774070626,54.3623497251314],[-1.77067436329785,54.3622515505351],[-1.77620898424105,54.3629862207373],[-1.77771273947232,54.3629153141846],[-1.78576158124081,54.3634192014782],[-1.79310601832617,54.3647939869385],[-1.79001263731578,54.3703984738654],[-1.79590047816494,54.3724387895114],[-1.79483798641996,54.3741186317136],[-1.79488634435607,54.3752008152946],[-1.79352014597484,54.3760436366638],[-1.79346207429328,54.3773604087815],[-1.79165744465055,54.3780420343576],[-1.79116650277088,54.3786612962773],[-1.7867588064462,54.3813244433285],[-1.78661729656326,54.3817252162922],[-1.78310803007989,54.3828710259378],[-1.78268313530806,54.3825826730579],[-1.7823013336417,54.3828353039311],[-1.78169106554258,54.3826842413197],[-1.78043239995349,54.3834037192842],[-1.7793813008788,54.3835517680993],[-1.77759530625998,54.3832600629159],[-1.77695607612548,54.383395701631],[-1.77712358455924,54.383654067343],[-1.77533872019267,54.3834339491211],[-1.78035771287951,54.3798104272534],[-1.78722156507419,54.3734180078525],[-1.77934335970704,54.3729738725042],[-1.77137912810819,54.3736094540622],[-1.7709363481139,54.3760345929411],[-1.7697719503475,54.3758981349404],[-1.76781664685526,54.3750883523461],[-1.7655999346167,54.3750212133255],[-1.76304506123255,54.3755882831323],[-1.7613577846852,54.3763674008118],[-1.75911794750318,54.3784181995182],[-1.7583140841118,54.3838231588139],[-1.75860504681935,54.3848291709579],[-1.75570319083838,54.3860329434848],[-1.75301006657895,54.385771675571],[-1.75114852983452,54.3864797215651],[-1.75020627417341,54.3864902730847],[-1.74769031736653,54.3877880446634],[-1.74764331494509,54.3883920658099],[-1.74579888017522,54.3889258573315],[-1.74513844350117,54.3897402146634],[-1.74446291698651,54.3899657405063],[-1.74476200244383,54.3903819958526],[-1.74349082922083,54.3914652096435],[-1.74348924810105,54.3924482874334],[-1.74382304787161,54.3930303498395],[-1.74712852260288,54.3934695261872],[-1.74808169016341,54.3939272109514],[-1.74846469814658,54.3971447665675],[-1.75096459180905,54.3972167191774],[-1.75129441131456,54.3975349802875],[-1.75178265943137,54.402366126101],[-1.75175141310685,54.4025883168759],[-1.7509028936059,54.4026629831256],[-1.74877402861659,54.4021418206605],[-1.748351613182,54.4026558260242],[-1.74699716970688,54.4023291532832],[-1.7463182898252,54.4019479639409],[-1.74698105722537,54.4006293764726],[-1.74669918291785,54.3996615531594],[-1.74029291591186,54.4004757172817],[-1.73827632292432,54.4007644728236],[-1.73420291932267,54.4003365774738],[-1.73257766837005,54.4028998113222],[-1.73085165884013,54.4039794075303],[-1.72898058692404,54.4044573543486],[-1.72572690937704,54.4020605997287]]]},"properties":{"FID":5555,"MSOA21CD":"E02005785","MSOA21NM":"Richmondshire 004","MSOA21NMW":" ","BNG_E":418108,"BNG_N":497795,"LAT":54.37535,"LONG":-1.72276,"GlobalID":"cd3a022b-10e9-48b5-bddf-f9a128e1007a","GROUP":"Harrogate & The Dales"}},{"type":"Feature","id":5556,"geometry":{"type":"Polygon","coordinates":[[[-2.04320057927725,54.483599160084],[-2.04472965886196,54.4751862993184],[-2.03695911114407,54.4742944815846],[-2.02956806762735,54.4729549673972],[-2.01464615494587,54.4715569270643],[-1.9967643802075,54.4669034744075],[-1.98653992953823,54.4615601357283],[-1.98627034564314,54.4603289039155],[-1.98553967733016,54.4599241334925],[-1.98005091740573,54.4602148821243],[-1.9778667429595,54.4601361631237],[-1.97612482942313,54.459728337441],[-1.97111656946939,54.454819264925],[-1.9717511274575,54.4539654149826],[-1.97005908817765,54.4515205703133],[-1.96804679348947,54.4518014698511],[-1.96596304392807,54.4516265276701],[-1.96508401379201,54.4520270241001],[-1.96357089280037,54.4517566891565],[-1.96054371499257,54.4521333893032],[-1.9585146365316,54.4529876097518],[-1.95653752532521,54.4532160841329],[-1.95533159894069,54.4538167375571],[-1.9537005033151,54.4534344659326],[-1.95325075288557,54.4536434465367],[-1.95156585299252,54.4534181804123],[-1.94919598169092,54.4542069485768],[-1.94690556217181,54.4542267594953],[-1.94254326083646,54.4533954349951],[-1.93665258576166,54.4527578326272],[-1.93434854455856,54.4521601163258],[-1.9312599005553,54.4521809104195],[-1.92996019817556,54.4517642068584],[-1.92703186556765,54.4517341236944],[-1.92586078738019,54.4511582547384],[-1.92144926717465,54.4500009487088],[-1.91908245173375,54.4482669110123],[-1.9172207447671,54.4497715028806],[-1.91699977258655,54.4513446251135],[-1.91565492367847,54.4528703479587],[-1.91549224417757,54.4541820424179],[-1.90747624978669,54.4537861115047],[-1.90140338127298,54.4567930681515],[-1.89975273379679,54.455462492677],[-1.89818768974289,54.4552868000806],[-1.893830778614,54.4538356125433],[-1.89220214110932,54.4525437218266],[-1.89101064483224,54.4521561539326],[-1.8863695197012,54.4491570802619],[-1.88486872924632,54.4475037017457],[-1.88389552379725,54.447573558862],[-1.88128318438007,54.4471652593779],[-1.88064299182295,54.446579637453],[-1.87961424929305,54.446541828568],[-1.87800994319315,54.4459139821736],[-1.87761224945559,54.4448129367937],[-1.87513155771139,54.4422541982849],[-1.87560712516204,54.4408376391572],[-1.87450651321022,54.4402188528],[-1.87381325783164,54.4390807314261],[-1.873967294253,54.4381796743726],[-1.87250668763926,54.4378378044431],[-1.86945551829836,54.4353443012701],[-1.86963300023736,54.4329614108513],[-1.86814395491207,54.4326835968863],[-1.86602621175302,54.4327020535149],[-1.86405316270593,54.4330987336643],[-1.86212168871865,54.4376368455911],[-1.8600031587953,54.4373693129045],[-1.85007546568599,54.4429557078246],[-1.84476948982636,54.4437985811729],[-1.83888034224339,54.4455478656347],[-1.83675279903263,54.4458575661015],[-1.83292918785907,54.4456925600494],[-1.82842315207394,54.4448587461706],[-1.81795671858104,54.4422553982778],[-1.81365712410726,54.439702894241],[-1.80705513210927,54.4351009357499],[-1.80475953975563,54.4313309039054],[-1.80222402440088,54.4282757062633],[-1.80262641724557,54.4240898535008],[-1.79995131293956,54.42242792485],[-1.79930762818409,54.4209934365005],[-1.79928081107507,54.4189791842313],[-1.79955189863575,54.4183946433266],[-1.80055015582284,54.4178006249876],[-1.80160322083535,54.417624574084],[-1.80323396774158,54.4159677294286],[-1.80431092343657,54.4156127969776],[-1.80506173822775,54.4148539120115],[-1.80509958703164,54.413798977035],[-1.80315258115114,54.4111314532629],[-1.80433338594399,54.4109892954437],[-1.8056721605321,54.4103163000438],[-1.80339305697552,54.4074601273915],[-1.80203234904421,54.4067838283916],[-1.80244102217399,54.4064744875504],[-1.79997808601049,54.406786069689],[-1.79547677507875,54.4079260892202],[-1.79104186890235,54.4073821926857],[-1.78843732231113,54.4079867360276],[-1.78725411567051,54.4079495504801],[-1.78610435687453,54.4075001402733],[-1.78391068701263,54.4054843959117],[-1.78193004515563,54.4044525136101],[-1.77981632753502,54.4041605390796],[-1.77757325204523,54.4047366375376],[-1.77637990502717,54.4043729890002],[-1.77620050810085,54.4014167537951],[-1.77559642959143,54.4006059224646],[-1.77453846303417,54.4002532011838],[-1.77046196771529,54.400323023583],[-1.76590295483033,54.4011860076024],[-1.76201177891292,54.4024885389637],[-1.7610979475279,54.4026018839472],[-1.76085894831412,54.40209033282],[-1.75567626750483,54.4026903939563],[-1.75577933530375,54.4030414404441],[-1.75510904270224,54.403148048665],[-1.75175598649256,54.4040108421696],[-1.748351613182,54.4026558260242],[-1.74877402861659,54.4021418206605],[-1.7509028936059,54.4026629831256],[-1.75175141310685,54.4025883168759],[-1.75178265943137,54.402366126101],[-1.75129441131456,54.3975349802875],[-1.75096459180905,54.3972167191774],[-1.74846469814658,54.3971447665675],[-1.74808169016341,54.3939272109514],[-1.74712852260288,54.3934695261872],[-1.74382304787161,54.3930303498395],[-1.74348924810105,54.3924482874334],[-1.74349082922083,54.3914652096435],[-1.74476200244383,54.3903819958526],[-1.74446291698651,54.3899657405063],[-1.74513844350117,54.3897402146634],[-1.74579888017522,54.3889258573315],[-1.74764331494509,54.3883920658099],[-1.74769031736653,54.3877880446634],[-1.75020627417341,54.3864902730847],[-1.75114852983452,54.3864797215651],[-1.75301006657895,54.385771675571],[-1.75570319083838,54.3860329434848],[-1.75860504681935,54.3848291709579],[-1.7583140841118,54.3838231588139],[-1.75911794750318,54.3784181995182],[-1.7613577846852,54.3763674008118],[-1.76304506123255,54.3755882831323],[-1.7655999346167,54.3750212133255],[-1.76781664685526,54.3750883523461],[-1.7697719503475,54.3758981349404],[-1.7709363481139,54.3760345929411],[-1.77137912810819,54.3736094540622],[-1.77934335970704,54.3729738725042],[-1.78722156507419,54.3734180078525],[-1.78035771287951,54.3798104272534],[-1.77533872019267,54.3834339491211],[-1.77712358455924,54.383654067343],[-1.77695607612548,54.383395701631],[-1.77759530625998,54.3832600629159],[-1.7793813008788,54.3835517680993],[-1.78043239995349,54.3834037192842],[-1.78169106554258,54.3826842413197],[-1.7823013336417,54.3828353039311],[-1.78268313530806,54.3825826730579],[-1.78310803007989,54.3828710259378],[-1.78661729656326,54.3817252162922],[-1.7867588064462,54.3813244433285],[-1.79116650277088,54.3786612962773],[-1.79165744465055,54.3780420343576],[-1.79346207429328,54.3773604087815],[-1.79352014597484,54.3760436366638],[-1.79488634435607,54.3752008152946],[-1.79483798641996,54.3741186317136],[-1.79590047816494,54.3724387895114],[-1.79001263731578,54.3703984738654],[-1.79310601832617,54.3647939869385],[-1.79901317161482,54.359125950252],[-1.800658669874,54.3535583441638],[-1.80685618016761,54.3502889708937],[-1.80731265508137,54.3500388779466],[-1.80770238931843,54.350229289592],[-1.80996392263209,54.3492353509558],[-1.81151335892928,54.3481941570364],[-1.81266142396013,54.3463797061674],[-1.81235739418839,54.346003176077],[-1.81310003854818,54.345701003295],[-1.82127629551909,54.3453117740065],[-1.82275284862822,54.345356912241],[-1.82933626650914,54.3468043835407],[-1.83339024436915,54.3472163373874],[-1.84142371312209,54.3466103831384],[-1.84142217432779,54.3483582601247],[-1.84500562373853,54.3473735970127],[-1.87758025846239,54.3463961778605],[-1.89040324490236,54.346490400055],[-1.89197262295623,54.3493551025302],[-1.88871397821233,54.3519216288489],[-1.89207295104292,54.3518120431646],[-1.89494154138297,54.3530514121113],[-1.89797408210791,54.3535822712224],[-1.90043960980901,54.3546088491764],[-1.90597796035851,54.3534295024953],[-1.90999450192363,54.3514874315522],[-1.91826955434285,54.3513401871998],[-1.9210686322323,54.3503104166056],[-1.92458800231877,54.3494265083061],[-1.92617441782887,54.3503364428067],[-1.93196657232127,54.3504327831296],[-1.93937695879148,54.3519015971973],[-1.9430914475135,54.351953096085],[-1.95777434577551,54.3566062432839],[-1.96949434034654,54.3586688954689],[-1.97344971651033,54.3582527629839],[-1.97651791916934,54.3585505336797],[-1.9818909401272,54.3600635235571],[-1.98469609736243,54.3595637242381],[-1.99260375796159,54.3603835248391],[-1.99578950430919,54.3589500620338],[-2.00047059967774,54.3577527499143],[-2.00281876990003,54.3532041148624],[-2.00419555452391,54.352584618438],[-2.0074871379655,54.3521338975459],[-2.01046485806785,54.3493325396974],[-2.01153732617278,54.3490456938166],[-2.01318640885185,54.3493255353917],[-2.01994131570917,54.3479936886162],[-2.0214148167406,54.3471753473148],[-2.02413160338767,54.3466737998088],[-2.02457552533432,54.3454388292806],[-2.02527982160219,54.3450073155191],[-2.02756135706744,54.3463287466205],[-2.0334724520461,54.3482687311674],[-2.03644350688428,54.34833527536],[-2.03956919703968,54.349692458455],[-2.04177813835394,54.3473830746553],[-2.04658176244906,54.3444258092304],[-2.05516397783106,54.3415143532918],[-2.05239057239549,54.3377564600089],[-2.04674485955216,54.3366811293523],[-2.04173366279895,54.3316168377568],[-2.04081072464862,54.3299042736531],[-2.04112331635981,54.3230678172758],[-2.03439760853025,54.3164293178686],[-2.0321359919406,54.3157819713028],[-2.03323005604216,54.3145634550476],[-2.0293410882951,54.3129891643987],[-2.02904108836757,54.3112741060633],[-2.02948483546486,54.3101442684217],[-2.0313225468353,54.3093986067191],[-2.02937208150098,54.3067577365284],[-2.02853507557474,54.3062147748968],[-2.02602416352791,54.3059870144631],[-2.02002610250237,54.3036456141833],[-2.01798503308328,54.3033993460085],[-2.0163004720345,54.3023775803012],[-2.01470415503793,54.3021014308042],[-2.01425209235205,54.3015723692832],[-2.01360022940106,54.3015329366845],[-2.0134406663183,54.3018696021301],[-2.01254985776256,54.3014816883495],[-2.01003777099875,54.3016823785586],[-2.01019657984951,54.3013833646298],[-2.00966816913136,54.3011033337418],[-2.01002773727779,54.3009247849728],[-2.00987681606071,54.3000842113918],[-2.01060981401366,54.2999539401494],[-2.01105191981333,54.2994789953514],[-2.00980418817852,54.2985233775848],[-2.01075674372806,54.2969706047965],[-2.00950269036441,54.2967942283933],[-2.00805341671157,54.2958211907396],[-2.00619526905827,54.2956505440004],[-2.00466680379269,54.294080401946],[-2.00292444478452,54.2936659250392],[-2.00150553541799,54.2941282649586],[-1.99952482285908,54.2953440115022],[-1.99700989832769,54.2955947760689],[-1.99372909663544,54.2955040657442],[-1.98967406083373,54.2932442339722],[-1.98855569221749,54.2922277430846],[-1.98700710024886,54.291644266778],[-1.98607175659537,54.2920381924323],[-1.98505173686081,54.2931964769716],[-1.98386178574828,54.2936867631015],[-1.97946446468005,54.2937130531056],[-1.97778661756977,54.2944036389207],[-1.97260218677338,54.2953481839129],[-1.96867243681376,54.2952340139284],[-1.96640581732104,54.2957718111345],[-1.96375235406755,54.2976348052797],[-1.96197855679153,54.2983964184591],[-1.95840486048068,54.2989232112259],[-1.95606771906531,54.3011775950728],[-1.95289756222607,54.3019555241137],[-1.95166402883251,54.3022905954818],[-1.94882828708548,54.3043542082837],[-1.94740411439484,54.3049649955033],[-1.94657839811866,54.3050957986481],[-1.94516052116196,54.3046440965068],[-1.94355351411981,54.3046402741605],[-1.94077662038845,54.3054697929926],[-1.9359008536381,54.3053450232456],[-1.93410774495072,54.3058782306226],[-1.93233593654897,54.3069138825115],[-1.92940429048071,54.3083717305669],[-1.92831284713816,54.3085176833832],[-1.92578038556406,54.3082122781981],[-1.92094462330711,54.3071262573881],[-1.91992278909023,54.306287248529],[-1.9193304873633,54.3048812178664],[-1.91130591013851,54.3041074600843],[-1.90607346932318,54.3046890676484],[-1.90107448926097,54.3019603045897],[-1.89726658786403,54.2995772075552],[-1.87988502652241,54.2977720003208],[-1.87972745625093,54.2971785586289],[-1.8805030546962,54.2972584697453],[-1.88063874680448,54.2964919083451],[-1.88124480496788,54.296285843067],[-1.87947942025797,54.2932823927661],[-1.88202846987203,54.292010458507],[-1.88096256797963,54.2908941361499],[-1.87674157928863,54.2890079279969],[-1.87547062243191,54.2887740798814],[-1.87591320722575,54.2846091199975],[-1.87708592227179,54.2827776576309],[-1.87926668132088,54.2828877254922],[-1.87963811971449,54.2802647014973],[-1.88305110043632,54.279404606315],[-1.90316832114651,54.2767121177675],[-1.90923851310575,54.2752541777754],[-1.91257996208069,54.2748252753841],[-1.91422024887963,54.2742266893538],[-1.91540367310013,54.2746990223586],[-1.91650575860968,54.273858829434],[-1.91774703672612,54.2745530898046],[-1.91804433339492,54.2743940764021],[-1.9209326627742,54.275051999867],[-1.93947191426972,54.2698293220857],[-1.93066927723186,54.2694169547816],[-1.92538905090927,54.267043127634],[-1.92062082565394,54.2665654623732],[-1.91764184760537,54.265362578578],[-1.91650997222354,54.2655184227354],[-1.91299160848051,54.2648318930553],[-1.90877168511211,54.2655946280591],[-1.902377180994,54.2674224354088],[-1.90132698452701,54.2667795574187],[-1.89957345988993,54.2663295703992],[-1.89470294023589,54.2633883334287],[-1.89302189935789,54.2617099029023],[-1.89339592452246,54.2614055164078],[-1.89203117314953,54.2606314041372],[-1.89125064584814,54.2594168458406],[-1.89031682141288,54.2591859084509],[-1.8869087048698,54.2595698608115],[-1.88428603501506,54.2602936389208],[-1.88343427641063,54.2599575648023],[-1.88328134915679,54.25949450086],[-1.8841186520681,54.2582288001385],[-1.88294932878293,54.2569696363659],[-1.88817722435048,54.2552481864076],[-1.88993904378434,54.2537843608127],[-1.89187283903389,54.253645690032],[-1.8958628357765,54.2517970133795],[-1.89676608563895,54.2517427454652],[-1.90110583574277,54.2479423289925],[-1.89995339720467,54.2473359220138],[-1.89965666730589,54.2458217800082],[-1.90138628983945,54.2432483715522],[-1.90160323442227,54.2414137470035],[-1.89671546744329,54.2396962011832],[-1.89447009004318,54.2361084025917],[-1.89385302305828,54.2332968168835],[-1.89738574468757,54.2284549479523],[-1.90111261776771,54.2240523678622],[-1.90222989066278,54.2232272923729],[-1.89769894822572,54.218946650782],[-1.89513069815024,54.2144824460857],[-1.89292983188093,54.2122542512831],[-1.89561574280291,54.210356902751],[-1.91237774901498,54.2046425482492],[-1.92440633596887,54.2001570481588],[-1.92801116263051,54.2003210118316],[-1.93773523988786,54.1997557095382],[-1.94216320400217,54.1991133528706],[-1.96535618103587,54.1927595934084],[-1.97871138378498,54.1883058321871],[-1.98485888283313,54.185480269287],[-2.00192373143204,54.1763608295329],[-2.00378176006164,54.1744672542757],[-2.00450804592518,54.172884412782],[-2.01112399155789,54.1725452907416],[-2.01471661800655,54.1727952314478],[-2.01510116771056,54.1735892947779],[-2.0172032736252,54.1747734028073],[-2.01855487328866,54.1761825243489],[-2.02002132393694,54.1762730130457],[-2.02049131845434,54.1759887032339],[-2.02283520374967,54.1767738441917],[-2.0238860770046,54.1759729383516],[-2.02695780969011,54.1761584918805],[-2.02834454867665,54.1754812550032],[-2.03139192565295,54.1748020595351],[-2.03249534806442,54.1753393107833],[-2.03473093441321,54.1757889055781],[-2.03417718611097,54.1804372128803],[-2.04435473778721,54.1825622077232],[-2.04578474163628,54.1818803876296],[-2.04939336399453,54.1857813113902],[-2.05110418661302,54.1891031492874],[-2.05024396083091,54.1897758734517],[-2.05109426908148,54.1907666451263],[-2.05426118968929,54.1948994279668],[-2.05932269926444,54.1964811755888],[-2.06039184245412,54.2011552797],[-2.06134010004122,54.2026090454647],[-2.06116289474129,54.2071645454048],[-2.0604322396171,54.2087803698099],[-2.06096015712122,54.2103646599798],[-2.06463473959455,54.2113238121865],[-2.06806184511237,54.2126242317322],[-2.06996912587001,54.212743618268],[-2.07112456895215,54.2131184341337],[-2.07618377690191,54.2158836933528],[-2.07917988751654,54.2183776562311],[-2.08054061028839,54.2187146176509],[-2.08250354572973,54.2187076718638],[-2.08393823062044,54.2202884229279],[-2.08638005204824,54.2212087167572],[-2.08709700737096,54.2209781914665],[-2.08663124507731,54.2212512343087],[-2.0884496422901,54.2220210833525],[-2.09052475539801,54.223638957576],[-2.09504201350838,54.2279740583231],[-2.09635713600843,54.2283181474487],[-2.09921297511582,54.2300646856429],[-2.1000321912151,54.2319649627844],[-2.10876677520187,54.2318485398701],[-2.11345550557019,54.232562304164],[-2.11605334539598,54.2306405501469],[-2.11819028264385,54.2296117167032],[-2.121320901228,54.228584876537],[-2.12469216174125,54.2279318057233],[-2.12626405286166,54.2264181005856],[-2.12893050474809,54.2256401305223],[-2.1404713007246,54.2252941312169],[-2.14217161934977,54.2263172361304],[-2.14293070682892,54.2293189294281],[-2.14353580761284,54.2300464552051],[-2.14363476688287,54.2315270750438],[-2.14307761333785,54.2332453239866],[-2.14383556654653,54.2350356887942],[-2.1478826771793,54.2341758898681],[-2.15069434395818,54.2325676328793],[-2.15253475451137,54.234385791657],[-2.15160198634838,54.2355903860566],[-2.15668279875643,54.2346635756434],[-2.15915370096043,54.2336627649969],[-2.16078799042786,54.232175160416],[-2.16075224065137,54.2313528510728],[-2.16600059995977,54.2291087667276],[-2.16663974369461,54.2283141856409],[-2.16775700155565,54.228759468022],[-2.17194493956509,54.2284774855175],[-2.17474925374915,54.2304310001516],[-2.17982862180126,54.2350354190473],[-2.18502103832614,54.2382907853787],[-2.18715802488729,54.2388208278949],[-2.18768578089542,54.2396347592928],[-2.18965377769583,54.2410367905342],[-2.19110365848284,54.2430807783118],[-2.19293847381081,54.2436291782325],[-2.19493023986256,54.2453173893772],[-2.19465835147302,54.2459237575786],[-2.19779778043952,54.2473785165663],[-2.20706069172621,54.2474744742306],[-2.21221640572481,54.2478134917138],[-2.21423156544802,54.2484558899566],[-2.21464363550507,54.2497692222396],[-2.21595203607352,54.250237632627],[-2.22089053988356,54.2510456906809],[-2.22269681443397,54.2510558496806],[-2.22413387138766,54.2510801581396],[-2.22921756492068,54.2521787037334],[-2.23038228648233,54.2506397657058],[-2.23140666974429,54.2502949150338],[-2.23565577058116,54.2512424564906],[-2.23756381268516,54.2497922544828],[-2.23929776951816,54.2492549838948],[-2.24051152108952,54.2484801646531],[-2.24222251889312,54.2481239795713],[-2.24340414098352,54.2481929369778],[-2.24417322102263,54.2487328664792],[-2.24666341063495,54.2494023959921],[-2.25213577171028,54.2493469608819],[-2.25639579837716,54.2481119664147],[-2.25754554289674,54.2474049103684],[-2.25811924994604,54.2475636270511],[-2.25879779914941,54.2473409807319],[-2.26366520594991,54.2453408071864],[-2.265087890037,54.2448695202677],[-2.26779124344324,54.244813820508],[-2.27013319803418,54.2439118145922],[-2.27402348615069,54.2430141048971],[-2.27502047259143,54.242516113812],[-2.27509415835556,54.2415576636693],[-2.27567081928099,54.2410960377344],[-2.27788188812031,54.2410350522687],[-2.28046070646888,54.2394169591941],[-2.28129647750787,54.2398441505564],[-2.2827532861298,54.2395101689854],[-2.28331927281207,54.2385603769486],[-2.28600473585244,54.2394488281229],[-2.28640616125701,54.2404966195706],[-2.2874074945699,54.2414847555477],[-2.28689474445947,54.2432556352187],[-2.28970412627976,54.2451435312895],[-2.29133517147653,54.2516107077344],[-2.29276012706268,54.2526222593875],[-2.29427439290651,54.2532971721716],[-2.29697073496658,54.2510003872912],[-2.30510677363297,54.2493434681435],[-2.30733037818999,54.2500753247939],[-2.31047275475297,54.2522382337033],[-2.3181150226871,54.2558794301576],[-2.31909627956128,54.2571558266965],[-2.32081369836983,54.2599204729166],[-2.31805601373652,54.2635888526499],[-2.31828582528271,54.2658986784674],[-2.31610521011746,54.2678465284707],[-2.31551401145553,54.2702850304776],[-2.31940197932248,54.2744709763485],[-2.32118409798066,54.2751225746446],[-2.32174486754784,54.2773455695197],[-2.32378928543852,54.2793156907721],[-2.3258909011985,54.2796959380434],[-2.32413060355962,54.2801780973431],[-2.32170695245419,54.2817329294037],[-2.32112283960691,54.2822293523959],[-2.32165504591026,54.2831347712227],[-2.31908136840169,54.2838249518795],[-2.3179180555477,54.286711779802],[-2.31719192956779,54.28716559534],[-2.31985714826317,54.2889677451272],[-2.32417185473555,54.2936048468915],[-2.32229034316553,54.2952002819499],[-2.320390118545,54.2990445357492],[-2.32043784181312,54.2999942473398],[-2.32434552633582,54.3007752930051],[-2.32443666117286,54.3033873943716],[-2.32124834535147,54.3054059655208],[-2.3204012466492,54.3067706138074],[-2.32303232473189,54.3110827288112],[-2.32164167653764,54.3113094394299],[-2.32015056714779,54.3120854585768],[-2.31867181013419,54.3112912377204],[-2.31705892262919,54.3119928402007],[-2.31497741966766,54.3135861874278],[-2.30986154486629,54.324341265883],[-2.31246138874759,54.3249156157892],[-2.31379861572577,54.3256796974618],[-2.31499214119074,54.3271243359361],[-2.3180546917345,54.3280970006296],[-2.32020217490267,54.3317507275768],[-2.32247011017885,54.3315301282699],[-2.32816192716845,54.3321531056678],[-2.33474908216317,54.3349442814497],[-2.3352101110871,54.3358461987202],[-2.33450818082364,54.3378825966322],[-2.33576758330697,54.3404345081918],[-2.34023148017039,54.3427058254513],[-2.3479247518734,54.3451434797585],[-2.34817234211372,54.3467921666785],[-2.35324457525624,54.3484200617659],[-2.35734195018373,54.3493507522411],[-2.35967397727017,54.3502666552088],[-2.36156366438325,54.3524305288346],[-2.36715606788202,54.3549327747492],[-2.36771195389404,54.3560698639035],[-2.3661520723303,54.3550369384918],[-2.36368929341382,54.3547660870376],[-2.36074916966088,54.3549476600772],[-2.35683939330819,54.3558139327543],[-2.35573157186885,54.357207957332],[-2.35287578512124,54.3583293550808],[-2.34464800518346,54.3596284889462],[-2.34271349742988,54.3616498507488],[-2.33825465727083,54.3638317478433],[-2.33699496845964,54.3639349080146],[-2.33455667279103,54.3638170805255],[-2.33401710488654,54.3644718260375],[-2.33288373679487,54.3645550100507],[-2.32995814574021,54.3671260279616],[-2.32692973256647,54.3681231412504],[-2.32614007149963,54.3680775332905],[-2.32436121228709,54.3691489846089],[-2.32349047468989,54.3705353237288],[-2.32220259696923,54.3709973900443],[-2.32084793912989,54.3723372546479],[-2.3203052278561,54.3724454191342],[-2.32040165152897,54.3729666961561],[-2.31888713233164,54.3743642552124],[-2.3181410783159,54.374620676053],[-2.31704244130702,54.3763105413405],[-2.29744045047675,54.376898681656],[-2.29206098628848,54.384202224395],[-2.29322676906298,54.3868127168638],[-2.29542243012275,54.3871508090267],[-2.29379553906029,54.3874954492939],[-2.29227295633424,54.3887048231534],[-2.29172200865909,54.3902027738417],[-2.29198708641916,54.3914857006217],[-2.29552457290856,54.3924526048201],[-2.29878515173993,54.3947702358646],[-2.29995284899935,54.3951119317761],[-2.30164345697525,54.3962032617382],[-2.30550654778273,54.3971203309206],[-2.30534185383095,54.3974996041361],[-2.30634259307898,54.3987573552957],[-2.30478586571537,54.4018993084494],[-2.30741483786974,54.4043047922022],[-2.30568119658848,54.4075849576322],[-2.3060475921717,54.4103649321112],[-2.30686518000397,54.4128179877275],[-2.30774426957084,54.413892215266],[-2.30821346942949,54.4164879191164],[-2.30775928448935,54.4177557307894],[-2.30798016935013,54.4206874541971],[-2.3056088140448,54.4224253943659],[-2.30359249588462,54.4261062105117],[-2.30268493696549,54.4265480086181],[-2.29943781485785,54.4270436597035],[-2.29452975627686,54.4312715654006],[-2.2918536029227,54.4314625141742],[-2.29234632092916,54.432670047059],[-2.29149318675809,54.4360607500514],[-2.29254413153843,54.437506227312],[-2.29207471681243,54.4384970346963],[-2.29286534394322,54.4393076092323],[-2.29075278430818,54.4392661053431],[-2.28991259151366,54.438868487553],[-2.28901709748876,54.4388953509818],[-2.28450126793384,54.4384323062763],[-2.28182760215235,54.4386907857452],[-2.27498326153005,54.4406561863139],[-2.27134766765733,54.4409160561347],[-2.27033221815571,54.4419052173078],[-2.26537881163011,54.4429261832343],[-2.26790273964738,54.4472333783116],[-2.26716721730983,54.4471839411901],[-2.26272150379077,54.4486594005624],[-2.26205360591745,54.4484406730376],[-2.2611687896121,54.4486627697107],[-2.25986285251333,54.4485209616945],[-2.25676719289031,54.4501646035944],[-2.25350199053405,54.4505396886978],[-2.24955923335505,54.4519402782237],[-2.24788641837448,54.451492171361],[-2.24623941591447,54.4517822692918],[-2.24411772733213,54.4500681203476],[-2.24257201315287,54.4497990952116],[-2.24029077647964,54.4499257895655],[-2.23962000598021,54.4496867685161],[-2.23871582815661,54.4498718296152],[-2.23804093701697,54.4491456195882],[-2.2373458485575,54.4492851617387],[-2.23561738092993,54.4482308985933],[-2.19241949920147,54.4486063039288],[-2.18931527172832,54.4489779945845],[-2.18616157121749,54.4520353532835],[-2.18357751790917,54.4558211053052],[-2.18219402521563,54.4572962161002],[-2.17991488927817,54.4584631493602],[-2.17750838210042,54.4616258896719],[-2.1705785270794,54.4611413165982],[-2.17193327975419,54.4594669974504],[-2.17021277857347,54.4581985172187],[-2.16732637143843,54.4577038907617],[-2.16471879345298,54.4564982927043],[-2.15992393190634,54.4564846937942],[-2.15922749453786,54.4555150307848],[-2.15537282999802,54.4570082315485],[-2.15012054907822,54.4599634312066],[-2.14148999224465,54.4609279527297],[-2.13888757905174,54.4616523955687],[-2.13605085503733,54.4614486554077],[-2.12656373673349,54.4621007164615],[-2.12300995511738,54.4615211043696],[-2.11659710276141,54.4622636001966],[-2.114304565626,54.4641942898995],[-2.10859079074721,54.4643748251014],[-2.10443158635208,54.4649115373643],[-2.10179895303256,54.4653594898322],[-2.09475307126474,54.4672982653066],[-2.0863966404888,54.4683928085571],[-2.08162443857255,54.469873636762],[-2.07574231992507,54.4731371941187],[-2.07117400458684,54.4742638974518],[-2.06991912273114,54.4756638599534],[-2.067705222325,54.4770509858691],[-2.06449702810731,54.4784749760746],[-2.06314434936595,54.4787665898071],[-2.06310419296841,54.4796113767548],[-2.06124832113091,54.4805332111553],[-2.05913895851738,54.4810493214939],[-2.05298008159469,54.4806396408088],[-2.05047047453458,54.4813028639057],[-2.04856210944432,54.4825001075283],[-2.04320057927725,54.483599160084]]]},"properties":{"FID":5556,"MSOA21CD":"E02005786","MSOA21NM":"Richmondshire 005","MSOA21NMW":" ","BNG_E":396478,"BNG_N":493599,"LAT":54.33795,"LONG":-2.05568,"GlobalID":"c79e8d22-5388-4ff5-b528-35f0300dd8ea","GROUP":"Harrogate & The Dales"}},{"type":"Feature","id":5557,"geometry":{"type":"Polygon","coordinates":[[[-1.67148556116436,54.3901137675093],[-1.67119728501895,54.3895737964909],[-1.66508158028492,54.3902360612725],[-1.6624529476918,54.3896624371214],[-1.66042263311624,54.3874742238985],[-1.65963519357818,54.3873245616212],[-1.64956885617153,54.3898245821973],[-1.64511225023961,54.3900903323562],[-1.64334477948153,54.3904744962422],[-1.6424031005965,54.3856469107261],[-1.64393541493633,54.3851512512005],[-1.64307014141119,54.3843146064292],[-1.64673684737064,54.3830375619323],[-1.64661321331099,54.3826803145868],[-1.64805903406121,54.3817455912137],[-1.65122813257928,54.3809655798448],[-1.65175697296645,54.3795906746624],[-1.65276862061561,54.3793320159657],[-1.65255899389008,54.3787575657739],[-1.65518133024828,54.3784616420858],[-1.65474454966669,54.3771347999951],[-1.65583902972301,54.3771325785861],[-1.6561152542224,54.3750492011305],[-1.65926886962176,54.3753044203554],[-1.66022964063479,54.3733684317195],[-1.66012442024401,54.3717268970874],[-1.6606487745102,54.371749375631],[-1.66072617673975,54.3714015020607],[-1.65864374770578,54.3695400622945],[-1.65928054895542,54.3692442661685],[-1.65850737454425,54.3681645503952],[-1.65459398920649,54.3684600510053],[-1.65156427410969,54.3647215052658],[-1.65004879116173,54.3650647008716],[-1.64935452254036,54.3644815206683],[-1.64763560623227,54.3644862971718],[-1.64704870024161,54.363269922286],[-1.64623400792408,54.3629931574031],[-1.64418024761137,54.3630750395149],[-1.64324153080106,54.3625737685684],[-1.64141121847457,54.3631775157821],[-1.64068895121641,54.3621961983029],[-1.64020006559485,54.3598038890124],[-1.6391518248767,54.3596084160808],[-1.63734410812694,54.3597904478193],[-1.63649659619143,54.3604670000091],[-1.63496889819683,54.3605665891507],[-1.63423854983373,54.3600655975795],[-1.6340951029936,54.359325423502],[-1.62760215423653,54.3599330156544],[-1.62743463717017,54.3595791973989],[-1.62656044966467,54.3597805735388],[-1.62588340224084,54.3592536777166],[-1.62327497683618,54.3596364531364],[-1.62310376449236,54.3589665797312],[-1.61785211511636,54.3591243893755],[-1.61523397809651,54.3570669435157],[-1.60861827148591,54.3508398886349],[-1.61348290934304,54.3492311022943],[-1.6198166889679,54.3478416010656],[-1.62636950871933,54.3467001300192],[-1.63224168153357,54.3462443470719],[-1.63265544071636,54.3466913037674],[-1.638485075433,54.3452547139846],[-1.63866945438673,54.3455242348809],[-1.64194635979862,54.3449812678426],[-1.64189880275432,54.3435928641356],[-1.64317332302449,54.3434023187508],[-1.63983445293143,54.3409296564678],[-1.63889856087998,54.3383548565059],[-1.63894697972576,54.3354594336883],[-1.64028513676747,54.3306435000089],[-1.64018694780896,54.3293976392337],[-1.63756662594275,54.3271556575955],[-1.63739780112343,54.3265858630458],[-1.63906305081859,54.3248307711236],[-1.64163218417816,54.3232204385792],[-1.63764963144171,54.3218368594011],[-1.63770912318801,54.3213742963333],[-1.64309722093674,54.3207577878534],[-1.64243240133171,54.3195858003129],[-1.64227319019771,54.3171108053955],[-1.64158520709725,54.3167357551821],[-1.64077822106184,54.3154147775879],[-1.64110009102471,54.3133582306777],[-1.64062830218613,54.3101165879641],[-1.64174517480812,54.3100017421902],[-1.64198850248028,54.3075119005491],[-1.64443055775531,54.306965519544],[-1.64693652696435,54.3078137223924],[-1.64958259189598,54.3077840488719],[-1.64791707415022,54.3057489650197],[-1.6476742871287,54.3047102348319],[-1.64804395670209,54.304599842752],[-1.64706555922556,54.3025350788086],[-1.647740948576,54.30224428298],[-1.64702276654847,54.3009309267688],[-1.64983030974824,54.3005967769061],[-1.64979455649506,54.300403373557],[-1.64849102036607,54.3004464871573],[-1.64847891005163,54.2983379515515],[-1.64813950337026,54.2982448185411],[-1.64839018957195,54.2978102201858],[-1.65025024527211,54.2975675082543],[-1.64906426676596,54.2974023024941],[-1.64941783219162,54.2966430899456],[-1.6501396824294,54.2966710187188],[-1.65133721910827,54.29554859859],[-1.65077042999662,54.2951232065344],[-1.65106233085465,54.2943664126928],[-1.65263332412283,54.2940755712405],[-1.65233551891147,54.2939219323969],[-1.66033723049904,54.2929896728392],[-1.66165248264344,54.2918993686816],[-1.66054201573255,54.2914114131347],[-1.66020891598325,54.2905196187729],[-1.67582259297896,54.2851600455248],[-1.67607632290819,54.2854841671116],[-1.67975700376931,54.285411386054],[-1.68432089338227,54.2858240222247],[-1.68748993955827,54.2866503647639],[-1.69147151446582,54.2868125413398],[-1.69392433957238,54.2872813317808],[-1.69536804871315,54.2870521564137],[-1.69663282031097,54.2864147109875],[-1.70066856140411,54.2863214380664],[-1.70526071327524,54.285542702554],[-1.70451547677649,54.284908389899],[-1.70425628870488,54.2841808880911],[-1.70462646422539,54.2835832178332],[-1.7038242905669,54.2817572351105],[-1.70166325460525,54.2787288416571],[-1.70273929227933,54.2773169301136],[-1.70355945765478,54.277727216555],[-1.70465167641845,54.2768685275464],[-1.69981780567789,54.2754385940672],[-1.69782460180587,54.2744809800264],[-1.69616336801388,54.2745755845391],[-1.69475358591858,54.2736680689002],[-1.6907744739147,54.2692325824906],[-1.69120056384729,54.2680476499424],[-1.68693482607943,54.2643740691084],[-1.68463037629039,54.2630073534248],[-1.6844693880531,54.2616013794276],[-1.68517797421579,54.2616070356372],[-1.68543711766883,54.2602696211778],[-1.68736683082364,54.2592058385312],[-1.6895474116794,54.2592926248032],[-1.69107121797848,54.2585517207843],[-1.69210862411702,54.2586408709968],[-1.69521158869665,54.2574992052699],[-1.69709526095052,54.2572458371442],[-1.69882333300788,54.2564199593774],[-1.70113106386589,54.2564607532591],[-1.70223991306978,54.2571738117623],[-1.70266453334556,54.2584277337874],[-1.70456953957134,54.260830590744],[-1.70698225231852,54.2591783275955],[-1.70678757684561,54.258086785566],[-1.7075834040085,54.2579440374548],[-1.70801467883534,54.2564461694403],[-1.7092886286374,54.2555863127244],[-1.71294937889706,54.2564740087067],[-1.71550312037663,54.2564720677108],[-1.71730961749231,54.25724651415],[-1.71829203509504,54.2568191104791],[-1.71814334500772,54.256242025364],[-1.7190375395491,54.2561209293837],[-1.71968922989744,54.2551380800343],[-1.72299260961448,54.2548547488856],[-1.72422467042884,54.2553847413085],[-1.72425343857232,54.256178702794],[-1.72618952009608,54.2560851101239],[-1.72613306192911,54.2558513412924],[-1.73058905892197,54.2548986334879],[-1.73712433002519,54.2542356065835],[-1.73949821635796,54.2518546528477],[-1.73707347595766,54.2503097798776],[-1.73890703712673,54.2484778500527],[-1.7412308408811,54.2469019644719],[-1.75596319507872,54.2393635722234],[-1.79980734283699,54.2451476958179],[-1.82333365198799,54.2474870186095],[-1.81630433890082,54.2406974216658],[-1.81848871172976,54.2392726727733],[-1.82257382869814,54.2354698692633],[-1.82806683045282,54.2316393628971],[-1.83740551842658,54.2314310574671],[-1.8410879446002,54.2294843385693],[-1.84669948031919,54.2273722940693],[-1.86216516028533,54.2227987553796],[-1.87944491931673,54.2202759263251],[-1.88160995268997,54.2186173423576],[-1.88644850985698,54.2100113976244],[-1.89561574280291,54.210356902751],[-1.89292983188093,54.2122542512831],[-1.89513069815024,54.2144824460857],[-1.89769894822572,54.218946650782],[-1.90222989066278,54.2232272923729],[-1.90111261776771,54.2240523678622],[-1.89738574468757,54.2284549479523],[-1.89385302305828,54.2332968168835],[-1.89447009004318,54.2361084025917],[-1.89671546744329,54.2396962011832],[-1.90160323442227,54.2414137470035],[-1.90138628983945,54.2432483715522],[-1.89965666730589,54.2458217800082],[-1.89995339720467,54.2473359220138],[-1.90110583574277,54.2479423289925],[-1.89676608563895,54.2517427454652],[-1.8958628357765,54.2517970133795],[-1.89187283903389,54.253645690032],[-1.88993904378434,54.2537843608127],[-1.88817722435048,54.2552481864076],[-1.88294932878293,54.2569696363659],[-1.8841186520681,54.2582288001385],[-1.88328134915679,54.25949450086],[-1.88343427641063,54.2599575648023],[-1.88428603501506,54.2602936389208],[-1.8869087048698,54.2595698608115],[-1.89031682141288,54.2591859084509],[-1.89125064584814,54.2594168458406],[-1.89203117314953,54.2606314041372],[-1.89339592452246,54.2614055164078],[-1.89302189935789,54.2617099029023],[-1.89470294023589,54.2633883334287],[-1.89957345988993,54.2663295703992],[-1.90132698452701,54.2667795574187],[-1.902377180994,54.2674224354088],[-1.90877168511211,54.2655946280591],[-1.91299160848051,54.2648318930553],[-1.91650997222354,54.2655184227354],[-1.91764184760537,54.265362578578],[-1.92062082565394,54.2665654623732],[-1.92538905090927,54.267043127634],[-1.93066927723186,54.2694169547816],[-1.93947191426972,54.2698293220857],[-1.9209326627742,54.275051999867],[-1.91804433339492,54.2743940764021],[-1.91774703672612,54.2745530898046],[-1.91650575860968,54.273858829434],[-1.91540367310013,54.2746990223586],[-1.91422024887963,54.2742266893538],[-1.91257996208069,54.2748252753841],[-1.90923851310575,54.2752541777754],[-1.90316832114651,54.2767121177675],[-1.88305110043632,54.279404606315],[-1.87963811971449,54.2802647014973],[-1.87926668132088,54.2828877254922],[-1.87708592227179,54.2827776576309],[-1.87591320722575,54.2846091199975],[-1.87547062243191,54.2887740798814],[-1.87674157928863,54.2890079279969],[-1.88096256797963,54.2908941361499],[-1.88202846987203,54.292010458507],[-1.87947942025797,54.2932823927661],[-1.88124480496788,54.296285843067],[-1.88063874680448,54.2964919083451],[-1.8805030546962,54.2972584697453],[-1.87972745625093,54.2971785586289],[-1.87988502652241,54.2977720003208],[-1.89726658786403,54.2995772075552],[-1.90107448926097,54.3019603045897],[-1.90607346932318,54.3046890676484],[-1.91130591013851,54.3041074600843],[-1.9193304873633,54.3048812178664],[-1.91992278909023,54.306287248529],[-1.92094462330711,54.3071262573881],[-1.92578038556406,54.3082122781981],[-1.92831284713816,54.3085176833832],[-1.92940429048071,54.3083717305669],[-1.93233593654897,54.3069138825115],[-1.93410774495072,54.3058782306226],[-1.9359008536381,54.3053450232456],[-1.94077662038845,54.3054697929926],[-1.94355351411981,54.3046402741605],[-1.94516052116196,54.3046440965068],[-1.94657839811866,54.3050957986481],[-1.94740411439484,54.3049649955033],[-1.94882828708548,54.3043542082837],[-1.95166402883251,54.3022905954818],[-1.95289756222607,54.3019555241137],[-1.95606771906531,54.3011775950728],[-1.95840486048068,54.2989232112259],[-1.96197855679153,54.2983964184591],[-1.96375235406755,54.2976348052797],[-1.96640581732104,54.2957718111345],[-1.96867243681376,54.2952340139284],[-1.97260218677338,54.2953481839129],[-1.97778661756977,54.2944036389207],[-1.97946446468005,54.2937130531056],[-1.98386178574828,54.2936867631015],[-1.98505173686081,54.2931964769716],[-1.98607175659537,54.2920381924323],[-1.98700710024886,54.291644266778],[-1.98855569221749,54.2922277430846],[-1.98967406083373,54.2932442339722],[-1.99372909663544,54.2955040657442],[-1.99700989832769,54.2955947760689],[-1.99952482285908,54.2953440115022],[-2.00150553541799,54.2941282649586],[-2.00292444478452,54.2936659250392],[-2.00466680379269,54.294080401946],[-2.00619526905827,54.2956505440004],[-2.00805341671157,54.2958211907396],[-2.00950269036441,54.2967942283933],[-2.01075674372806,54.2969706047965],[-2.00980418817852,54.2985233775848],[-2.01105191981333,54.2994789953514],[-2.01060981401366,54.2999539401494],[-2.00987681606071,54.3000842113918],[-2.01002773727779,54.3009247849728],[-2.00966816913136,54.3011033337418],[-2.01019657984951,54.3013833646298],[-2.01003777099875,54.3016823785586],[-2.01254985776256,54.3014816883495],[-2.0134406663183,54.3018696021301],[-2.01360022940106,54.3015329366845],[-2.01425209235205,54.3015723692832],[-2.01470415503793,54.3021014308042],[-2.0163004720345,54.3023775803012],[-2.01798503308328,54.3033993460085],[-2.02002610250237,54.3036456141833],[-2.02602416352791,54.3059870144631],[-2.02853507557474,54.3062147748968],[-2.02937208150098,54.3067577365284],[-2.0313225468353,54.3093986067191],[-2.02948483546486,54.3101442684217],[-2.02904108836757,54.3112741060633],[-2.0293410882951,54.3129891643987],[-2.03323005604216,54.3145634550476],[-2.0321359919406,54.3157819713028],[-2.03439760853025,54.3164293178686],[-2.04112331635981,54.3230678172758],[-2.04081072464862,54.3299042736531],[-2.04173366279895,54.3316168377568],[-2.04674485955216,54.3366811293523],[-2.05239057239549,54.3377564600089],[-2.05516397783106,54.3415143532918],[-2.04658176244906,54.3444258092304],[-2.04177813835394,54.3473830746553],[-2.03956919703968,54.349692458455],[-2.03644350688428,54.34833527536],[-2.0334724520461,54.3482687311674],[-2.02756135706744,54.3463287466205],[-2.02527982160219,54.3450073155191],[-2.02457552533432,54.3454388292806],[-2.02413160338767,54.3466737998088],[-2.0214148167406,54.3471753473148],[-2.01994131570917,54.3479936886162],[-2.01318640885185,54.3493255353917],[-2.01153732617278,54.3490456938166],[-2.01046485806785,54.3493325396974],[-2.0074871379655,54.3521338975459],[-2.00419555452391,54.352584618438],[-2.00281876990003,54.3532041148624],[-2.00047059967774,54.3577527499143],[-1.99578950430919,54.3589500620338],[-1.99260375796159,54.3603835248391],[-1.98469609736243,54.3595637242381],[-1.9818909401272,54.3600635235571],[-1.97651791916934,54.3585505336797],[-1.97344971651033,54.3582527629839],[-1.96949434034654,54.3586688954689],[-1.95777434577551,54.3566062432839],[-1.9430914475135,54.351953096085],[-1.93937695879148,54.3519015971973],[-1.93196657232127,54.3504327831296],[-1.92617441782887,54.3503364428067],[-1.92458800231877,54.3494265083061],[-1.9210686322323,54.3503104166056],[-1.91826955434285,54.3513401871998],[-1.90999450192363,54.3514874315522],[-1.90597796035851,54.3534295024953],[-1.90043960980901,54.3546088491764],[-1.89797408210791,54.3535822712224],[-1.89494154138297,54.3530514121113],[-1.89207295104292,54.3518120431646],[-1.88871397821233,54.3519216288489],[-1.89197262295623,54.3493551025302],[-1.89040324490236,54.346490400055],[-1.87758025846239,54.3463961778605],[-1.84500562373853,54.3473735970127],[-1.84142217432779,54.3483582601247],[-1.84142371312209,54.3466103831384],[-1.83339024436915,54.3472163373874],[-1.82933626650914,54.3468043835407],[-1.82275284862822,54.345356912241],[-1.82127629551909,54.3453117740065],[-1.81310003854818,54.345701003295],[-1.81235739418839,54.346003176077],[-1.81266142396013,54.3463797061674],[-1.81151335892928,54.3481941570364],[-1.80996392263209,54.3492353509558],[-1.80770238931843,54.350229289592],[-1.80731265508137,54.3500388779466],[-1.80685618016761,54.3502889708937],[-1.800658669874,54.3535583441638],[-1.79901317161482,54.359125950252],[-1.79310601832617,54.3647939869385],[-1.78576158124081,54.3634192014782],[-1.77771273947232,54.3629153141846],[-1.77620898424105,54.3629862207373],[-1.77067436329785,54.3622515505351],[-1.76694774070626,54.3623497251314],[-1.76368045591649,54.3636074879239],[-1.76286722456845,54.3635734003812],[-1.76244866182845,54.3639684877756],[-1.76126944108948,54.3639667342024],[-1.76120963033712,54.3644114768493],[-1.7591560129348,54.3646646636557],[-1.75762283908436,54.3656383823353],[-1.7531927402904,54.3671024666991],[-1.75322325616384,54.367614523185],[-1.75117649245822,54.3685278958112],[-1.75087386778588,54.3690369666517],[-1.74991006623845,54.3691509124033],[-1.74946111825382,54.3700074323161],[-1.74857874364403,54.3698011735155],[-1.74780972666787,54.3705019409033],[-1.74686460577465,54.370173934654],[-1.74404006994417,54.365638761799],[-1.74146001497599,54.3593663978741],[-1.74398560669606,54.3584417023358],[-1.74491824967908,54.3574691286817],[-1.74433545671041,54.3549119128942],[-1.73845760742265,54.3541783785355],[-1.73619422577154,54.354555255305],[-1.72387882241197,54.3551075933653],[-1.72341183053995,54.3542294970719],[-1.71111990326475,54.3545178078731],[-1.71108562815167,54.3545186103668],[-1.71142810350614,54.3540994418689],[-1.7118428708753,54.353653698916],[-1.71375810901643,54.3511101370651],[-1.71703194364896,54.3509841679293],[-1.71691491828359,54.3498450422024],[-1.71481002480906,54.3499302578846],[-1.71675489639307,54.3473855675168],[-1.71643905199337,54.346197754843],[-1.70877885058389,54.34659767532],[-1.70179383682895,54.3475524637583],[-1.69469383854524,54.3490386205982],[-1.70090999855342,54.3533429673465],[-1.70250128846927,54.3549869488383],[-1.70393419112767,54.3560803309985],[-1.70332136822361,54.3564674056191],[-1.70503190979594,54.357372294175],[-1.70535257465047,54.3587933172452],[-1.70498419701294,54.359583800649],[-1.70455644362015,54.3599762716621],[-1.70323283864241,54.3598117904149],[-1.70419532529433,54.361646990431],[-1.70097296634081,54.3624883520749],[-1.70136468446411,54.3630168923732],[-1.69044199350282,54.3637767496261],[-1.68111504710477,54.3632653306083],[-1.67633390884372,54.3637983208455],[-1.6766505091536,54.3646330002511],[-1.67985043363461,54.3652807450938],[-1.6797867024105,54.3667254789765],[-1.6841896691931,54.3664503698627],[-1.68451416554529,54.3677183716643],[-1.68003041414834,54.3679312728828],[-1.679664224528,54.3697192520962],[-1.68059331273007,54.3700197285058],[-1.6808265609297,54.3710706941176],[-1.6820266282919,54.3712112109402],[-1.68373267655824,54.3708492573305],[-1.68326817941145,54.3727639414409],[-1.68187428648995,54.3759273505332],[-1.68138091070399,54.3762192391239],[-1.68127992491726,54.3771795039551],[-1.68230657260747,54.3784944352993],[-1.68203791006181,54.3788129335094],[-1.68143164190765,54.3796088352517],[-1.6813480228038,54.3807845945353],[-1.68128392580811,54.3821358319291],[-1.68107716942066,54.3836643139213],[-1.68058664561595,54.3843588543773],[-1.680864635188,54.3856343144634],[-1.68058414385416,54.3874572140987],[-1.68122979336937,54.3909503836097],[-1.68192830090313,54.3922769504021],[-1.67875081065144,54.3924319114538],[-1.67352760209318,54.3936108049696],[-1.67222986050242,54.3935662281121],[-1.6706997996332,54.392447760007],[-1.67148556116436,54.3901137675093]]]},"properties":{"FID":5557,"MSOA21CD":"E02005787","MSOA21NM":"Richmondshire 006","MSOA21NMW":" ","BNG_E":414786,"BNG_N":489607,"LAT":54.30187,"LONG":-1.7743,"GlobalID":"02d1783f-523a-4451-bbf0-154f3f92c8b2","GROUP":"Harrogate & The Dales"}},{"type":"Feature","id":5558,"geometry":{"type":"Polygon","coordinates":[[[-1.00916710836012,54.4071649537356],[-0.987839601100123,54.3959542877072],[-0.975899976900305,54.3969124683957],[-0.961529925034656,54.4025451226233],[-0.950442895045124,54.4088577690714],[-0.926890434186741,54.400620652089],[-0.91856965612611,54.4008281943257],[-0.914474717402178,54.3998680076433],[-0.866551907321819,54.3873505318678],[-0.859864351012284,54.3865281744635],[-0.847090361147311,54.3832048590934],[-0.834416917561831,54.3809054755157],[-0.823634356665542,54.3825175906991],[-0.816759750575843,54.3715301274124],[-0.813578698034345,54.3684523597848],[-0.812364239990159,54.3681814578648],[-0.812051911718086,54.3678297342287],[-0.811581654998329,54.3654628387433],[-0.810864966349368,54.3649302977961],[-0.810923069390282,54.3644878293634],[-0.809854754671197,54.3638538799491],[-0.808839397976581,54.3613098874529],[-0.808422893111232,54.3598135460558],[-0.807679547575064,54.3597087452941],[-0.806005178100331,54.3584591830204],[-0.804840511600854,54.3579163334216],[-0.803912025540234,54.3579042726489],[-0.804047584399277,54.3574725238108],[-0.802558008045469,54.3576329588264],[-0.801479435010448,54.3574117111341],[-0.799450194720812,54.3563804651606],[-0.799237456563046,54.3558527740463],[-0.797425656626796,54.3555839192965],[-0.797035970940566,54.3549483703233],[-0.796222671949974,54.3550987665684],[-0.794219176712831,54.3543543211409],[-0.792713938243136,54.3545903678833],[-0.789387601821093,54.3540925087823],[-0.78913887181298,54.3545062540647],[-0.78735990191958,54.3549745802353],[-0.786471300492418,54.3544673984491],[-0.785224860843509,54.3550573192532],[-0.784461586196396,54.3547853433892],[-0.782772670723983,54.3550834543832],[-0.782232597777263,54.3548257942481],[-0.778345421251485,54.355780788623],[-0.774019912291825,54.3573070135698],[-0.773778940675455,54.3569503602324],[-0.7727193657236,54.3576352964288],[-0.772822101489579,54.3580289961495],[-0.771452408106919,54.3582262763751],[-0.770990965635905,54.3591669638006],[-0.77009259667832,54.3591392908817],[-0.768606004072462,54.3597063718555],[-0.768898476061507,54.360170534148],[-0.768221813862529,54.3607180682153],[-0.766074727961262,54.362123506593],[-0.764039590317582,54.3623408659284],[-0.763942721892205,54.3629089152899],[-0.761676738190957,54.3626607237896],[-0.760967093370518,54.3629559348345],[-0.759859356856565,54.3627041398735],[-0.758965597426341,54.3627893277371],[-0.758079166305772,54.3634917527135],[-0.757486394679329,54.3632594522904],[-0.756618897588448,54.3633836481297],[-0.756149992167049,54.3649120725429],[-0.755108573634542,54.3661576538733],[-0.753571347744353,54.3668245831089],[-0.753121353415042,54.3685916828345],[-0.750356041150349,54.3682307914046],[-0.747731179858725,54.3669163880112],[-0.747299973040871,54.3657218766718],[-0.745406985004648,54.3647531816721],[-0.74384838284745,54.3631683312364],[-0.744393722040918,54.3627459174958],[-0.743253429678357,54.3622316902997],[-0.742712848429457,54.3608395121382],[-0.743500201119168,54.3599501924594],[-0.742789110422344,54.3597548936181],[-0.74306626956384,54.3591349019326],[-0.742511187083792,54.3586346985854],[-0.742669067546459,54.3582870171952],[-0.741219627075291,54.356929882221],[-0.740250986246479,54.3567462014368],[-0.740015256940966,54.3564190612083],[-0.738322311507291,54.3565061542692],[-0.737561820264494,54.3561841935123],[-0.735917729240348,54.3561521102066],[-0.735073785426663,54.3556672026044],[-0.733001708493447,54.3552557236927],[-0.711192400362535,54.3571774189689],[-0.710569209776961,54.3551617273696],[-0.709380857981056,54.3539379345044],[-0.707712104488098,54.3531932046876],[-0.704377039586274,54.3523484777943],[-0.703413230023276,54.3513647359147],[-0.70422383283622,54.3471995997709],[-0.704069443674804,54.3449312102285],[-0.707155666506303,54.3438633025464],[-0.708820334428593,54.3442349994364],[-0.710371710238787,54.3439721138531],[-0.713623681825008,54.3425915111973],[-0.716869247468348,54.3421044781064],[-0.719494224093912,54.3422803653752],[-0.722029688223479,54.3416381999396],[-0.723997345584513,54.341649466306],[-0.725729123801278,54.3401314012614],[-0.726009416782891,54.3374222994285],[-0.726430071774094,54.3360990951594],[-0.726183974615162,54.3353682128156],[-0.726973326271162,54.3337132487071],[-0.728117587223388,54.332516458024],[-0.728206333429905,54.3316186185719],[-0.729190240149623,54.3311616261942],[-0.72975989514061,54.3303766909192],[-0.732789849066922,54.3291277806801],[-0.733388348907712,54.3284018389953],[-0.734836202915573,54.3278238301332],[-0.736095205785945,54.3268840389434],[-0.736362163557596,54.325966146967],[-0.736890811830587,54.3256891499938],[-0.738889700451665,54.3257750489469],[-0.739428805233216,54.3262501457365],[-0.741313402469194,54.3264709121195],[-0.746616625126774,54.3244431855002],[-0.746463193725944,54.3240222606451],[-0.747181719642806,54.3237471728417],[-0.748629493389278,54.3213074157652],[-0.752070927345813,54.3189306733733],[-0.751418760835106,54.3163834907878],[-0.752311622831335,54.3127861105863],[-0.751358495065165,54.3125507063027],[-0.751146805227373,54.3120067343779],[-0.751721651543263,54.3120427359421],[-0.751361872209732,54.3116932645948],[-0.749996841701171,54.3113721496888],[-0.750019198717076,54.3110148303197],[-0.749504210708289,54.3111749334796],[-0.749267835927272,54.3108438559361],[-0.748900748667465,54.3109583033377],[-0.748565866745706,54.310184976245],[-0.747505364122754,54.3101824063626],[-0.747567219190572,54.3095530602197],[-0.74713601290184,54.3095240375583],[-0.746890851846731,54.3087492208964],[-0.746097486628644,54.3088873109874],[-0.745945973291856,54.3085781845895],[-0.744690265575441,54.3085361993001],[-0.744897623343112,54.3073884891017],[-0.743946465197425,54.3066834448372],[-0.744091057483879,54.3064144718881],[-0.743302373044417,54.306085237397],[-0.741598285751609,54.3024330531405],[-0.741066975770145,54.3023120729211],[-0.741155673770354,54.3019082698616],[-0.740374394485675,54.3016692398743],[-0.739897573376545,54.3009283881167],[-0.74044493210548,54.2999409532695],[-0.740118239792135,54.2993794563393],[-0.738436577354572,54.2985456900193],[-0.73786371186269,54.2977128242394],[-0.738559599594647,54.2967359478747],[-0.737486451007218,54.296561812413],[-0.737457438055649,54.2958461353891],[-0.736699176968346,54.2957856748467],[-0.736280781080316,54.2950072209364],[-0.736488832168589,54.2941712886386],[-0.735347612147049,54.2940113224252],[-0.735972783071453,54.2932584049666],[-0.733761077601457,54.2924816440367],[-0.734213068202849,54.2918336479018],[-0.733946922313003,54.2916196442003],[-0.732858393936992,54.291559909497],[-0.732742025524556,54.2910966642143],[-0.731947680485205,54.2910259625491],[-0.732023140602859,54.2896799978019],[-0.731580924417036,54.2889936934854],[-0.730418248047741,54.2889589967732],[-0.730552928065892,54.2882356004899],[-0.732400667675159,54.2881540902261],[-0.731973093514959,54.2871205020419],[-0.730051070701995,54.2848557716564],[-0.728482001384281,54.2840126266337],[-0.731789139533851,54.2854047150298],[-0.735169277871121,54.2879890347509],[-0.738151047349162,54.2878916398893],[-0.739486747025631,54.2872582055348],[-0.742017242304226,54.2867995553301],[-0.742131173651688,54.2842258106026],[-0.743057463849931,54.2842141984526],[-0.743009741609312,54.2867922109149],[-0.74534724858089,54.2867704770918],[-0.745486144079685,54.28422445534],[-0.745575692447579,54.2867756564328],[-0.753447485598184,54.2866923979773],[-0.750135235266773,54.2895704139958],[-0.751763515715303,54.2882739372267],[-0.753436894104906,54.2885311065074],[-0.753308432909897,54.2888814286661],[-0.76542094345055,54.2907592216993],[-0.765522936712787,54.2917170752402],[-0.771703027795119,54.2917458869338],[-0.774014427254841,54.2972544398199],[-0.776610438593089,54.2980759240386],[-0.790059782521027,54.2949251223823],[-0.793727072928968,54.2943301562205],[-0.790915902318359,54.287056820518],[-0.787870107239324,54.2761177229633],[-0.787517488760357,54.2719893892821],[-0.789002467131111,54.2680171340917],[-0.790544998049069,54.2656112812117],[-0.790795314111405,54.2614148479617],[-0.795558220832362,54.2548802270045],[-0.79891358090255,54.2511640456807],[-0.799685419314271,54.2487744215329],[-0.799934205904121,54.2482562934972],[-0.802130501877848,54.247023498275],[-0.804562398464006,54.2465305570744],[-0.804985905290031,54.2456722250349],[-0.804350258963842,54.2443944312722],[-0.806354585797767,54.244086801314],[-0.806920487380513,54.2443198979531],[-0.807424040079533,54.2440530005429],[-0.807789343607693,54.2443068660785],[-0.80943680500446,54.2438512870522],[-0.810933857424914,54.2438059472946],[-0.813135460440402,54.2428210122694],[-0.81391566930018,54.2420692276483],[-0.814577945824143,54.2402952848672],[-0.816953473098152,54.2389162978194],[-0.816842268616776,54.2382276565339],[-0.817345383154169,54.2376854563517],[-0.818819761399049,54.2366406166342],[-0.819860820137694,54.2363717777811],[-0.820031431993919,54.2356176355151],[-0.819490552776275,54.2349298420655],[-0.821270819400905,54.2331260075584],[-0.823124059323001,54.2325951318432],[-0.824242056909242,54.2326977402151],[-0.824338008002066,54.2320702374109],[-0.826014563835573,54.2310895034527],[-0.826386383760949,54.2306392438734],[-0.824153898665905,54.2285927332388],[-0.824677769910303,54.227920733675],[-0.824412175213838,54.2264182568205],[-0.823374836722745,54.225912124182],[-0.823081366721488,54.2252070855789],[-0.821058339475569,54.2246293818467],[-0.820778910785935,54.2239333455761],[-0.818455628702076,54.2240501887176],[-0.818624956836721,54.2229533775143],[-0.817966870808521,54.2219956308139],[-0.816750897135695,54.2217758442455],[-0.815914874090234,54.2204905702991],[-0.827412865201773,54.218360500362],[-0.834646438349794,54.2181719524491],[-0.83474878609769,54.2177185048637],[-0.841071634101454,54.2177707491029],[-0.844262307685456,54.2180690312839],[-0.850440624391499,54.2179935701526],[-0.852009749152764,54.2182688767359],[-0.853136250838843,54.2180181079573],[-0.857697174499313,54.2187902513066],[-0.861339390135656,54.2187455007432],[-0.861025835311673,54.2176005334222],[-0.865270587083827,54.217320366084],[-0.865995540032668,54.2178459076575],[-0.868898991096103,54.2173732753938],[-0.869126203541018,54.2168805241337],[-0.869986569033367,54.2166882005996],[-0.870161807423377,54.2163562377735],[-0.869217853700349,54.2150877517808],[-0.873566529595179,54.2158395943531],[-0.876486301660313,54.2152654995429],[-0.886523530018048,54.2218291965543],[-0.887818016563018,54.222991153713],[-0.889142864469791,54.2234203182784],[-0.890381873583411,54.2256918505241],[-0.889967309887237,54.2272448109097],[-0.890237975284967,54.2286463517706],[-0.891131250949301,54.2296771959085],[-0.895260493361096,54.2293272189475],[-0.897887692562453,54.2295919554052],[-0.903967943851718,54.2282848724326],[-0.905209339781635,54.2299588794042],[-0.904644458489687,54.2323911066337],[-0.903532190035009,54.2334407036115],[-0.903001473327563,54.2349960793283],[-0.902183115560827,54.2358281150713],[-0.900130050753485,54.2356628202912],[-0.898025564417309,54.2363878928685],[-0.896005034930459,54.2387995173852],[-0.895995210061174,54.240102841271],[-0.893639627377421,54.2413305350639],[-0.894383011560264,54.2419709626246],[-0.891523051216683,54.2440893809167],[-0.894623574263485,54.248130603466],[-0.887565481399354,54.2497884731212],[-0.887480478136291,54.2492394532485],[-0.88375952815525,54.2486910793528],[-0.877601860188293,54.2465311043761],[-0.875599163520122,54.2461933795655],[-0.874815252574507,54.2464503768582],[-0.87468827481472,54.2453524129144],[-0.873831085720709,54.2444077378917],[-0.87303063804414,54.2449280058292],[-0.866917448221846,54.2452055063544],[-0.864078565036859,54.2456354905167],[-0.858966324615673,54.2457726019907],[-0.858932621077384,54.2460037151087],[-0.858264500061034,54.246040640531],[-0.85359293447355,54.2459176829623],[-0.849895413221166,54.2468826435971],[-0.848288217336997,54.2465732661583],[-0.847371002505416,54.2459360370357],[-0.845153968030146,54.242665545069],[-0.842033553040672,54.2431726405598],[-0.841206484444161,54.2431364301328],[-0.839931781139199,54.2461159459463],[-0.840255333075638,54.2473558002648],[-0.840775065287625,54.2499794750071],[-0.839702556827279,54.2521711569019],[-0.839738560771182,54.2535387419109],[-0.841151182529991,54.2561076207429],[-0.841015629129472,54.2585864607051],[-0.842000543661241,54.2615988096738],[-0.843650605858421,54.2638354481646],[-0.847982148258984,54.2696121077685],[-0.857084821427361,54.2743786869656],[-0.857990322381856,54.2739629029752],[-0.860152382170688,54.2716808137202],[-0.861321844717794,54.2712441847378],[-0.863324546001648,54.2712021174307],[-0.862703004609375,54.2702292640687],[-0.864543670779426,54.2710886164878],[-0.865480292410017,54.2708819954561],[-0.866840603303566,54.2698005479819],[-0.86769770717247,54.2696846837125],[-0.869392359542509,54.2700503041358],[-0.869024458131701,54.2686988126497],[-0.873421615702071,54.2673962111663],[-0.877911161320594,54.2654057339328],[-0.880550849280337,54.2634807946952],[-0.881417867672468,54.2622550375828],[-0.88440022623879,54.2628906950917],[-0.890245586807592,54.2633979196237],[-0.890658484408096,54.2626533654506],[-0.891416828553686,54.2626627187135],[-0.892428158151057,54.2629523764856],[-0.895004232901415,54.2648661358206],[-0.895895736667958,54.2645417669764],[-0.898124688487582,54.2617751509012],[-0.900311901835554,54.259880754246],[-0.90174650123222,54.2590607828692],[-0.903461066354326,54.2588291685629],[-0.906110086227892,54.2573945168058],[-0.907160836819983,54.2584218492421],[-0.909000169746861,54.2577638550265],[-0.914905166393465,54.2569158527849],[-0.914918956447713,54.2575501764426],[-0.919747833062591,54.2585167278313],[-0.920085304961987,54.2583388324215],[-0.918818416399153,54.257308733001],[-0.919234882925364,54.2569384292436],[-0.919021344864087,54.2565357866757],[-0.919804321027241,54.2562936563328],[-0.919119204615039,54.255472129952],[-0.920149660201917,54.2556524200517],[-0.920398217884922,54.2554291017418],[-0.919455526203336,54.2547513645486],[-0.92000119344468,54.2545961648141],[-0.920256805018316,54.2550205818316],[-0.920918666336946,54.2547678422654],[-0.920990384281523,54.2543944792581],[-0.920344734254867,54.2544085328833],[-0.920196968384452,54.2541153924265],[-0.921312220463838,54.2538574335622],[-0.921241726309837,54.2534515172096],[-0.922466380837269,54.2529225844834],[-0.923773153559075,54.2509528362648],[-0.925964802707435,54.2504277788345],[-0.925696795347796,54.2502018259439],[-0.924674874006726,54.2503247199391],[-0.924615655781076,54.2498908282694],[-0.925015321178665,54.2496637962463],[-0.925913960180523,54.2497877511578],[-0.925755329679305,54.2490373299923],[-0.927417375605732,54.2483089549017],[-0.927308539343864,54.2475491009756],[-0.926960700337183,54.2474797323855],[-0.926442911956714,54.2479722379837],[-0.925870673427907,54.2474761956165],[-0.925033107634768,54.2474282895952],[-0.924982954917146,54.2471062572693],[-0.925794487754634,54.2469932784086],[-0.925825645528298,54.2472015514572],[-0.927022465993483,54.2468768542942],[-0.926037603795409,54.2457937964578],[-0.926690681592763,54.245224236775],[-0.926432293251922,54.2446475753619],[-0.927467404337204,54.2438622347871],[-0.926961361802323,54.243144899915],[-0.927885369597957,54.2431848517747],[-0.927794225576845,54.2421313679664],[-0.928412281435527,54.2421503508305],[-0.929589947519265,54.2410988363721],[-0.929224369208693,54.2405335662257],[-0.930251507499609,54.2406235959051],[-0.930396708739706,54.2404232273928],[-0.930180669978047,54.2396918997588],[-0.929465753632112,54.2398571673395],[-0.929316152680362,54.2396162644058],[-0.929658732971767,54.2389412934624],[-0.930754800837981,54.2386094830566],[-0.930777371937904,54.2379221266986],[-0.930303584315388,54.2376643121699],[-0.929021549823831,54.2378085308799],[-0.929029833376548,54.2364514759654],[-0.927353962891515,54.235993655402],[-0.928102687211295,54.2355576682687],[-0.927667931581971,54.2349238228381],[-0.928440134147178,54.2341355547323],[-0.92806860152474,54.2340409751329],[-0.926943505208297,54.234631784405],[-0.926569041263427,54.2338898599101],[-0.935062213050693,54.2326471884475],[-0.941340536194821,54.2304114247327],[-0.941434184103092,54.2301067363294],[-0.940555502700238,54.2297543264126],[-0.939741652573543,54.2285242905233],[-0.938968354147126,54.2282669591375],[-0.942493631846732,54.2268826276456],[-0.945206072930016,54.2284907369722],[-0.94558392853582,54.229614699139],[-0.948243571266665,54.2304827595535],[-0.950329972006889,54.2321619650847],[-0.952565677485487,54.2348200737879],[-0.950396478722122,54.2352913470556],[-0.951388839012623,54.2367627578043],[-0.952314101516699,54.2369381917285],[-0.954233300434984,54.2364512534054],[-0.954000581831107,54.2361374892935],[-0.954938507115415,54.2339144158426],[-0.952993789586539,54.2306417543299],[-0.956866336594413,54.2289350670316],[-0.956971985831715,54.2279394698294],[-0.954314231147823,54.2242278466312],[-0.955003704368371,54.2231337710001],[-0.957219389531386,54.2227666528703],[-0.958894433043148,54.2228681937109],[-0.960150595663092,54.2233115704368],[-0.961052834516637,54.2243930866486],[-0.962714903229357,54.2251488742864],[-0.965709960683888,54.2249712432804],[-0.967520651661736,54.2251955018465],[-0.967965857852335,54.2258688312257],[-0.972719712737611,54.2265396219897],[-0.974567625103291,54.2269255638868],[-0.976116784374953,54.2277439638644],[-0.980740279689133,54.229165527012],[-0.98351515103831,54.2362300384662],[-0.983261225265944,54.2363874523586],[-0.986203353979197,54.2429887932703],[-0.980724626958315,54.241003003646],[-0.97958807639652,54.2432186769289],[-0.979154267761966,54.2478520565174],[-0.979617005744214,54.2493897740169],[-0.979496391605188,54.2513615360536],[-0.982118833251711,54.253046393581],[-0.981942469393305,54.253242161091],[-0.984002634303966,54.2542117132746],[-0.986881400574449,54.2555120051177],[-0.992687205207778,54.2614918539972],[-0.995391110514145,54.2629723488247],[-0.996577908007836,54.2667738478819],[-0.996329731696591,54.2677073207929],[-0.997991692504134,54.2722328820456],[-1.0025229575624,54.2768951375546],[-1.00359610843777,54.2803314898104],[-1.00257826785686,54.2807352935317],[-0.991061494862104,54.2721807238194],[-0.989593846528615,54.2705192246531],[-0.986347108171869,54.2643335794195],[-0.980681293071951,54.2608096374953],[-0.978988204691292,54.2591208271041],[-0.976888697496944,54.2589157143171],[-0.973717750590449,54.2595128590318],[-0.972757154668326,54.258437971455],[-0.968582983104001,54.2594429536436],[-0.97027582401718,54.260913384322],[-0.968096050654407,54.2619080944617],[-0.969109912607641,54.2627469936536],[-0.972083928406412,54.2641538505705],[-0.969490503333845,54.2652240740011],[-0.970440215451082,54.2665413719839],[-0.969673900767038,54.2670899711018],[-0.967617331884294,54.2665763772637],[-0.967875526768548,54.266724651673],[-0.971343461665823,54.2677555350292],[-0.973106448079267,54.2691037989698],[-0.97190613322777,54.2702321874109],[-0.97199701976699,54.2729557394648],[-0.974102299701304,54.273216771297],[-0.974908140593241,54.2736575377712],[-0.977666028970762,54.273233530651],[-0.980477601140942,54.2734525211443],[-0.982727340780512,54.2745643283298],[-0.983824293543546,54.2763466875579],[-0.987249197184947,54.2785111024751],[-0.987094556836676,54.2793383529713],[-0.989697283076399,54.2801086662659],[-0.990584449414267,54.2815156221602],[-0.990021575388135,54.2821590844098],[-0.987865381347593,54.2828136810637],[-0.988424923082526,54.2829678449347],[-0.988713188007366,54.2836065248692],[-0.988328230023155,54.2838980886992],[-0.986801465158182,54.2839136075036],[-0.987853182982207,54.2844791296771],[-0.987059601270663,54.2850900840921],[-0.986614627821909,54.2850661351158],[-0.98645196778486,54.2843976837536],[-0.985950565783363,54.2849600041425],[-0.983745121139983,54.2857489158327],[-0.983854088301533,54.2848824206929],[-0.982650915033837,54.28486226102],[-0.981719889540894,54.2854012670526],[-0.982359371790083,54.2866402043493],[-0.981746736657634,54.2868004604752],[-0.981278227910191,54.2862538840893],[-0.980653245167222,54.2862528211231],[-0.978737442853069,54.2872535516769],[-0.978846451749919,54.2877755262439],[-0.979836866775355,54.2874334663682],[-0.980447985051342,54.2875868671881],[-0.981604206046277,54.2891545550429],[-0.981314580184237,54.2895057991086],[-0.979638230074195,54.2890795285896],[-0.979151601068396,54.2905742759609],[-0.980045664031553,54.2904749247769],[-0.980075957569563,54.2910860447388],[-0.981734033472758,54.2917561355685],[-0.982457225950794,54.2915751782968],[-0.982589951957529,54.2910592364944],[-0.983371049935101,54.2910411035351],[-0.984168802859763,54.2920819426288],[-0.98496283767817,54.2918319314909],[-0.985819879315879,54.2921034146554],[-0.98586568268047,54.2923498326245],[-0.9850169734834,54.2926376047657],[-0.98502900611608,54.2930617995396],[-0.987453372189056,54.2930768260723],[-0.990806024079708,54.2937081947594],[-0.991079077544633,54.2942252998767],[-0.993050571333895,54.2942822090794],[-0.993248598538605,54.2959285733748],[-0.994182020335276,54.2962051362234],[-0.994123067131826,54.2968511783598],[-0.99503962277144,54.2968039901386],[-0.995279876586829,54.29635414417],[-0.996287088245999,54.2967762372002],[-0.996937704972133,54.2978253188081],[-0.995485595634611,54.2979529970865],[-0.996379258508915,54.2984764755276],[-0.996930666090082,54.2993800961008],[-0.996773868421717,54.3000823424653],[-0.998236612087897,54.3009123539835],[-0.997864681188426,54.3020506779812],[-0.998818829448628,54.3033803146622],[-1.00116994575838,54.3044193163498],[-1.00235657574501,54.3046015723413],[-1.00291458672971,54.3054987654507],[-1.0042253456323,54.3061313923537],[-1.00406655006216,54.3069207916763],[-1.00503170729115,54.3084444516511],[-1.00819569932728,54.309753733759],[-1.00957207849162,54.3108039200634],[-1.00937890639759,54.3117479864633],[-1.01003180155648,54.3128453173107],[-1.00948525016468,54.3139021991107],[-1.01152118874346,54.3155613402298],[-1.01176983155615,54.3162113164611],[-1.0144006356254,54.3167470624945],[-1.0150886970079,54.3175062194905],[-1.01949427698047,54.3190724595485],[-1.02042853049255,54.3200907255618],[-1.0212781275367,54.3202697083037],[-1.02148803550281,54.3206934494723],[-1.0209587973554,54.3211101680038],[-1.0217043534253,54.3219449659445],[-1.0208505956685,54.3225032315489],[-1.02086383992061,54.3230265237807],[-1.02136203274114,54.3234745935727],[-1.02295223609911,54.3239070709439],[-1.02448410950015,54.32591464931],[-1.02605588329864,54.3254304445482],[-1.02834920074729,54.3241626518704],[-1.03134017565101,54.3241428593399],[-1.04228680275613,54.3229078991609],[-1.05332422923418,54.3380594839044],[-1.05553508034116,54.3434785137962],[-1.0617083228945,54.3519253654398],[-1.06621137548327,54.3626677882017],[-1.06720334332722,54.3651423174957],[-1.06723400908116,54.3754710077889],[-1.07882432973768,54.3882130473846],[-1.07042775941028,54.3957696210623],[-1.08181089981254,54.4050252281381],[-1.07094132686955,54.4056805195188],[-1.05938054636086,54.4125782562812],[-1.02687290767865,54.4153443927869],[-1.00916710836012,54.4071649537356]]]},"properties":{"FID":5558,"MSOA21CD":"E02005788","MSOA21NM":"Ryedale 001","MSOA21NMW":" ","BNG_E":472832,"BNG_N":491579,"LAT":54.31463,"LONG":-0.88197,"GlobalID":"1053902a-4d88-4d0c-8972-e0de668f9aee","GROUP":"The Vale, Moors & Coast"}},{"type":"Feature","id":5559,"geometry":{"type":"Polygon","coordinates":[[[-0.632615824104546,54.3759520958693],[-0.63442278329431,54.3660306238585],[-0.63392663781472,54.3645057907173],[-0.627628881177745,54.3590844354507],[-0.629262120606826,54.3534516230671],[-0.62610719079696,54.3494046581902],[-0.620956089895653,54.3434493704005],[-0.61650841057458,54.3409200855732],[-0.614803056958013,54.3391712050947],[-0.613641536769073,54.3386773138762],[-0.612185856369531,54.3373705533571],[-0.61050911969742,54.3366215655038],[-0.60769732364647,54.3359678966192],[-0.607606296992078,54.3354758820483],[-0.604492614036856,54.334666194912],[-0.604317014541429,54.3342357922913],[-0.603530733665647,54.3337636458324],[-0.603019059486535,54.3338191343432],[-0.601972042417996,54.3329191744496],[-0.600879176730873,54.3328902331333],[-0.600573843523597,54.3323142725805],[-0.598154713481661,54.3318497189739],[-0.595909867314249,54.3309538077669],[-0.593226222306367,54.3306888919617],[-0.590100977812516,54.3293977859851],[-0.58713903445081,54.3263485612059],[-0.587287728152183,54.3253885904324],[-0.586367665786828,54.3253858144541],[-0.586267440624308,54.3248606793434],[-0.584869837996311,54.3238904357223],[-0.584611540517848,54.3223441479037],[-0.585854185294548,54.3208590189785],[-0.584816271332249,54.3207732575814],[-0.583164963039963,54.3194295787059],[-0.581917291974244,54.3196120595637],[-0.58124536189215,54.3192118476817],[-0.580047488328549,54.3193766190443],[-0.579816616558754,54.3189793315486],[-0.578420628734845,54.318981150201],[-0.577885617116471,54.3186268445124],[-0.57688746982127,54.3186633141726],[-0.576261943890742,54.3192057084486],[-0.575550439495292,54.3180361676837],[-0.574548196159357,54.3184408794902],[-0.574078147200226,54.3183218561012],[-0.573629578802901,54.3171632814887],[-0.573135302030677,54.3175638696811],[-0.572454580144265,54.3174934737959],[-0.572266530016306,54.31705504485],[-0.572786107939213,54.3166589741341],[-0.572412469225154,54.3163498092138],[-0.570648234973153,54.3163828650083],[-0.568733676636771,54.3158728630591],[-0.568359536401353,54.314364042166],[-0.567701850543742,54.313876518435],[-0.567782762729173,54.3127048094326],[-0.568396303773129,54.3123306703953],[-0.567455806531243,54.3120658803736],[-0.567296251796527,54.3113907379262],[-0.56830039733466,54.3120510387934],[-0.57028507041823,54.3122207574647],[-0.578983736439094,54.3109306005662],[-0.581108477591021,54.3094874534121],[-0.584090010328018,54.3062631776903],[-0.586547451904074,54.3053718266369],[-0.587786216105681,54.3042591724201],[-0.592556735061617,54.3032596309435],[-0.594670434092025,54.3033842483842],[-0.597773502340224,54.3027875243247],[-0.598798465895048,54.3022042406667],[-0.598771896783966,54.301303460202],[-0.600808053160072,54.2995474547718],[-0.604506566900703,54.2980864587998],[-0.605313178493533,54.2970807032584],[-0.604909581381922,54.2966328139306],[-0.605523824546192,54.2930452762574],[-0.609099273038027,54.2863349533347],[-0.60989683670835,54.286044739851],[-0.609766859293095,54.2827431698082],[-0.613341283092991,54.2786380159943],[-0.613064626121083,54.276985592054],[-0.610336159775203,54.2749607413281],[-0.613113800892355,54.2696568483753],[-0.610491932004386,54.264818349143],[-0.607554786489704,54.2609652631793],[-0.607826498038788,54.2556619670927],[-0.606935036047667,54.248606387678],[-0.604815678796309,54.2454611778441],[-0.601667894544611,54.2439556346391],[-0.600066596028325,54.2424466199051],[-0.598797686149991,54.2399545498421],[-0.597837651919715,54.2360865264951],[-0.598995232286235,54.2321093817498],[-0.600266412892401,54.2310545583355],[-0.602446856048615,54.2301316036047],[-0.602912694411806,54.2285764788212],[-0.603630179120559,54.2229800634691],[-0.605896209216053,54.2179917451874],[-0.607242336469601,54.2132233416599],[-0.607422394045306,54.2130133456456],[-0.611951062820303,54.2131989979178],[-0.614225967682489,54.2110213761851],[-0.614749248115268,54.2098606174295],[-0.61659301140953,54.2085596819944],[-0.618443984699728,54.2054726915084],[-0.618091280942866,54.2049040753258],[-0.617182957812516,54.2050798455765],[-0.616737685318961,54.2047722720052],[-0.615589256463064,54.2049717137816],[-0.614714257552268,54.2056913853502],[-0.612136506561113,54.2041463945188],[-0.611567321661949,54.2048895084538],[-0.610276560094253,54.20514624981],[-0.608945425989705,54.204878383934],[-0.608112749719288,54.2043491305275],[-0.607003942376986,54.2042643732328],[-0.604568623529485,54.2024585706769],[-0.603912079541714,54.2023939302102],[-0.6030991786751,54.202756157123],[-0.601972460380617,54.2022009824759],[-0.599904383604374,54.2020054098325],[-0.599576692332824,54.2011465468394],[-0.598087897984035,54.2006025839244],[-0.599069448838005,54.2002364932822],[-0.599031443022048,54.1997404963552],[-0.599599560094335,54.1982444704301],[-0.599355798921368,54.1970658645888],[-0.600917149081023,54.1965494812475],[-0.606876965772163,54.1960457974867],[-0.609973623183726,54.1953535018895],[-0.609746902162848,54.1942155619235],[-0.611829509951516,54.1934325944215],[-0.611618826549124,54.1925861228855],[-0.613730473959555,54.192191621383],[-0.615584144316866,54.1949301706418],[-0.62496403964964,54.1940398415913],[-0.628043150328087,54.1983636938193],[-0.630910081154004,54.2010668954754],[-0.631818106687046,54.2009317038771],[-0.632710930192288,54.2018372783333],[-0.635792896818386,54.2010379846185],[-0.63727352137167,54.1995996015853],[-0.636282594537604,54.1971524788297],[-0.638906319193887,54.1967990731102],[-0.64289551431077,54.1992618151372],[-0.645123640286334,54.1983981284449],[-0.645001335254036,54.1978305364059],[-0.645861752704597,54.1976919986177],[-0.646255147349905,54.1980755099214],[-0.647049769587409,54.1981375143247],[-0.648166268249536,54.1974843502747],[-0.650808398065565,54.1975306128272],[-0.650977923793073,54.1982129930998],[-0.652142384220685,54.1984771283966],[-0.652551364357042,54.1979123556039],[-0.653567996959375,54.1983352000457],[-0.657873187284529,54.1977894314774],[-0.657146042693384,54.1988966982804],[-0.658138009802417,54.1993349760631],[-0.659421429822555,54.1982931401932],[-0.661006168410861,54.1976551758678],[-0.661366637486063,54.1985526525528],[-0.66374939509483,54.198970069505],[-0.66531213826462,54.2000395564667],[-0.667001905520906,54.2004540071132],[-0.671556166396363,54.2003731079486],[-0.675357725941248,54.2011474724761],[-0.677967706668531,54.2004424708655],[-0.681331771694685,54.2008191843282],[-0.682037628329103,54.2004179636206],[-0.682877677897339,54.1999299696644],[-0.684806316236369,54.2001520902442],[-0.684608036484749,54.1994160422988],[-0.68630701846139,54.199392454973],[-0.68657301437097,54.1989799259362],[-0.687745183209895,54.1991025200372],[-0.688880121272729,54.1985994613273],[-0.690249053698954,54.1988924100076],[-0.690542247995402,54.198041730687],[-0.694366057210926,54.1986902077336],[-0.695317117384224,54.1973132380509],[-0.69675156141085,54.1974267645078],[-0.696401148939904,54.1969168665935],[-0.696759362613082,54.1963994610511],[-0.698634877763567,54.1967154623367],[-0.699868574932016,54.1955460055474],[-0.700840871407008,54.1953801009493],[-0.700168971226895,54.1949175662342],[-0.701059941168209,54.1944236179356],[-0.700982152527547,54.1936210907579],[-0.702888526787914,54.194017721528],[-0.704367516998839,54.1932271081579],[-0.705165342833291,54.1938395450342],[-0.705524035847822,54.1931986595149],[-0.706686655178029,54.1935754191231],[-0.707104054640132,54.1930639486616],[-0.707250745028415,54.1938134890685],[-0.708278839627948,54.1933756780798],[-0.708838888588985,54.1935103168406],[-0.709302409173157,54.1928074159485],[-0.71033313381378,54.1925747092668],[-0.709860115247011,54.1920753038814],[-0.710439298004086,54.1919789857628],[-0.710182088306166,54.1909331526536],[-0.711038961620805,54.1907296012814],[-0.711488017470401,54.1909317254907],[-0.720145367507352,54.1877733479376],[-0.721887900969833,54.1893003406996],[-0.728369088330637,54.1875990949171],[-0.727410596360713,54.1868250117265],[-0.727550923751273,54.1864470639663],[-0.729022945946683,54.1861704614177],[-0.730342112350179,54.1852857722518],[-0.734208726609815,54.1845094494917],[-0.735008932774688,54.1840061016673],[-0.736404792453147,54.1843041221011],[-0.738732628189342,54.1840984983279],[-0.742583357693457,54.1834916062927],[-0.743432535864665,54.1825682733111],[-0.745331551821992,54.1828568306183],[-0.74550919373476,54.1820983306732],[-0.746708279552744,54.1821259985013],[-0.747352100722183,54.1815619549852],[-0.745609901874827,54.1804471492523],[-0.74601303529476,54.1801756742288],[-0.748898520966779,54.1806955075362],[-0.749476872045156,54.1805548990555],[-0.749364100766328,54.1799751257216],[-0.747712765565393,54.1791937057266],[-0.747466381266931,54.1785836180893],[-0.74787524400644,54.1778707863034],[-0.748802307496927,54.1774220285804],[-0.749351872742126,54.1762134272015],[-0.748525070284788,54.1760083683879],[-0.748207013878321,54.1752519810058],[-0.746286973458957,54.1759243813392],[-0.745614678256134,54.1758642914282],[-0.74424756761759,54.1745740397721],[-0.742874611037331,54.1741751964847],[-0.743898567926116,54.173498293995],[-0.743840541557717,54.1731742464728],[-0.742636925596927,54.1729186098334],[-0.742178093942815,54.1721829868044],[-0.741148886255193,54.1727331427966],[-0.740393041375889,54.1725567260793],[-0.740507706538708,54.1718546124931],[-0.739748435558409,54.1714757904208],[-0.739789251353069,54.1706411259578],[-0.744728419981902,54.169535932522],[-0.745989058680379,54.1686620487311],[-0.747907899593556,54.16939487881],[-0.749646505972492,54.1684270608998],[-0.751087075620882,54.1684998696089],[-0.753182788928285,54.1691731468199],[-0.751987359935664,54.169729878377],[-0.753485307057381,54.1712725119068],[-0.754771119384056,54.1711939532192],[-0.756320254145444,54.1703165058146],[-0.75687003132944,54.1706763614728],[-0.75686901275546,54.1716759771427],[-0.762300114631952,54.1740782104603],[-0.763802594991162,54.1758556806271],[-0.76467609099529,54.1755038542282],[-0.767322436860187,54.1754726834114],[-0.767954840979797,54.1762970583004],[-0.769448653052325,54.1762714670319],[-0.77040155525894,54.1769700348666],[-0.770257534858607,54.1780005003905],[-0.77329854008966,54.1781744573887],[-0.774075970571568,54.1774821638211],[-0.775632936326672,54.1775816935144],[-0.776003979284754,54.1773531547967],[-0.774824496620911,54.1766171013361],[-0.774975897282028,54.1764200699185],[-0.775868281396648,54.1767316848773],[-0.776412639026275,54.1764876912725],[-0.776129483570342,54.1755627039526],[-0.777381290202605,54.1758996017545],[-0.777787621566122,54.1750113912355],[-0.779319701934511,54.1754330642537],[-0.779614341741465,54.1761424490211],[-0.780408667470603,54.1766296680792],[-0.779239245000424,54.1771093479931],[-0.781501777215024,54.178225422377],[-0.780779894298068,54.1789040074959],[-0.784134996489682,54.1790320009427],[-0.784702198025188,54.1800185336074],[-0.785982789399894,54.1799783697694],[-0.785279559580748,54.180497058985],[-0.785847815883553,54.1809266247334],[-0.785093324325219,54.1815985142893],[-0.786586160830852,54.1816623799737],[-0.787110370441482,54.1822386709826],[-0.786391154426958,54.1835633249999],[-0.785225110813962,54.1841002348312],[-0.786059351163667,54.1845270316994],[-0.784610428841573,54.1855019439408],[-0.784529855554844,54.1864209935246],[-0.783147332843747,54.1867463431217],[-0.782591853624052,54.1875937512248],[-0.781452575221806,54.1878358480775],[-0.781214387850826,54.1886729675181],[-0.779968662683092,54.1886772043182],[-0.779204975734052,54.1890101758518],[-0.778185148047796,54.1904457944131],[-0.778106395842303,54.1898714700591],[-0.777472923315067,54.1899898875117],[-0.777213931233611,54.1905755258054],[-0.778215804189668,54.191159173453],[-0.77755426099661,54.1916025000137],[-0.776470331016895,54.1915105807016],[-0.776183065254288,54.1917189974159],[-0.776892284273944,54.1923392310758],[-0.776966363311342,54.1930921678243],[-0.778041309678015,54.1932173816835],[-0.778915267949545,54.1940045441522],[-0.779974248121083,54.19378073807],[-0.779781226725977,54.1949991868988],[-0.780558753642912,54.1952390453547],[-0.781081897581679,54.1965897359793],[-0.781716414732621,54.1969053915933],[-0.780910723507486,54.1977204867612],[-0.782779300325838,54.1990758193375],[-0.784369696756118,54.1992583734135],[-0.783948656842046,54.1998130682113],[-0.785140149568278,54.2005918157017],[-0.786898920956314,54.2004733554645],[-0.789656869975625,54.2012836630036],[-0.790343806234735,54.2021305622701],[-0.791108069472846,54.2019941456169],[-0.790999124657244,54.2014482104519],[-0.792412109217064,54.2015705703967],[-0.794160272916871,54.2024204605422],[-0.794775907260197,54.2037208625487],[-0.793906131578283,54.2041437495641],[-0.79544717089952,54.2050381109569],[-0.794089419551688,54.2060252764823],[-0.794626920246679,54.2065713220612],[-0.795419281971902,54.2066404658892],[-0.795443692807949,54.2071690308582],[-0.796317495536719,54.2073300374449],[-0.795849103162178,54.2079912488168],[-0.796045310844438,54.2087776440418],[-0.797366106356652,54.2087158572782],[-0.798427987845975,54.2090449513379],[-0.800479502383103,54.2088839405937],[-0.802180520271704,54.2108214174369],[-0.804750243356649,54.2114724159699],[-0.805227335640172,54.2121602142186],[-0.806662251434826,54.2120693775018],[-0.807174319584832,54.2128086453849],[-0.807045057542935,54.2137361782308],[-0.807805773494978,54.2137791060436],[-0.807576054857918,54.2150505595658],[-0.808697391445506,54.2160522563905],[-0.809203819295785,54.2173450051534],[-0.809016038892344,54.2189376649497],[-0.810329701130834,54.2193918247741],[-0.811748678757253,54.2203973270375],[-0.815914874090234,54.2204905702991],[-0.816750897135695,54.2217758442455],[-0.817966870808521,54.2219956308139],[-0.818624956836721,54.2229533775143],[-0.818455628702076,54.2240501887176],[-0.820778910785935,54.2239333455761],[-0.821058339475569,54.2246293818467],[-0.823081366721488,54.2252070855789],[-0.823374836722745,54.225912124182],[-0.824412175213838,54.2264182568205],[-0.824677769910303,54.227920733675],[-0.824153898665905,54.2285927332388],[-0.826386383760949,54.2306392438734],[-0.826014563835573,54.2310895034527],[-0.824338008002066,54.2320702374109],[-0.824242056909242,54.2326977402151],[-0.823124059323001,54.2325951318432],[-0.821270819400905,54.2331260075584],[-0.819490552776275,54.2349298420655],[-0.820031431993919,54.2356176355151],[-0.819860820137694,54.2363717777811],[-0.818819761399049,54.2366406166342],[-0.817345383154169,54.2376854563517],[-0.816842268616776,54.2382276565339],[-0.816953473098152,54.2389162978194],[-0.814577945824143,54.2402952848672],[-0.81391566930018,54.2420692276483],[-0.813135460440402,54.2428210122694],[-0.810933857424914,54.2438059472946],[-0.80943680500446,54.2438512870522],[-0.807789343607693,54.2443068660785],[-0.807424040079533,54.2440530005429],[-0.806920487380513,54.2443198979531],[-0.806354585797767,54.244086801314],[-0.804350258963842,54.2443944312722],[-0.804985905290031,54.2456722250349],[-0.804562398464006,54.2465305570744],[-0.802130501877848,54.247023498275],[-0.799934205904121,54.2482562934972],[-0.799685419314271,54.2487744215329],[-0.79891358090255,54.2511640456807],[-0.795558220832362,54.2548802270045],[-0.790795314111405,54.2614148479617],[-0.790544998049069,54.2656112812117],[-0.789002467131111,54.2680171340917],[-0.787517488760357,54.2719893892821],[-0.787870107239324,54.2761177229633],[-0.790915902318359,54.287056820518],[-0.793727072928968,54.2943301562205],[-0.790059782521027,54.2949251223823],[-0.776610438593089,54.2980759240386],[-0.774014427254841,54.2972544398199],[-0.771703027795119,54.2917458869338],[-0.765522936712787,54.2917170752402],[-0.76542094345055,54.2907592216993],[-0.753308432909897,54.2888814286661],[-0.753436894104906,54.2885311065074],[-0.751763515715303,54.2882739372267],[-0.750135235266773,54.2895704139958],[-0.753447485598184,54.2866923979773],[-0.745575692447579,54.2867756564328],[-0.745486144079685,54.28422445534],[-0.74534724858089,54.2867704770918],[-0.743009741609312,54.2867922109149],[-0.743057463849931,54.2842141984526],[-0.742131173651688,54.2842258106026],[-0.742017242304226,54.2867995553301],[-0.739486747025631,54.2872582055348],[-0.738151047349162,54.2878916398893],[-0.735169277871121,54.2879890347509],[-0.731789139533851,54.2854047150298],[-0.728482001384281,54.2840126266337],[-0.730051070701995,54.2848557716564],[-0.731973093514959,54.2871205020419],[-0.732400667675159,54.2881540902261],[-0.730552928065892,54.2882356004899],[-0.730418248047741,54.2889589967732],[-0.731580924417036,54.2889936934854],[-0.732023140602859,54.2896799978019],[-0.731947680485205,54.2910259625491],[-0.732742025524556,54.2910966642143],[-0.732858393936992,54.291559909497],[-0.733946922313003,54.2916196442003],[-0.734213068202849,54.2918336479018],[-0.733761077601457,54.2924816440367],[-0.735972783071453,54.2932584049666],[-0.735347612147049,54.2940113224252],[-0.736488832168589,54.2941712886386],[-0.736280781080316,54.2950072209364],[-0.736699176968346,54.2957856748467],[-0.737457438055649,54.2958461353891],[-0.737486451007218,54.296561812413],[-0.738559599594647,54.2967359478747],[-0.73786371186269,54.2977128242394],[-0.738436577354572,54.2985456900193],[-0.740118239792135,54.2993794563393],[-0.74044493210548,54.2999409532695],[-0.739897573376545,54.3009283881167],[-0.740374394485675,54.3016692398743],[-0.741155673770354,54.3019082698616],[-0.741066975770145,54.3023120729211],[-0.741598285751609,54.3024330531405],[-0.743302373044417,54.306085237397],[-0.744091057483879,54.3064144718881],[-0.743946465197425,54.3066834448372],[-0.744897623343112,54.3073884891017],[-0.744690265575441,54.3085361993001],[-0.745945973291856,54.3085781845895],[-0.746097486628644,54.3088873109874],[-0.746890851846731,54.3087492208964],[-0.74713601290184,54.3095240375583],[-0.747567219190572,54.3095530602197],[-0.747505364122754,54.3101824063626],[-0.748565866745706,54.310184976245],[-0.748900748667465,54.3109583033377],[-0.749267835927272,54.3108438559361],[-0.749504210708289,54.3111749334796],[-0.750019198717076,54.3110148303197],[-0.749996841701171,54.3113721496888],[-0.751361872209732,54.3116932645948],[-0.751721651543263,54.3120427359421],[-0.751146805227373,54.3120067343779],[-0.751358495065165,54.3125507063027],[-0.752311622831335,54.3127861105863],[-0.751418760835106,54.3163834907878],[-0.752070927345813,54.3189306733733],[-0.748629493389278,54.3213074157652],[-0.747181719642806,54.3237471728417],[-0.746463193725944,54.3240222606451],[-0.746616625126774,54.3244431855002],[-0.741313402469194,54.3264709121195],[-0.739428805233216,54.3262501457365],[-0.738889700451665,54.3257750489469],[-0.736890811830587,54.3256891499938],[-0.736362163557596,54.325966146967],[-0.736095205785945,54.3268840389434],[-0.734836202915573,54.3278238301332],[-0.733388348907712,54.3284018389953],[-0.732789849066922,54.3291277806801],[-0.72975989514061,54.3303766909192],[-0.729190240149623,54.3311616261942],[-0.728206333429905,54.3316186185719],[-0.728117587223388,54.332516458024],[-0.726973326271162,54.3337132487071],[-0.726183974615162,54.3353682128156],[-0.726430071774094,54.3360990951594],[-0.726009416782891,54.3374222994285],[-0.725729123801278,54.3401314012614],[-0.723997345584513,54.341649466306],[-0.722029688223479,54.3416381999396],[-0.719494224093912,54.3422803653752],[-0.716869247468348,54.3421044781064],[-0.713623681825008,54.3425915111973],[-0.710371710238787,54.3439721138531],[-0.708820334428593,54.3442349994364],[-0.707155666506303,54.3438633025464],[-0.704069443674804,54.3449312102285],[-0.70422383283622,54.3471995997709],[-0.703413230023276,54.3513647359147],[-0.704377039586274,54.3523484777943],[-0.707712104488098,54.3531932046876],[-0.709380857981056,54.3539379345044],[-0.710569209776961,54.3551617273696],[-0.711192400362535,54.3571774189689],[-0.711389939611097,54.3590253666173],[-0.710246384786405,54.3608506159604],[-0.707906094899455,54.3625549010419],[-0.703248004302669,54.3648794418953],[-0.699939173432592,54.3657078183029],[-0.696259522890147,54.3653454509811],[-0.691729033061237,54.3656658186444],[-0.689651421366672,54.3673959279486],[-0.688164817482604,54.3692878125685],[-0.687618903772098,54.3708454663577],[-0.688123058592211,54.3728520491581],[-0.687232576018739,54.3731092150685],[-0.684186577958992,54.3734796674267],[-0.681331881570146,54.3729677058855],[-0.68026194868231,54.3731632996094],[-0.677843216667366,54.3746111393364],[-0.674836597707582,54.3751882455617],[-0.672970865765637,54.3746961869644],[-0.671552497626657,54.3748036155575],[-0.669525260570418,54.37436843581],[-0.668180545098704,54.3737744374062],[-0.668447956827716,54.3733611690376],[-0.667391141655717,54.373472191606],[-0.667002486433285,54.3730286884957],[-0.666265308008359,54.3730638111793],[-0.666280317264463,54.3726451993705],[-0.665064536769765,54.3726337404631],[-0.665237176502486,54.3723158619318],[-0.664237247087757,54.3721905668562],[-0.664556606057726,54.3718220921833],[-0.66365987805637,54.3718212366116],[-0.663459947227594,54.3711877756649],[-0.662600841822981,54.3710378342144],[-0.662746578525517,54.3704462522724],[-0.661929641539962,54.3698424750225],[-0.662404550417304,54.369479449538],[-0.661902968890541,54.3693062096981],[-0.661158548448473,54.3676833653725],[-0.661319785671291,54.3665106431609],[-0.632615824104546,54.3759520958693]]]},"properties":{"FID":5559,"MSOA21CD":"E02005789","MSOA21NM":"Ryedale 002","MSOA21NMW":" ","BNG_E":484955,"BNG_N":488010,"LAT":54.28069,"LONG":-0.69668,"GlobalID":"78dcb25c-7824-43d0-b125-b4bcd0a5a86b","GROUP":"The Vale, Moors & Coast"}},{"type":"Feature","id":5560,"geometry":{"type":"Polygon","coordinates":[[[-1.16603361886349,54.3778728960796],[-1.16289761352627,54.3720569009418],[-1.15931776982482,54.3597181541385],[-1.15754781213596,54.349268631395],[-1.15304191668024,54.349250560509],[-1.14942968381019,54.3487238455323],[-1.1455611264732,54.3489211713326],[-1.14283957686662,54.3472783417993],[-1.14167907474629,54.3469308100759],[-1.14066574187711,54.3458892143329],[-1.13701630674738,54.3460589570198],[-1.13664146658396,54.3452488180792],[-1.13330284100128,54.3445851144262],[-1.13293771049321,54.343591636967],[-1.13084650574898,54.3438470445503],[-1.13056273261573,54.3433732103156],[-1.12786754261877,54.343894691606],[-1.12712580287284,54.3437573266515],[-1.12496088714974,54.344292415687],[-1.12415104597502,54.3448280345036],[-1.1217944829555,54.3452381186961],[-1.12115940595925,54.3445211960444],[-1.12162402364584,54.343941061919],[-1.12088119739835,54.3438122874629],[-1.12092734230591,54.3431363324667],[-1.12163024245515,54.3426345048409],[-1.12107496772103,54.3419859534269],[-1.11874033385001,54.3409679170245],[-1.11906029175451,54.3389730936812],[-1.11858419279893,54.3387286725503],[-1.11956322662083,54.337862325968],[-1.11919333785103,54.3373122341251],[-1.1204259316758,54.3366471642143],[-1.12068601197966,54.337076965538],[-1.12106222735029,54.3370329249731],[-1.12082679919153,54.3347514981907],[-1.12145184573672,54.3339044922833],[-1.1207947490101,54.3331885827964],[-1.12260647037305,54.331610992013],[-1.12223209636263,54.3311827722098],[-1.11941358150478,54.3301699891141],[-1.11782379482709,54.3290301882724],[-1.11666598385306,54.3286574559258],[-1.11512391021577,54.3302950656574],[-1.11349707840437,54.3297882692505],[-1.10298153628869,54.3285166794751],[-1.09924023351373,54.3291699232544],[-1.08530953547773,54.3470894562537],[-1.07884070317197,54.3577559581144],[-1.07827815485897,54.3585471498103],[-1.07859360323651,54.359217166059],[-1.078029053839,54.359710822944],[-1.07816273950395,54.3602471496434],[-1.07048951731781,54.3610362614597],[-1.06621137548327,54.3626677882017],[-1.0617083228945,54.3519253654398],[-1.05553508034116,54.3434785137962],[-1.05332422923418,54.3380594839044],[-1.04228680275613,54.3229078991609],[-1.03134017565101,54.3241428593399],[-1.02834920074729,54.3241626518704],[-1.02605588329864,54.3254304445482],[-1.02448410950015,54.32591464931],[-1.02295223609911,54.3239070709439],[-1.02136203274114,54.3234745935727],[-1.02086383992061,54.3230265237807],[-1.0208505956685,54.3225032315489],[-1.0217043534253,54.3219449659445],[-1.0209587973554,54.3211101680038],[-1.02148803550281,54.3206934494723],[-1.0212781275367,54.3202697083037],[-1.02042853049255,54.3200907255618],[-1.01949427698047,54.3190724595485],[-1.0150886970079,54.3175062194905],[-1.0144006356254,54.3167470624945],[-1.01176983155615,54.3162113164611],[-1.01152118874346,54.3155613402298],[-1.00948525016468,54.3139021991107],[-1.01003180155648,54.3128453173107],[-1.00937890639759,54.3117479864633],[-1.00957207849162,54.3108039200634],[-1.00819569932728,54.309753733759],[-1.00503170729115,54.3084444516511],[-1.00406655006216,54.3069207916763],[-1.0042253456323,54.3061313923537],[-1.00291458672971,54.3054987654507],[-1.00235657574501,54.3046015723413],[-1.00116994575838,54.3044193163498],[-0.998818829448628,54.3033803146622],[-0.997864681188426,54.3020506779812],[-0.998236612087897,54.3009123539835],[-0.996773868421717,54.3000823424653],[-0.996930666090082,54.2993800961008],[-0.996379258508915,54.2984764755276],[-0.995485595634611,54.2979529970865],[-0.996937704972133,54.2978253188081],[-0.996287088245999,54.2967762372002],[-0.995279876586829,54.29635414417],[-0.99503962277144,54.2968039901386],[-0.994123067131826,54.2968511783598],[-0.994182020335276,54.2962051362234],[-0.993248598538605,54.2959285733748],[-0.993050571333895,54.2942822090794],[-0.991079077544633,54.2942252998767],[-0.990806024079708,54.2937081947594],[-0.987453372189056,54.2930768260723],[-0.98502900611608,54.2930617995396],[-0.9850169734834,54.2926376047657],[-0.98586568268047,54.2923498326245],[-0.985819879315879,54.2921034146554],[-0.98496283767817,54.2918319314909],[-0.984168802859763,54.2920819426288],[-0.983371049935101,54.2910411035351],[-0.982589951957529,54.2910592364944],[-0.982457225950794,54.2915751782968],[-0.981734033472758,54.2917561355685],[-0.980075957569563,54.2910860447388],[-0.980045664031553,54.2904749247769],[-0.979151601068396,54.2905742759609],[-0.979638230074195,54.2890795285896],[-0.981314580184237,54.2895057991086],[-0.981604206046277,54.2891545550429],[-0.980447985051342,54.2875868671881],[-0.979836866775355,54.2874334663682],[-0.978846451749919,54.2877755262439],[-0.978737442853069,54.2872535516769],[-0.980653245167222,54.2862528211231],[-0.981278227910191,54.2862538840893],[-0.981746736657634,54.2868004604752],[-0.982359371790083,54.2866402043493],[-0.981719889540894,54.2854012670526],[-0.982650915033837,54.28486226102],[-0.983854088301533,54.2848824206929],[-0.983745121139983,54.2857489158327],[-0.985950565783363,54.2849600041425],[-0.98645196778486,54.2843976837536],[-0.986614627821909,54.2850661351158],[-0.987059601270663,54.2850900840921],[-0.987853182982207,54.2844791296771],[-0.986801465158182,54.2839136075036],[-0.988328230023155,54.2838980886992],[-0.988713188007366,54.2836065248692],[-0.988424923082526,54.2829678449347],[-0.987865381347593,54.2828136810637],[-0.990021575388135,54.2821590844098],[-0.990584449414267,54.2815156221602],[-0.989697283076399,54.2801086662659],[-0.987094556836676,54.2793383529713],[-0.987249197184947,54.2785111024751],[-0.983824293543546,54.2763466875579],[-0.982727340780512,54.2745643283298],[-0.980477601140942,54.2734525211443],[-0.977666028970762,54.273233530651],[-0.974908140593241,54.2736575377712],[-0.974102299701304,54.273216771297],[-0.97199701976699,54.2729557394648],[-0.97190613322777,54.2702321874109],[-0.973106448079267,54.2691037989698],[-0.971343461665823,54.2677555350292],[-0.967875526768548,54.266724651673],[-0.967617331884294,54.2665763772637],[-0.969673900767038,54.2670899711018],[-0.970440215451082,54.2665413719839],[-0.969490503333845,54.2652240740011],[-0.972083928406412,54.2641538505705],[-0.969109912607641,54.2627469936536],[-0.968096050654407,54.2619080944617],[-0.97027582401718,54.260913384322],[-0.968582983104001,54.2594429536436],[-0.972757154668326,54.258437971455],[-0.973717750590449,54.2595128590318],[-0.976888697496944,54.2589157143171],[-0.978988204691292,54.2591208271041],[-0.980681293071951,54.2608096374953],[-0.986347108171869,54.2643335794195],[-0.989593846528615,54.2705192246531],[-0.991061494862104,54.2721807238194],[-1.00257826785686,54.2807352935317],[-1.00359610843777,54.2803314898104],[-1.0025229575624,54.2768951375546],[-0.997991692504134,54.2722328820456],[-0.996329731696591,54.2677073207929],[-0.996577908007836,54.2667738478819],[-0.995391110514145,54.2629723488247],[-0.992687205207778,54.2614918539972],[-0.986881400574449,54.2555120051177],[-0.984002634303966,54.2542117132746],[-0.981942469393305,54.253242161091],[-0.982118833251711,54.253046393581],[-0.979496391605188,54.2513615360536],[-0.979617005744214,54.2493897740169],[-0.979154267761966,54.2478520565174],[-0.97958807639652,54.2432186769289],[-0.980724626958315,54.241003003646],[-0.986203353979197,54.2429887932703],[-0.983261225265944,54.2363874523586],[-0.98351515103831,54.2362300384662],[-0.980740279689133,54.229165527012],[-0.976116784374953,54.2277439638644],[-0.974567625103291,54.2269255638868],[-0.972719712737611,54.2265396219897],[-0.967965857852335,54.2258688312257],[-0.967520651661736,54.2251955018465],[-0.965709960683888,54.2249712432804],[-0.962714903229357,54.2251488742864],[-0.961052834516637,54.2243930866486],[-0.960150595663092,54.2233115704368],[-0.958894433043148,54.2228681937109],[-0.957219389531386,54.2227666528703],[-0.955003704368371,54.2231337710001],[-0.954314231147823,54.2242278466312],[-0.956971985831715,54.2279394698294],[-0.956866336594413,54.2289350670316],[-0.952993789586539,54.2306417543299],[-0.954938507115415,54.2339144158426],[-0.954000581831107,54.2361374892935],[-0.954233300434984,54.2364512534054],[-0.952314101516699,54.2369381917285],[-0.951388839012623,54.2367627578043],[-0.950396478722122,54.2352913470556],[-0.952565677485487,54.2348200737879],[-0.950329972006889,54.2321619650847],[-0.948243571266665,54.2304827595535],[-0.94558392853582,54.229614699139],[-0.945206072930016,54.2284907369722],[-0.942493631846732,54.2268826276456],[-0.938968354147126,54.2282669591375],[-0.939741652573543,54.2285242905233],[-0.940555502700238,54.2297543264126],[-0.941434184103092,54.2301067363294],[-0.941340536194821,54.2304114247327],[-0.935062213050693,54.2326471884475],[-0.926569041263427,54.2338898599101],[-0.926943505208297,54.234631784405],[-0.92806860152474,54.2340409751329],[-0.928440134147178,54.2341355547323],[-0.927667931581971,54.2349238228381],[-0.928102687211295,54.2355576682687],[-0.927353962891515,54.235993655402],[-0.929029833376548,54.2364514759654],[-0.929021549823831,54.2378085308799],[-0.930303584315388,54.2376643121699],[-0.930777371937904,54.2379221266986],[-0.930754800837981,54.2386094830566],[-0.929658732971767,54.2389412934624],[-0.929316152680362,54.2396162644058],[-0.929465753632112,54.2398571673395],[-0.930180669978047,54.2396918997588],[-0.930396708739706,54.2404232273928],[-0.930251507499609,54.2406235959051],[-0.929224369208693,54.2405335662257],[-0.929589947519265,54.2410988363721],[-0.928412281435527,54.2421503508305],[-0.927794225576845,54.2421313679664],[-0.927885369597957,54.2431848517747],[-0.926961361802323,54.243144899915],[-0.927467404337204,54.2438622347871],[-0.926432293251922,54.2446475753619],[-0.926690681592763,54.245224236775],[-0.926037603795409,54.2457937964578],[-0.927022465993483,54.2468768542942],[-0.925825645528298,54.2472015514572],[-0.925794487754634,54.2469932784086],[-0.924982954917146,54.2471062572693],[-0.925033107634768,54.2474282895952],[-0.925870673427907,54.2474761956165],[-0.926442911956714,54.2479722379837],[-0.926960700337183,54.2474797323855],[-0.927308539343864,54.2475491009756],[-0.927417375605732,54.2483089549017],[-0.925755329679305,54.2490373299923],[-0.925913960180523,54.2497877511578],[-0.925015321178665,54.2496637962463],[-0.924615655781076,54.2498908282694],[-0.924674874006726,54.2503247199391],[-0.925696795347796,54.2502018259439],[-0.925964802707435,54.2504277788345],[-0.923773153559075,54.2509528362648],[-0.922466380837269,54.2529225844834],[-0.921241726309837,54.2534515172096],[-0.921312220463838,54.2538574335622],[-0.920196968384452,54.2541153924265],[-0.920344734254867,54.2544085328833],[-0.920990384281523,54.2543944792581],[-0.920918666336946,54.2547678422654],[-0.920256805018316,54.2550205818316],[-0.92000119344468,54.2545961648141],[-0.919455526203336,54.2547513645486],[-0.920398217884922,54.2554291017418],[-0.920149660201917,54.2556524200517],[-0.919119204615039,54.255472129952],[-0.919804321027241,54.2562936563328],[-0.919021344864087,54.2565357866757],[-0.919234882925364,54.2569384292436],[-0.918818416399153,54.257308733001],[-0.920085304961987,54.2583388324215],[-0.919747833062591,54.2585167278313],[-0.914918956447713,54.2575501764426],[-0.914905166393465,54.2569158527849],[-0.909000169746861,54.2577638550265],[-0.907160836819983,54.2584218492421],[-0.906110086227892,54.2573945168058],[-0.903461066354326,54.2588291685629],[-0.90174650123222,54.2590607828692],[-0.900311901835554,54.259880754246],[-0.898124688487582,54.2617751509012],[-0.895895736667958,54.2645417669764],[-0.895004232901415,54.2648661358206],[-0.892428158151057,54.2629523764856],[-0.891416828553686,54.2626627187135],[-0.890658484408096,54.2626533654506],[-0.890245586807592,54.2633979196237],[-0.88440022623879,54.2628906950917],[-0.881417867672468,54.2622550375828],[-0.880550849280337,54.2634807946952],[-0.877911161320594,54.2654057339328],[-0.873421615702071,54.2673962111663],[-0.869024458131701,54.2686988126497],[-0.869392359542509,54.2700503041358],[-0.86769770717247,54.2696846837125],[-0.866840603303566,54.2698005479819],[-0.865480292410017,54.2708819954561],[-0.864543670779426,54.2710886164878],[-0.862703004609375,54.2702292640687],[-0.863324546001648,54.2712021174307],[-0.861321844717794,54.2712441847378],[-0.860152382170688,54.2716808137202],[-0.857990322381856,54.2739629029752],[-0.857084821427361,54.2743786869656],[-0.847982148258984,54.2696121077685],[-0.843650605858421,54.2638354481646],[-0.842000543661241,54.2615988096738],[-0.841015629129472,54.2585864607051],[-0.841151182529991,54.2561076207429],[-0.839738560771182,54.2535387419109],[-0.839702556827279,54.2521711569019],[-0.840775065287625,54.2499794750071],[-0.840255333075638,54.2473558002648],[-0.839931781139199,54.2461159459463],[-0.841206484444161,54.2431364301328],[-0.842033553040672,54.2431726405598],[-0.845153968030146,54.242665545069],[-0.847371002505416,54.2459360370357],[-0.848288217336997,54.2465732661583],[-0.849895413221166,54.2468826435971],[-0.85359293447355,54.2459176829623],[-0.858264500061034,54.246040640531],[-0.858932621077384,54.2460037151087],[-0.858966324615673,54.2457726019907],[-0.864078565036859,54.2456354905167],[-0.866917448221846,54.2452055063544],[-0.87303063804414,54.2449280058292],[-0.873831085720709,54.2444077378917],[-0.87468827481472,54.2453524129144],[-0.874815252574507,54.2464503768582],[-0.875599163520122,54.2461933795655],[-0.877601860188293,54.2465311043761],[-0.88375952815525,54.2486910793528],[-0.887480478136291,54.2492394532485],[-0.887565481399354,54.2497884731212],[-0.894623574263485,54.248130603466],[-0.891523051216683,54.2440893809167],[-0.894383011560264,54.2419709626246],[-0.893639627377421,54.2413305350639],[-0.895995210061174,54.240102841271],[-0.896005034930459,54.2387995173852],[-0.898025564417309,54.2363878928685],[-0.900130050753485,54.2356628202912],[-0.902183115560827,54.2358281150713],[-0.903001473327563,54.2349960793283],[-0.903532190035009,54.2334407036115],[-0.904644458489687,54.2323911066337],[-0.905209339781635,54.2299588794042],[-0.903967943851718,54.2282848724326],[-0.897887692562453,54.2295919554052],[-0.895260493361096,54.2293272189475],[-0.891131250949301,54.2296771959085],[-0.890237975284967,54.2286463517706],[-0.889967309887237,54.2272448109097],[-0.890381873583411,54.2256918505241],[-0.889142864469791,54.2234203182784],[-0.887818016563018,54.222991153713],[-0.886523530018048,54.2218291965543],[-0.876486301660313,54.2152654995429],[-0.873566529595179,54.2158395943531],[-0.869217853700349,54.2150877517808],[-0.870161807423377,54.2163562377735],[-0.869986569033367,54.2166882005996],[-0.869126203541018,54.2168805241337],[-0.868898991096103,54.2173732753938],[-0.865995540032668,54.2178459076575],[-0.865270587083827,54.217320366084],[-0.861025835311673,54.2176005334222],[-0.861339390135656,54.2187455007432],[-0.857697174499313,54.2187902513066],[-0.853136250838843,54.2180181079573],[-0.852009749152764,54.2182688767359],[-0.850440624391499,54.2179935701526],[-0.844262307685456,54.2180690312839],[-0.841071634101454,54.2177707491029],[-0.83474878609769,54.2177185048637],[-0.834044682929204,54.2176706865864],[-0.835148253645805,54.2148465713602],[-0.834821982341531,54.2147751657831],[-0.834816061288398,54.2118847162447],[-0.827350116769951,54.211775706017],[-0.827775124326493,54.2096394581894],[-0.826333404655533,54.2093324753905],[-0.826471351372225,54.2085221260308],[-0.827579363808482,54.2088699383452],[-0.832481139084407,54.2093621241074],[-0.833618488817313,54.2072809991481],[-0.829233387268634,54.2064986792733],[-0.831352586385887,54.20376470354],[-0.832473383301037,54.2029781187633],[-0.82671898747949,54.1993426243326],[-0.828560323482918,54.1977185188538],[-0.83547852157929,54.2009599576428],[-0.83570395194,54.1991241279645],[-0.836280321077464,54.1987883676952],[-0.83468585703201,54.1983655206988],[-0.837683292625883,54.1946357951852],[-0.831584442380924,54.1933973213938],[-0.831315914714221,54.193654109828],[-0.829489332628824,54.1933244301325],[-0.831388647477803,54.191296055261],[-0.833482455174924,54.1917280853493],[-0.832969524800486,54.1921517280426],[-0.836416445604464,54.1928071757473],[-0.852575759270278,54.1941321525832],[-0.853293834032279,54.1937857597899],[-0.857255973584674,54.1947745703257],[-0.861854808715422,54.1954866424588],[-0.864435763862665,54.1942772278509],[-0.864287728788754,54.1940191715522],[-0.861147950774332,54.1932005936849],[-0.862088027889143,54.1923345532101],[-0.861635219565145,54.1909809728622],[-0.863794339252776,54.1904294340008],[-0.86316352323842,54.1886770913532],[-0.864019483825759,54.1878512353438],[-0.864097898962734,54.1870717351416],[-0.866937149931629,54.1874264907824],[-0.866729287990577,54.1883730380866],[-0.867822721043479,54.1897913256247],[-0.869806117031703,54.1911392957891],[-0.870164092485556,54.1918175867908],[-0.872128968308147,54.1925145672815],[-0.875128017136936,54.1918533236744],[-0.876636776150282,54.1922232557766],[-0.876544486324389,54.1911045385019],[-0.878591798885804,54.1909525497754],[-0.880174856409059,54.1894232991996],[-0.880160680039708,54.1888667639968],[-0.88087960179058,54.1886347033161],[-0.88471056247669,54.1891659373893],[-0.885672402354365,54.1895526000291],[-0.887717865580237,54.188839973119],[-0.88886721117923,54.1894865881427],[-0.89161780261323,54.1899674818185],[-0.892441560667938,54.1905755126978],[-0.894027149215205,54.1901362159414],[-0.894729205516891,54.1908392127708],[-0.894235550564656,54.1918231264912],[-0.89525417738924,54.1917001174269],[-0.895964468716475,54.1920956259953],[-0.896953195454014,54.1920900697077],[-0.898281421675546,54.191619404064],[-0.899687742305498,54.1916519019273],[-0.900165718829008,54.1908403364122],[-0.89970682531893,54.189616560718],[-0.902233879242463,54.1874376151683],[-0.903439813037176,54.1870376816243],[-0.907070219868209,54.1848265018121],[-0.909178038245644,54.1841436740542],[-0.911742928165748,54.1825538192195],[-0.91262227566098,54.1825009321103],[-0.916347767870512,54.1833625056131],[-0.917108338805143,54.1831085295538],[-0.922855501151307,54.1835355407291],[-0.925438067101776,54.183388094994],[-0.934584290378726,54.1807206669265],[-0.934982959685689,54.1799298624711],[-0.937835835900014,54.1792323826855],[-0.939085305748632,54.1794284799363],[-0.944261658412248,54.1824227682584],[-0.948732644473523,54.1839538102835],[-0.950021200324373,54.1840711842919],[-0.952804936886883,54.1843886415943],[-0.954200422734467,54.1850888900016],[-0.950867713736524,54.1865312097505],[-0.949971094161765,54.1881088185529],[-0.946900983143808,54.1893301004984],[-0.947158242614703,54.1903045671996],[-0.945607346451699,54.1920837053453],[-0.953109427200463,54.1912189248245],[-0.955024228030797,54.1887504103945],[-0.960376071995928,54.1873434720292],[-0.96983812913568,54.1880577686684],[-0.976001093804015,54.1875384272784],[-0.985442251348331,54.1859288328663],[-0.986957668801649,54.1861353783221],[-0.989513105909642,54.1881537878695],[-0.992358518497157,54.1891294542089],[-0.993010617325724,54.189847178271],[-0.994036087056963,54.1899613435806],[-0.994798795151681,54.1892396998833],[-0.99632306760425,54.1891265697071],[-0.997126925170814,54.1885229392733],[-0.997364591817605,54.1877630100692],[-0.996579363194394,54.1853240979936],[-0.994856327554712,54.185357487841],[-1.00200641184342,54.1789780303049],[-1.00280970411994,54.1777488647516],[-1.00411718299533,54.176974657886],[-1.00746597057529,54.176413625621],[-1.01261005788817,54.1738628562331],[-1.01678852416827,54.1731689589444],[-1.01739026171333,54.173622740007],[-1.01809463729801,54.1735737084386],[-1.02048994777395,54.1728728012274],[-1.02254575261647,54.173296721918],[-1.0234835193634,54.1731573904926],[-1.02413529929832,54.1680396873459],[-1.02274310387813,54.1654876918144],[-1.02236338682544,54.1636050512723],[-1.02154812534144,54.1631787893035],[-1.01914847759209,54.162896699814],[-1.01763983554497,54.1628343697056],[-1.01549011890236,54.1632120569976],[-1.01272030898236,54.1630731264059],[-1.01080140653037,54.1626380605251],[-1.00988003190448,54.1601122341692],[-1.00224488658272,54.1623953626733],[-1.00187246435449,54.161291620391],[-1.00004358285991,54.1594044353292],[-0.9971116803028,54.1584081942272],[-0.994431283382715,54.1565613984428],[-0.994199171350414,54.155495532972],[-0.992928713100038,54.1540937756612],[-0.994011322382901,54.1512607187031],[-0.992956702348635,54.1484036609375],[-0.994871684949373,54.1479775224767],[-0.996865529051931,54.144801781606],[-1.00281828494238,54.1419950247924],[-1.00055191282903,54.1366408854968],[-1.00577967479805,54.1369276523127],[-1.00941187690928,54.1364109943214],[-1.01306286611357,54.1346164342427],[-1.01372798137045,54.1351271650347],[-1.0178869865641,54.1357650087322],[-1.01842987421862,54.1363377660281],[-1.02304024947297,54.137246905724],[-1.02931700016809,54.1404694813191],[-1.03379216657705,54.1409962521398],[-1.03371043780757,54.1425465617036],[-1.03421245794715,54.1433711331586],[-1.04074763488894,54.1436183659739],[-1.04434412222273,54.1451208327145],[-1.04634019131061,54.1474879917251],[-1.04738577790252,54.1469174594655],[-1.05075046743593,54.1471237148937],[-1.05237084245888,54.1473432335955],[-1.05312364476632,54.1477735336717],[-1.05394705571867,54.1491790041265],[-1.05633376290846,54.1499296503521],[-1.05711497868732,54.1514097523549],[-1.06039034723076,54.152934862878],[-1.06317952187908,54.1536023075517],[-1.06541818108917,54.1533801024826],[-1.06768377954056,54.1535612576666],[-1.06917264237057,54.1546328980207],[-1.07505768786394,54.1557595345177],[-1.07854183331227,54.1578705063473],[-1.08264164465857,54.1606422108983],[-1.08870842571593,54.1629197044796],[-1.08889145776515,54.163564552835],[-1.08212165897043,54.1711277209399],[-1.08060657330687,54.1721011436985],[-1.08087232250095,54.1725065190163],[-1.08189970301691,54.1724723213949],[-1.08235903836832,54.1734893674897],[-1.08367500259014,54.1740341346559],[-1.08746256356159,54.1744361289943],[-1.08880725630457,54.1755079642235],[-1.09261877403044,54.1762716684993],[-1.09436309143817,54.1763028117613],[-1.09750243487721,54.177574499944],[-1.09816423365888,54.1784711894504],[-1.09769363242247,54.1831538417392],[-1.09915566378038,54.1853071712186],[-1.10001429211751,54.1847105887848],[-1.10125357296274,54.1847322512174],[-1.10149556427366,54.1841950169043],[-1.10262773569583,54.1835465105607],[-1.10489550399525,54.1833977411204],[-1.10552332596233,54.1829071939458],[-1.10727064802811,54.1830550534573],[-1.10973555127643,54.1825943100164],[-1.11196347557161,54.1837164926058],[-1.11285277110215,54.1837443651055],[-1.11764995514325,54.1829464935516],[-1.11937074796979,54.1822777071416],[-1.11965344166745,54.1815256617291],[-1.12031240515371,54.1813821756691],[-1.12014083987869,54.1810408351814],[-1.12195426758984,54.1809335289096],[-1.12266967980184,54.1812024571781],[-1.12451499981301,54.180411481801],[-1.12610484964491,54.1805407317671],[-1.12648644004308,54.1812875591156],[-1.12596463632603,54.1823958866479],[-1.12897747332249,54.1832150498348],[-1.13132460140632,54.1851856523664],[-1.13318412527381,54.1860597759715],[-1.13456178474215,54.1859422533339],[-1.13571383470467,54.187416316901],[-1.13580364217382,54.1879759483955],[-1.13498426138259,54.1890558031664],[-1.13572154001974,54.189710994214],[-1.1376700358503,54.1899737873607],[-1.13949758273195,54.1911040867848],[-1.14284345525126,54.1914028837676],[-1.14455716336625,54.1937652847411],[-1.14642334880328,54.1949671036302],[-1.1507119058157,54.1960989017994],[-1.15561722553417,54.1964995791557],[-1.16073763982535,54.1983923532843],[-1.16260687178622,54.1994768228349],[-1.16419599706287,54.1995858608366],[-1.16516504644741,54.2010134380683],[-1.16720199088628,54.2016305226856],[-1.1687144003944,54.2024746767965],[-1.17435378622838,54.2032673522476],[-1.17548613933463,54.2025033149502],[-1.18166563932505,54.2013332297692],[-1.18225134811629,54.2016354503795],[-1.18446743140293,54.2011982640396],[-1.18683230070477,54.2015262453235],[-1.18832405598907,54.2001081554655],[-1.1889401722346,54.2000552737534],[-1.18952379986913,54.2004147043505],[-1.18967142648639,54.2012911922529],[-1.1907176680422,54.2025904419957],[-1.19012721132365,54.203720890017],[-1.18758768132456,54.2053636617207],[-1.18782258705226,54.2062359036878],[-1.18921539108197,54.2078242605455],[-1.1886255187506,54.2085123292946],[-1.19018477171368,54.2098515374564],[-1.19215614514128,54.2096959598487],[-1.19606786689081,54.2108406252657],[-1.19704463669569,54.2106442065296],[-1.1996613051159,54.212324718627],[-1.19940753553219,54.2126199981677],[-1.19989874918535,54.2129145035423],[-1.19952433401651,54.2145098164704],[-1.20020076152426,54.2163308880495],[-1.19621577924454,54.2173062200803],[-1.19371399088407,54.2185708140582],[-1.193103594923,54.2200864466142],[-1.19204708126846,54.2211036662436],[-1.1933762880946,54.2219312601759],[-1.1966738996844,54.2263444618443],[-1.19642178025621,54.2289996368369],[-1.1973263074501,54.230495654031],[-1.19835818840662,54.2341685350255],[-1.19729657988847,54.2404248704618],[-1.19701802270217,54.241095097167],[-1.20351372524967,54.2388379303926],[-1.20838505254811,54.2363761847319],[-1.2150642514421,54.2415173522669],[-1.21213351950165,54.2454522353448],[-1.21401361922772,54.2492392673347],[-1.20545611106831,54.2513185652109],[-1.21084912613951,54.2654233148601],[-1.21893721778787,54.2831197776306],[-1.21974751784698,54.2865736730597],[-1.22787992900861,54.2963593767599],[-1.23168004769978,54.2994750384697],[-1.2362240578995,54.3014732201653],[-1.24096517408765,54.3046412878679],[-1.24713458393106,54.3082103879019],[-1.24994102724522,54.3117750585342],[-1.24950507512604,54.31535746012],[-1.24672229352383,54.323306566236],[-1.24659314354035,54.3315381526248],[-1.24910756283893,54.3323503120182],[-1.25850218635724,54.3366576723996],[-1.26061441065009,54.3382726087643],[-1.26372407442119,54.3425058072666],[-1.2656390001239,54.3437112936752],[-1.26599438797465,54.3458808624747],[-1.26551843539662,54.3476510441971],[-1.2637256234088,54.3490006215698],[-1.26468795973224,54.3522879888055],[-1.26478946079652,54.3540915940324],[-1.25457327648524,54.3538699476926],[-1.25086848609539,54.3612704498108],[-1.23848133609683,54.3759498129098],[-1.22923008565076,54.3775435199738],[-1.22717123489238,54.3775033964849],[-1.2250395347815,54.3780379630315],[-1.2222604679175,54.3769775558964],[-1.20874198728428,54.3737828889833],[-1.19016455735194,54.3772557899797],[-1.18090223486631,54.3767338339071],[-1.1753756016863,54.3800234276286],[-1.17219318646638,54.3818708148925],[-1.16603361886349,54.3778728960796]]]},"properties":{"FID":5560,"MSOA21CD":"E02005790","MSOA21NM":"Ryedale 003","MSOA21NMW":" ","BNG_E":462231,"BNG_N":482729,"LAT":54.2365,"LONG":-1.04673,"GlobalID":"e7b6d958-d862-4b1a-8b2c-545e54f758ff","GROUP":"The Vale, Moors & Coast"}},{"type":"Feature","id":5561,"geometry":{"type":"Polygon","coordinates":[[[-0.437497120007637,54.2150230337572],[-0.43408105504444,54.2047947486104],[-0.431380041683372,54.2008760883782],[-0.428970403813006,54.199681087149],[-0.426726127707949,54.193117451271],[-0.423965527692286,54.1887030119394],[-0.42316441957929,54.1840743933722],[-0.421655602364419,54.1798179827712],[-0.418660818401483,54.1755510706287],[-0.418250206743457,54.1740634363771],[-0.418109730020976,54.171220225225],[-0.422537846154957,54.1712649797938],[-0.422644983817685,54.170100750429],[-0.424556668164742,54.1695751907062],[-0.422927436172336,54.1663148474057],[-0.433168835640414,54.1640725805571],[-0.433113623518934,54.1606230718043],[-0.430931875312272,54.1581505124292],[-0.431560600403766,54.1580627889818],[-0.431372907357413,54.1576513537372],[-0.432659633138663,54.157520393351],[-0.427172945388632,54.1378156370662],[-0.427094252395225,54.1374429185661],[-0.430652439244199,54.13664049337],[-0.438529059934919,54.1331106953129],[-0.443725537679008,54.131688403132],[-0.4521225357172,54.127986097747],[-0.458539640415565,54.125973536108],[-0.453704310772023,54.120707228683],[-0.453603598353028,54.1201110172775],[-0.454702904038107,54.1199686772237],[-0.454351169982552,54.116762587459],[-0.459439449087585,54.1153299303063],[-0.458679862255833,54.1140333634158],[-0.46832514275584,54.1112507746466],[-0.465943215372793,54.1076328058657],[-0.489850765882331,54.1008848348528],[-0.494011031268757,54.0991850618252],[-0.496889336225877,54.0972318052133],[-0.504491267064023,54.0935397430908],[-0.513275115701679,54.0902909545112],[-0.519924706870326,54.0869873897766],[-0.524617431879239,54.085474295846],[-0.525106224100289,54.0865521311092],[-0.52631046823302,54.0873803196488],[-0.52792771672869,54.08933904272],[-0.534030662714113,54.087179922397],[-0.535832768131826,54.0876698102592],[-0.541816844353544,54.0915283499071],[-0.545215863799607,54.0910291707334],[-0.550629156217677,54.0926839712036],[-0.555132105168228,54.0926052394385],[-0.55858077210238,54.0930450099334],[-0.563137244962249,54.0939995578781],[-0.566483210259797,54.090302921212],[-0.583959504924823,54.0884783776374],[-0.590795190133981,54.0871502700382],[-0.592291473794486,54.0862627750579],[-0.594104955833163,54.0842147149185],[-0.598748260291818,54.0822071956579],[-0.602737657151642,54.0790743258712],[-0.605857087229129,54.0777990258264],[-0.607984750541112,54.0748370467487],[-0.609699699218055,54.0732696094221],[-0.615524254807271,54.0704931195101],[-0.618456583662131,54.0698299475505],[-0.621515958675495,54.0696687033362],[-0.627748523053958,54.0701941285467],[-0.62746342503149,54.068832676757],[-0.632196620497539,54.0687544122388],[-0.642922868001458,54.0665580295392],[-0.650291979184537,54.0655569997934],[-0.653677084044979,54.0649966423127],[-0.660315791576375,54.0630995125621],[-0.656493450460364,54.0610738942052],[-0.656230516922579,54.0613128476415],[-0.652431178225913,54.0598442886463],[-0.64465386546479,54.0551131146646],[-0.653656388671788,54.0459554275504],[-0.656299174190611,54.0454521096495],[-0.655738162256456,54.0442322842247],[-0.658017425707412,54.0436448176701],[-0.657973356097847,54.0421674859229],[-0.656319320377093,54.0406395634328],[-0.658929211019608,54.0383868087118],[-0.659484738505762,54.0371702769313],[-0.664260606859003,54.0376543290801],[-0.669731238492175,54.037427327921],[-0.670616913726589,54.0375621084515],[-0.670573301989728,54.0379868753887],[-0.672876302118875,54.0381651034569],[-0.674438773489092,54.0381615499542],[-0.676815814422905,54.0376916888962],[-0.68009325741682,54.0364988402797],[-0.680486815995017,54.0358085249859],[-0.680296983414105,54.0341630268727],[-0.680898429983399,54.0335219087171],[-0.682604529910683,54.0341310030841],[-0.682675566863008,54.0337581786789],[-0.687039167094701,54.0307676229211],[-0.687752863026818,54.0288437795213],[-0.687218730920695,54.0260785862469],[-0.688226186048656,54.0251558264484],[-0.688373553801524,54.0237308577087],[-0.687509014339798,54.0232054523468],[-0.684145476365236,54.0226465445459],[-0.683824480391222,54.0209967543342],[-0.68180149239181,54.019820154775],[-0.679112680576203,54.0190072733315],[-0.678349547868605,54.0179368523033],[-0.679418144272471,54.0159865957857],[-0.68307191190848,54.0124680588533],[-0.681501456792092,54.0110037216633],[-0.682729302848024,54.0093307150613],[-0.683519714991745,54.0087969587662],[-0.687955012243909,54.0082931948374],[-0.688241752561061,54.0080149028017],[-0.697423607063081,54.0072643926247],[-0.70490269245841,54.0060721379229],[-0.708664009946991,54.0080731632673],[-0.709370339486509,54.0089795822394],[-0.709644797339477,54.0104675443756],[-0.710746104173959,54.011171204613],[-0.713290231905266,54.0110655798051],[-0.715061529471079,54.0104876249484],[-0.718060417356916,54.010106146241],[-0.71926286388056,54.0107043202959],[-0.719697756598482,54.0123220767015],[-0.726197571822753,54.0122705640578],[-0.727837907697578,54.0127151449117],[-0.73048944294305,54.0127007424878],[-0.730592548563153,54.0217298056517],[-0.732271865855929,54.0265571335864],[-0.734257911952536,54.0302585905325],[-0.744651304911917,54.0275669032176],[-0.749437398267708,54.0269586131555],[-0.752607938192085,54.0260983031269],[-0.761564669933686,54.0250052165876],[-0.766343404833117,54.0236917405],[-0.769706336772743,54.0234851969572],[-0.771650553646265,54.0239115134606],[-0.772272528231438,54.0236706999488],[-0.77519897363714,54.0240446445688],[-0.775109163168508,54.0238249104542],[-0.778838043546401,54.0235524172461],[-0.779959370152301,54.0230391616816],[-0.784841441261521,54.0222226684922],[-0.785588989992123,54.0218345293793],[-0.789437163984197,54.0213074443981],[-0.791173771113323,54.0207521415061],[-0.792969468665203,54.0205968394646],[-0.793971645735682,54.0199538655958],[-0.79554835035077,54.0199606939825],[-0.79924773954618,54.0190517150471],[-0.800301805077277,54.0199832475157],[-0.798988261446225,54.0240906542202],[-0.797791961937207,54.0261900674962],[-0.798458806037056,54.0281966750165],[-0.795693171429589,54.029833417821],[-0.792541518088718,54.031068279444],[-0.790839041988924,54.0324884251633],[-0.788713061957796,54.0353770914055],[-0.788695526085982,54.0372620306963],[-0.787257969431242,54.0390109113948],[-0.78402727865468,54.0402723014432],[-0.782468539223421,54.0413613479002],[-0.781672679520401,54.0424612649103],[-0.781200929671163,54.0458459436762],[-0.777752004300557,54.0492862161495],[-0.775626053407534,54.0498541818327],[-0.777364755532562,54.051763849551],[-0.777872708244133,54.0534534507361],[-0.778304285628484,54.0556671964291],[-0.777707377877784,54.0575444184561],[-0.781074819248061,54.0610106432217],[-0.78303728589957,54.0622475518332],[-0.784016948586136,54.0638536739012],[-0.785895627570664,54.0637631064834],[-0.787698076096107,54.0640590507641],[-0.78924801496174,54.0643063655472],[-0.790786739255826,54.0654992504214],[-0.791808547227955,54.0653019609438],[-0.795541457663449,54.0658373470154],[-0.797663145220677,54.0654369776735],[-0.798003025892578,54.0660021004147],[-0.799809107692653,54.0652516287664],[-0.802556892666294,54.0685964219826],[-0.804815936770421,54.0682045594988],[-0.807101272200303,54.0672098586419],[-0.809334093626118,54.0692829155691],[-0.810654299894917,54.0689723808422],[-0.812395511128154,54.067648722704],[-0.814730378699835,54.0675042212494],[-0.81624612405589,54.067669391562],[-0.817037388014604,54.0680537532347],[-0.818031867185511,54.0681649686278],[-0.817355673660015,54.0702491877608],[-0.816533750521802,54.0701332621709],[-0.812306264879549,54.0715449391177],[-0.813846774260282,54.0731922931673],[-0.8130532228835,54.0753624003325],[-0.820006929701554,54.0767069922099],[-0.824611384649674,54.0771098317091],[-0.828255419857774,54.0769517868366],[-0.829567952463871,54.0772900626586],[-0.830088349871439,54.0780798375465],[-0.8297914299896,54.0786359410396],[-0.830505129214109,54.0808764318569],[-0.828119593351103,54.0842174025105],[-0.828687707625439,54.0857589673418],[-0.828465621043982,54.0871311370216],[-0.828071297928268,54.0871750477658],[-0.828327326463112,54.0877499686659],[-0.827914694531663,54.0880164699281],[-0.827848021925866,54.088601977684],[-0.828212364215111,54.0885116045152],[-0.828322690573827,54.0887799010975],[-0.827905731593085,54.0904026848236],[-0.829831478710459,54.090971628898],[-0.831318195185375,54.0909950429561],[-0.831499502046192,54.0912420130283],[-0.833684852530565,54.0910070219016],[-0.834653063696417,54.0913239409467],[-0.834923382449248,54.0911574712166],[-0.835283516825897,54.0915707821922],[-0.834949303094671,54.0919380015079],[-0.83574882564332,54.0922052803691],[-0.831928236225488,54.0964440386418],[-0.831623553083124,54.0994484575115],[-0.832175486558991,54.1021215648361],[-0.829856498066731,54.1044853953991],[-0.830377446225236,54.1063214322361],[-0.828166931066096,54.1070637254339],[-0.824209794934908,54.1070608491054],[-0.822347000840286,54.1077220933872],[-0.817338927854378,54.1077289522414],[-0.805878990181275,54.104389555626],[-0.798902672339052,54.1039152107137],[-0.797540029192695,54.105618054724],[-0.79674638002924,54.1055149287867],[-0.796970741753497,54.1051565063272],[-0.796413785683283,54.1050619074581],[-0.789675098312461,54.1043101803958],[-0.788843715457728,54.1043461949113],[-0.787788122564787,54.1060899094465],[-0.786140408451404,54.1059340298829],[-0.784450202208677,54.1118063986677],[-0.784679335017611,54.1132400574373],[-0.783958466598377,54.1144152618341],[-0.783841600207937,54.1164773388076],[-0.782725714978034,54.1166287440208],[-0.782798524500486,54.117064842725],[-0.779843967722659,54.1175829249168],[-0.776243779057067,54.1171464135525],[-0.77578156680616,54.1172983667139],[-0.775013089025885,54.1164839443229],[-0.770329951554746,54.1162811549877],[-0.761375022940876,54.1150725850243],[-0.756475670460117,54.1147380705584],[-0.755720936352956,54.1154204477334],[-0.755293216247853,54.1168032534219],[-0.754038776816438,54.1179000241927],[-0.755387501850562,54.1217004744907],[-0.755837552104309,54.1217447546462],[-0.755910413207309,54.1238036374866],[-0.756612750512678,54.1243612315359],[-0.759405667054753,54.1243661800269],[-0.765293815777119,54.130657434298],[-0.769425065243392,54.13516037017],[-0.757398717815728,54.1385625982238],[-0.757036127053249,54.1409592272906],[-0.75667451327147,54.1409682031755],[-0.758566052025279,54.1435329487033],[-0.758818238512831,54.1451146273944],[-0.760759538268903,54.1459185287366],[-0.759868306688916,54.1467734084664],[-0.758178201311155,54.1479583554904],[-0.753530908261081,54.1497132961408],[-0.751393182099598,54.1510932733837],[-0.750415619830323,54.1512224483503],[-0.749268331008568,54.1508350099669],[-0.74790549128449,54.1511241939907],[-0.747037054878979,54.1517094947993],[-0.746974133287239,54.1523669431653],[-0.747321243656442,54.1531533389408],[-0.746977186459534,54.1539617734518],[-0.745454856639001,54.1550115718002],[-0.741872319106788,54.1589800446402],[-0.741111132785851,54.1591931423387],[-0.739159803138329,54.1590873444016],[-0.735705911964345,54.1599181951707],[-0.734439200684068,54.1607772974045],[-0.73272126133779,54.1631018595901],[-0.732014255809921,54.1665532902464],[-0.732259189142861,54.1672164887422],[-0.733453503257846,54.1680312341426],[-0.733522661288663,54.168965306005],[-0.734449001377334,54.1694811843441],[-0.736607083547267,54.1692423391165],[-0.736510751507312,54.1700227660837],[-0.737231848310103,54.1705619868889],[-0.739789251353069,54.1706411259578],[-0.739748435558409,54.1714757904208],[-0.740507706538708,54.1718546124931],[-0.740393041375889,54.1725567260793],[-0.741148886255193,54.1727331427966],[-0.742178093942815,54.1721829868044],[-0.742636925596927,54.1729186098334],[-0.743840541557717,54.1731742464728],[-0.743898567926116,54.173498293995],[-0.742874611037331,54.1741751964847],[-0.74424756761759,54.1745740397721],[-0.745614678256134,54.1758642914282],[-0.746286973458957,54.1759243813392],[-0.748207013878321,54.1752519810058],[-0.748525070284788,54.1760083683879],[-0.749351872742126,54.1762134272015],[-0.748802307496927,54.1774220285804],[-0.74787524400644,54.1778707863034],[-0.747466381266931,54.1785836180893],[-0.747712765565393,54.1791937057266],[-0.749364100766328,54.1799751257216],[-0.749476872045156,54.1805548990555],[-0.748898520966779,54.1806955075362],[-0.74601303529476,54.1801756742288],[-0.745609901874827,54.1804471492523],[-0.747352100722183,54.1815619549852],[-0.746708279552744,54.1821259985013],[-0.74550919373476,54.1820983306732],[-0.745331551821992,54.1828568306183],[-0.743432535864665,54.1825682733111],[-0.742583357693457,54.1834916062927],[-0.738732628189342,54.1840984983279],[-0.736404792453147,54.1843041221011],[-0.735008932774688,54.1840061016673],[-0.734208726609815,54.1845094494917],[-0.730342112350179,54.1852857722518],[-0.729022945946683,54.1861704614177],[-0.727550923751273,54.1864470639663],[-0.727410596360713,54.1868250117265],[-0.728369088330637,54.1875990949171],[-0.721887900969833,54.1893003406996],[-0.720145367507352,54.1877733479376],[-0.711488017470401,54.1909317254907],[-0.711038961620805,54.1907296012814],[-0.710182088306166,54.1909331526536],[-0.710439298004086,54.1919789857628],[-0.709860115247011,54.1920753038814],[-0.71033313381378,54.1925747092668],[-0.709302409173157,54.1928074159485],[-0.708838888588985,54.1935103168406],[-0.708278839627948,54.1933756780798],[-0.707250745028415,54.1938134890685],[-0.707104054640132,54.1930639486616],[-0.706686655178029,54.1935754191231],[-0.705524035847822,54.1931986595149],[-0.705165342833291,54.1938395450342],[-0.704367516998839,54.1932271081579],[-0.702888526787914,54.194017721528],[-0.700982152527547,54.1936210907579],[-0.701059941168209,54.1944236179356],[-0.700168971226895,54.1949175662342],[-0.700840871407008,54.1953801009493],[-0.699868574932016,54.1955460055474],[-0.698634877763567,54.1967154623367],[-0.696759362613082,54.1963994610511],[-0.696401148939904,54.1969168665935],[-0.69675156141085,54.1974267645078],[-0.695317117384224,54.1973132380509],[-0.694366057210926,54.1986902077336],[-0.690542247995402,54.198041730687],[-0.690249053698954,54.1988924100076],[-0.688880121272729,54.1985994613273],[-0.687745183209895,54.1991025200372],[-0.68657301437097,54.1989799259362],[-0.68630701846139,54.199392454973],[-0.684608036484749,54.1994160422988],[-0.684806316236369,54.2001520902442],[-0.682877677897339,54.1999299696644],[-0.682037628329103,54.2004179636206],[-0.681331771694685,54.2008191843282],[-0.677967706668531,54.2004424708655],[-0.675357725941248,54.2011474724761],[-0.671556166396363,54.2003731079486],[-0.667001905520906,54.2004540071132],[-0.66531213826462,54.2000395564667],[-0.66374939509483,54.198970069505],[-0.661366637486063,54.1985526525528],[-0.661006168410861,54.1976551758678],[-0.659421429822555,54.1982931401932],[-0.658138009802417,54.1993349760631],[-0.657146042693384,54.1988966982804],[-0.657873187284529,54.1977894314774],[-0.653567996959375,54.1983352000457],[-0.652551364357042,54.1979123556039],[-0.652142384220685,54.1984771283966],[-0.650977923793073,54.1982129930998],[-0.650808398065565,54.1975306128272],[-0.648166268249536,54.1974843502747],[-0.647049769587409,54.1981375143247],[-0.646255147349905,54.1980755099214],[-0.645861752704597,54.1976919986177],[-0.645001335254036,54.1978305364059],[-0.645123640286334,54.1983981284449],[-0.64289551431077,54.1992618151372],[-0.638906319193887,54.1967990731102],[-0.636282594537604,54.1971524788297],[-0.63727352137167,54.1995996015853],[-0.635792896818386,54.2010379846185],[-0.632710930192288,54.2018372783333],[-0.631818106687046,54.2009317038771],[-0.630910081154004,54.2010668954754],[-0.628043150328087,54.1983636938193],[-0.62496403964964,54.1940398415913],[-0.615584144316866,54.1949301706418],[-0.613730473959555,54.192191621383],[-0.611618826549124,54.1925861228855],[-0.611829509951516,54.1934325944215],[-0.609746902162848,54.1942155619235],[-0.609973623183726,54.1953535018895],[-0.606876965772163,54.1960457974867],[-0.600917149081023,54.1965494812475],[-0.599355798921368,54.1970658645888],[-0.599599560094335,54.1982444704301],[-0.599031443022048,54.1997404963552],[-0.597794344691007,54.1998208450606],[-0.596828030411922,54.199511028507],[-0.593575067468904,54.2006856732899],[-0.589629233002246,54.2000570097859],[-0.587557591579863,54.1988805776762],[-0.585819859501392,54.1986489764522],[-0.584513067935208,54.1995712120543],[-0.57969587917058,54.2001651038288],[-0.579604510869387,54.2005524345909],[-0.578624091851777,54.2004223461332],[-0.576252071359016,54.2014833195425],[-0.571970081068599,54.2020098648777],[-0.568805042328515,54.2019040582643],[-0.567067204962361,54.20224125396],[-0.566418242070409,54.202388006964],[-0.565032933662482,54.2012120994535],[-0.563408959086546,54.2011573900897],[-0.563317757004961,54.2004888364029],[-0.562209773348177,54.1995605108495],[-0.562063380943693,54.1983947870523],[-0.561492698717793,54.1979573848701],[-0.560586206463266,54.1981128420936],[-0.56017023684815,54.1968351908885],[-0.55906822203245,54.1972416517506],[-0.557730773761455,54.1966882970694],[-0.556065483491832,54.1955954069345],[-0.556367945004995,54.1948886805015],[-0.55585132261654,54.1943497287524],[-0.554660462123402,54.1947732226596],[-0.553398855205696,54.1941287694917],[-0.552184996218026,54.1945665958346],[-0.55142696880748,54.1941075145321],[-0.551651590044511,54.1929024079557],[-0.551032035929141,54.192949742328],[-0.550410928817729,54.1925759905356],[-0.548953390907425,54.19287697215],[-0.548641622692145,54.1937237318622],[-0.54782026687486,54.193583217794],[-0.547321001658382,54.1939433724351],[-0.546414631198586,54.1936867739159],[-0.544750520631301,54.193934644689],[-0.544676162567795,54.1945428097898],[-0.543534174353083,54.1957386704103],[-0.540815090016529,54.1973896709278],[-0.540818595865319,54.1979705803946],[-0.539843767208754,54.1982585570705],[-0.540091607286173,54.1990785148514],[-0.538391634196208,54.1995925312299],[-0.537733912775107,54.2004308014152],[-0.537205296589725,54.2000215581064],[-0.535087406953578,54.2007034034361],[-0.532929503329862,54.2002080790959],[-0.532641157453128,54.2007340401615],[-0.531975284166052,54.2008273263136],[-0.530624380522426,54.199757542515],[-0.529626982176887,54.1997434162476],[-0.528993187571766,54.2002025049363],[-0.52721187101744,54.1996796488143],[-0.525613797465878,54.2001213211842],[-0.523540987517027,54.1999161747176],[-0.522587957434187,54.1990742000904],[-0.52182023645549,54.1992026917578],[-0.521119559648844,54.1989517967386],[-0.521233594558005,54.1985792384406],[-0.520435093079263,54.1983222581026],[-0.52024229973254,54.1978047445602],[-0.519626715642258,54.197952797405],[-0.518773093891664,54.1985948030358],[-0.518566727472549,54.1982495423391],[-0.517502860204165,54.1985159647795],[-0.517454936987152,54.1988437463176],[-0.516190062759841,54.1988615950992],[-0.515727985816783,54.1994977312039],[-0.516266791338867,54.200090287132],[-0.515058206706024,54.2000605142235],[-0.514999055682703,54.2007605484513],[-0.514043184559499,54.2004979729776],[-0.513034652319443,54.2011675180774],[-0.51214873320288,54.2001677080026],[-0.510868057496389,54.2003194562852],[-0.50650158309478,54.2033105845668],[-0.504876537291234,54.2046214119012],[-0.504954827457659,54.2051791363156],[-0.503846952987375,54.2051957122342],[-0.503447099506745,54.205494659173],[-0.502681962552472,54.2050163603976],[-0.502067343329172,54.2053581416926],[-0.501828193724702,54.2049883381145],[-0.500179534357265,54.2051203426862],[-0.500149770567151,54.2056686900131],[-0.499071622165397,54.2056936008596],[-0.498103827188963,54.2063000454889],[-0.496972975016106,54.2060112450999],[-0.49673917543633,54.2049967488811],[-0.495726372706981,54.2046749659052],[-0.495460893169416,54.2037614818811],[-0.493724019452042,54.2029789896468],[-0.492664763740351,54.2035291851696],[-0.490998443894663,54.2035675892458],[-0.490929719974671,54.2040998524967],[-0.489136521865769,54.2044636009064],[-0.488845634694079,54.2049905425804],[-0.487204654509241,54.2048845722802],[-0.48657107564831,54.2060700852692],[-0.484253553940703,54.2065280199294],[-0.483987375603897,54.2071999145343],[-0.483309174523607,54.2071779250324],[-0.483029360720177,54.2075322189606],[-0.482054653980877,54.2074823109522],[-0.481626178850237,54.2079564667964],[-0.481846119740732,54.2085313174323],[-0.480699877032477,54.2085702801802],[-0.480150488763588,54.209014043558],[-0.47548363940362,54.2098374363469],[-0.474477384333249,54.2106266327836],[-0.473026340482818,54.2104329827755],[-0.472426440904525,54.2115704134859],[-0.470778822110401,54.2119945750193],[-0.46911821374139,54.2116598521778],[-0.468150375957859,54.2116009041778],[-0.463473762790183,54.2128184695984],[-0.455873698351726,54.2145810921159],[-0.455245876469536,54.2143115304959],[-0.451497464987852,54.2142417997818],[-0.448334667917673,54.2149866628391],[-0.447220207682925,54.2143744738899],[-0.446086955944952,54.2146861780192],[-0.445235508104927,54.2143749427297],[-0.442949558462754,54.2155338648197],[-0.441422733076432,54.2157612933574],[-0.437497120007637,54.2150230337572]]]},"properties":{"FID":5561,"MSOA21CD":"E02005791","MSOA21NM":"Ryedale 004","MSOA21NMW":" ","BNG_E":489926,"BNG_N":469284,"LAT":54.1116,"LONG":-0.62595,"GlobalID":"602e1b61-a2fa-4cf8-b584-37f3377ab280","GROUP":"The Vale, Moors & Coast"}},{"type":"Feature","id":5562,"geometry":{"type":"Polygon","coordinates":[[[-0.807174319584832,54.2128086453849],[-0.806662251434826,54.2120693775018],[-0.805227335640172,54.2121602142186],[-0.804750243356649,54.2114724159699],[-0.802180520271704,54.2108214174369],[-0.800479502383103,54.2088839405937],[-0.798427987845975,54.2090449513379],[-0.797366106356652,54.2087158572782],[-0.796045310844438,54.2087776440418],[-0.795849103162178,54.2079912488168],[-0.796317495536719,54.2073300374449],[-0.795443692807949,54.2071690308582],[-0.795419281971902,54.2066404658892],[-0.794626920246679,54.2065713220612],[-0.794089419551688,54.2060252764823],[-0.79544717089952,54.2050381109569],[-0.793906131578283,54.2041437495641],[-0.794775907260197,54.2037208625487],[-0.794160272916871,54.2024204605422],[-0.792412109217064,54.2015705703967],[-0.790999124657244,54.2014482104519],[-0.791108069472846,54.2019941456169],[-0.790343806234735,54.2021305622701],[-0.789656869975625,54.2012836630036],[-0.786898920956314,54.2004733554645],[-0.785140149568278,54.2005918157017],[-0.783948656842046,54.1998130682113],[-0.784369696756118,54.1992583734135],[-0.782779300325838,54.1990758193375],[-0.780910723507486,54.1977204867612],[-0.781716414732621,54.1969053915933],[-0.781081897581679,54.1965897359793],[-0.780558753642912,54.1952390453547],[-0.779781226725977,54.1949991868988],[-0.779974248121083,54.19378073807],[-0.778915267949545,54.1940045441522],[-0.778041309678015,54.1932173816835],[-0.776966363311342,54.1930921678243],[-0.776892284273944,54.1923392310758],[-0.776183065254288,54.1917189974159],[-0.776470331016895,54.1915105807016],[-0.77755426099661,54.1916025000137],[-0.778215804189668,54.191159173453],[-0.777213931233611,54.1905755258054],[-0.777472923315067,54.1899898875117],[-0.778106395842303,54.1898714700591],[-0.778185148047796,54.1904457944131],[-0.779204975734052,54.1890101758518],[-0.779968662683092,54.1886772043182],[-0.781214387850826,54.1886729675181],[-0.781452575221806,54.1878358480775],[-0.782591853624052,54.1875937512248],[-0.783147332843747,54.1867463431217],[-0.784529855554844,54.1864209935246],[-0.784610428841573,54.1855019439408],[-0.786059351163667,54.1845270316994],[-0.785225110813962,54.1841002348312],[-0.786391154426958,54.1835633249999],[-0.787110370441482,54.1822386709826],[-0.786586160830852,54.1816623799737],[-0.785093324325219,54.1815985142893],[-0.785847815883553,54.1809266247334],[-0.785279559580748,54.180497058985],[-0.785982789399894,54.1799783697694],[-0.784702198025188,54.1800185336074],[-0.784134996489682,54.1790320009427],[-0.780779894298068,54.1789040074959],[-0.781501777215024,54.178225422377],[-0.779239245000424,54.1771093479931],[-0.780408667470603,54.1766296680792],[-0.779614341741465,54.1761424490211],[-0.779319701934511,54.1754330642537],[-0.777787621566122,54.1750113912355],[-0.777381290202605,54.1758996017545],[-0.776129483570342,54.1755627039526],[-0.776412639026275,54.1764876912725],[-0.775868281396648,54.1767316848773],[-0.774975897282028,54.1764200699185],[-0.774824496620911,54.1766171013361],[-0.776003979284754,54.1773531547967],[-0.775632936326672,54.1775816935144],[-0.774075970571568,54.1774821638211],[-0.77329854008966,54.1781744573887],[-0.770257534858607,54.1780005003905],[-0.77040155525894,54.1769700348666],[-0.769448653052325,54.1762714670319],[-0.767954840979797,54.1762970583004],[-0.767322436860187,54.1754726834114],[-0.76467609099529,54.1755038542282],[-0.763802594991162,54.1758556806271],[-0.762300114631952,54.1740782104603],[-0.76426895256955,54.1736210569196],[-0.764273135038393,54.1729932357794],[-0.765157776895122,54.1723901092173],[-0.765788375028504,54.1707941862819],[-0.767405376941078,54.1710722389846],[-0.770697365629517,54.1707219217364],[-0.772192438374249,54.1699931277309],[-0.775040120981574,54.1693617829252],[-0.777399108235069,54.1680195870371],[-0.779287623337792,54.1681300220612],[-0.780513529439086,54.1672840887424],[-0.782631345879447,54.1686323586844],[-0.783189150071068,54.1676493191094],[-0.785486121688567,54.1677385068432],[-0.787380000003977,54.1670416462712],[-0.789988406464697,54.1678762105158],[-0.791989060005262,54.1678682071168],[-0.793545396647912,54.1687193929821],[-0.794986597955848,54.1687950769281],[-0.795736785310001,54.1682270335178],[-0.797783234006684,54.167729260357],[-0.798323129314041,54.1670866684262],[-0.801746003122093,54.1664944127538],[-0.80392746624148,54.1638154685416],[-0.807543406064788,54.1639703554738],[-0.807765147406669,54.1628167680284],[-0.809842587883405,54.1620924136403],[-0.808733494359994,54.1606138971543],[-0.810973816222301,54.1563375120887],[-0.812922859195868,54.1539034920532],[-0.813094074265591,54.1531146216957],[-0.813434793694692,54.1531477072947],[-0.814216392396568,54.14968229279],[-0.815977904379236,54.1499684361346],[-0.816405962077774,54.14898296258],[-0.8174458004152,54.1490119140033],[-0.818357824930271,54.1467741369075],[-0.818935980630505,54.1423270988315],[-0.821082176097783,54.1386858829059],[-0.822340783210172,54.1359646152864],[-0.822004054722424,54.1320713090392],[-0.821717625909988,54.130701110432],[-0.823054158219128,54.1298471073709],[-0.823232178871147,54.1283920747413],[-0.823888472372573,54.1284104275367],[-0.822848918446604,54.1264936285389],[-0.81645454576878,54.1279568745177],[-0.814321038298809,54.1261907565335],[-0.813031011954475,54.1257505670157],[-0.814495481858396,54.1236640280326],[-0.814877589633732,54.1218513704242],[-0.812300702213714,54.1203005763275],[-0.812616850651486,54.1188077427097],[-0.814687490840474,54.1176203528373],[-0.815986217677529,54.1177308588692],[-0.817956366413842,54.1187093828404],[-0.820491769225625,54.1182735870194],[-0.823597524418572,54.1183935454076],[-0.825310654785359,54.1176985127006],[-0.826077133659622,54.1169338564528],[-0.828320808203729,54.1115420961588],[-0.830444465826892,54.1098856111497],[-0.831990632817888,54.1076642666704],[-0.831650482885001,54.1068262513184],[-0.830450508412904,54.1066414626472],[-0.830377446225236,54.1063214322361],[-0.829856498066731,54.1044853953991],[-0.832175486558991,54.1021215648361],[-0.831623553083124,54.0994484575115],[-0.831928236225488,54.0964440386418],[-0.83574882564332,54.0922052803691],[-0.834949303094671,54.0919380015079],[-0.835283516825897,54.0915707821922],[-0.834923382449248,54.0911574712166],[-0.834653063696417,54.0913239409467],[-0.833684852530565,54.0910070219016],[-0.831499502046192,54.0912420130283],[-0.831318195185375,54.0909950429561],[-0.829831478710459,54.090971628898],[-0.827905731593085,54.0904026848236],[-0.828322690573827,54.0887799010975],[-0.828212364215111,54.0885116045152],[-0.827848021925866,54.088601977684],[-0.827914694531663,54.0880164699281],[-0.828327326463112,54.0877499686659],[-0.828071297928268,54.0871750477658],[-0.828465621043982,54.0871311370216],[-0.828687707625439,54.0857589673418],[-0.828119593351103,54.0842174025105],[-0.830505129214109,54.0808764318569],[-0.8297914299896,54.0786359410396],[-0.830088349871439,54.0780798375465],[-0.829567952463871,54.0772900626586],[-0.828255419857774,54.0769517868366],[-0.824611384649674,54.0771098317091],[-0.820006929701554,54.0767069922099],[-0.8130532228835,54.0753624003325],[-0.813846774260282,54.0731922931673],[-0.812306264879549,54.0715449391177],[-0.816533750521802,54.0701332621709],[-0.817355673660015,54.0702491877608],[-0.818031867185511,54.0681649686278],[-0.817037388014604,54.0680537532347],[-0.81624612405589,54.067669391562],[-0.814730378699835,54.0675042212494],[-0.812395511128154,54.067648722704],[-0.810654299894917,54.0689723808422],[-0.809334093626118,54.0692829155691],[-0.807101272200303,54.0672098586419],[-0.804815936770421,54.0682045594988],[-0.802556892666294,54.0685964219826],[-0.799809107692653,54.0652516287664],[-0.798003025892578,54.0660021004147],[-0.797663145220677,54.0654369776735],[-0.795541457663449,54.0658373470154],[-0.791808547227955,54.0653019609438],[-0.790786739255826,54.0654992504214],[-0.78924801496174,54.0643063655472],[-0.787698076096107,54.0640590507641],[-0.785895627570664,54.0637631064834],[-0.784016948586136,54.0638536739012],[-0.78303728589957,54.0622475518332],[-0.781074819248061,54.0610106432217],[-0.777707377877784,54.0575444184561],[-0.778304285628484,54.0556671964291],[-0.777872708244133,54.0534534507361],[-0.777364755532562,54.051763849551],[-0.775626053407534,54.0498541818327],[-0.777752004300557,54.0492862161495],[-0.781200929671163,54.0458459436762],[-0.781672679520401,54.0424612649103],[-0.782468539223421,54.0413613479002],[-0.78402727865468,54.0402723014432],[-0.787257969431242,54.0390109113948],[-0.788695526085982,54.0372620306963],[-0.788713061957796,54.0353770914055],[-0.790839041988924,54.0324884251633],[-0.792541518088718,54.031068279444],[-0.795693171429589,54.029833417821],[-0.798458806037056,54.0281966750165],[-0.797791961937207,54.0261900674962],[-0.798988261446225,54.0240906542202],[-0.803253508060695,54.0239705484492],[-0.803321703643567,54.0233555550196],[-0.808475475288696,54.0223694811619],[-0.815669980082843,54.0217726608145],[-0.820367183393799,54.0208734286413],[-0.823514627654325,54.0208303654961],[-0.826992835952151,54.0212716116464],[-0.836540500829595,54.0212672319972],[-0.836552999759758,54.0217599196299],[-0.837002342277913,54.0219052554426],[-0.84240395042684,54.0211040296174],[-0.843156523716899,54.0216932235767],[-0.84527915338006,54.0201598147859],[-0.848884799326538,54.0185641735753],[-0.850957333889157,54.0183769164677],[-0.852076681696911,54.0179211185878],[-0.854880318682257,54.0177087924986],[-0.859730057491683,54.0163791136999],[-0.861264885302649,54.0169711131594],[-0.863516157576635,54.0173535815074],[-0.86660879429037,54.0172265690015],[-0.868170030213226,54.0168677003132],[-0.868817962893098,54.0171087392249],[-0.870400438793663,54.0167013088534],[-0.87396811115,54.0174562957855],[-0.876170564429005,54.0176198505954],[-0.877941606027154,54.0170119923131],[-0.878444452151504,54.0171840786847],[-0.87871836542585,54.0168625355793],[-0.877242719250397,54.0149264564534],[-0.877669667337936,54.0135566997527],[-0.880511908433545,54.0119962348808],[-0.886702462358976,54.0105273984612],[-0.888555370245486,54.0095145659462],[-0.889920771164378,54.0070700998936],[-0.890878866473722,54.0030978473481],[-0.892473468047462,54.0016149223274],[-0.893535210224514,53.9997678394619],[-0.894884472006906,53.9990937945092],[-0.897418407906458,53.9985319999087],[-0.898813057228074,53.9987767431171],[-0.899202609456743,53.9995615999039],[-0.899959405099847,53.9997261861398],[-0.901344639276742,53.9988137315462],[-0.903702386225874,53.9987076367311],[-0.907490859437235,53.9975475498723],[-0.909555495356542,53.9963262261303],[-0.911896623603792,53.995447776569],[-0.911935817446476,53.9928938978592],[-0.91267670332084,53.9921984055234],[-0.913693951018849,53.9920865367105],[-0.915095561678514,53.9931424199885],[-0.918112405335818,53.9926830459747],[-0.920614750319261,53.9919516608718],[-0.92529402459628,53.9915181271775],[-0.932797541712576,53.9900905836794],[-0.934157086375372,53.9892813661806],[-0.935114918381439,53.989775195269],[-0.944362227970846,53.9891283941317],[-0.951590029685053,53.9871055614185],[-0.95643145054558,53.9851388341491],[-0.95769231378014,53.9839585813079],[-0.962242057539462,53.984516723464],[-0.967045073792748,53.9859188797076],[-0.970080891567531,53.9848222670049],[-0.97269300287775,53.9845883474216],[-0.973379191214087,53.9848876683126],[-0.976312059817088,53.9820847491011],[-0.976770536623512,53.9819993010213],[-0.979242668526933,53.9830407057922],[-0.980353210283979,53.9823302481511],[-0.984657292428648,53.9815487453489],[-0.991059152731186,53.9819233540957],[-0.99317986339511,53.9827699621742],[-0.994836466866535,53.9830641622335],[-0.995817593773165,53.9839806606935],[-0.99407404982786,53.9844765593652],[-0.994760852287572,53.9853363404655],[-0.992839264854677,53.9858494057017],[-0.990880475239599,53.9874275323024],[-0.987804779842392,53.989128177491],[-0.98314051947921,53.9904714245357],[-0.981262434081069,53.991162459267],[-0.983189687378666,53.9933531963945],[-0.97886411655113,53.994536629458],[-0.978628182892896,53.9950820237619],[-0.979102157494822,53.9959536717556],[-0.971933308201457,53.9966929915925],[-0.971837056866968,53.9971793205154],[-0.972853474972382,54.001947074898],[-0.973849894637899,54.0036174941809],[-0.975419337919507,54.0047501342987],[-0.980168508535962,54.0032258059226],[-0.980047805490942,54.0028523128453],[-0.984515021020757,54.0022314301339],[-0.984781654620238,54.0026793963638],[-0.980881642999363,54.0040171791497],[-0.979341647365595,54.0053992250107],[-0.979924386210015,54.0073974099815],[-0.98275311135815,54.0100305665368],[-0.976940751271525,54.0157737780911],[-0.979421919201144,54.0174199439893],[-0.971766243685604,54.0203909605242],[-0.966845584322497,54.0229758101879],[-0.970619269576475,54.023072176066],[-0.97008777172489,54.0258212786833],[-0.971134569753378,54.0276915683979],[-0.973534295637008,54.0294135747405],[-0.976210042683599,54.0300993772447],[-0.982314519075509,54.030922275138],[-0.981359865668435,54.0338723378746],[-0.982283428872557,54.0394868061726],[-0.98460815033991,54.0388684721048],[-0.985566629286165,54.0396441644344],[-0.987270769245869,54.0403088926191],[-0.988712134127053,54.0409508703305],[-0.989266258457398,54.0417349436349],[-0.99058525093955,54.0419347635379],[-0.992322266414669,54.0417212545204],[-0.993276613712298,54.042296580702],[-0.992926375055143,54.0436983310299],[-0.993968794195362,54.0456922632892],[-0.994886923631437,54.0461958816431],[-0.993808338821312,54.0472975160705],[-0.995991273030367,54.0481860057633],[-0.996506675486008,54.0490726963174],[-0.998257815012433,54.049434166874],[-0.998755829746405,54.0504404569883],[-0.999792220770374,54.0509925672196],[-1.00027787723396,54.0509046562539],[-1.00090944034194,54.0514593968385],[-1.00085729594954,54.052246885858],[-1.00210389259051,54.0538249819242],[-1.00177836511092,54.0550789117796],[-1.00443045010708,54.0555676859763],[-1.00620902747873,54.0538524801749],[-1.00711192638369,54.0541837855907],[-1.00802056757391,54.0532733961607],[-1.0124349383239,54.0513082009551],[-1.01437741209514,54.0493217893102],[-1.01983584789456,54.0508305456092],[-1.02446191324306,54.0520356553765],[-1.02911204499369,54.052857113756],[-1.04745757396828,54.054442133898],[-1.05971227051913,54.0568829070199],[-1.05971229773829,54.0566068720061],[-1.06060482128328,54.0567770369805],[-1.05935515963169,54.0590829884689],[-1.05816632122041,54.0639647728848],[-1.05565439252207,54.067406195511],[-1.05416226251507,54.0670333596032],[-1.04898005941103,54.0684047552479],[-1.04512162069035,54.0698021631456],[-1.04279848836578,54.0710231968344],[-1.04214699222939,54.0721701428639],[-1.04099367156402,54.0730304121653],[-1.03982258683532,54.0733579620402],[-1.03909581357814,54.0757086821144],[-1.04109945907904,54.077302022889],[-1.04211618054241,54.0777027673892],[-1.0451525381568,54.0750558121265],[-1.04946246358619,54.0757227111301],[-1.04645070563122,54.079099934257],[-1.05223572220118,54.0816692370928],[-1.054307708096,54.0822660419683],[-1.05478502523169,54.082898802784],[-1.05410963885018,54.0832882989863],[-1.06019595443546,54.0851310010107],[-1.05776425141588,54.0881945360813],[-1.0545816359901,54.0891546049106],[-1.04678102715531,54.0945231727924],[-1.04682033988566,54.0949970162894],[-1.04548202475062,54.0958885697474],[-1.04575831153214,54.0962387674855],[-1.04279994048669,54.0982760201578],[-1.04120941376731,54.098138663326],[-1.03946527330463,54.098384289949],[-1.04014119499331,54.1008944404098],[-1.04099857993036,54.1015843888263],[-1.04236247531223,54.1047825341203],[-1.04399013306021,54.1063099089859],[-1.04397321736967,54.1072946135528],[-1.0429644507475,54.1074738280552],[-1.03394220376581,54.1073908512516],[-1.02505363483288,54.1066299673584],[-1.02510276559822,54.1079327450074],[-1.02340818707454,54.1082847410724],[-1.02114911974312,54.1094232354968],[-1.01946714853745,54.1078412341385],[-1.01625796282771,54.1079237742103],[-1.01620258692751,54.1089507472982],[-1.01562340914946,54.1093289147186],[-1.01558547533267,54.1120813326546],[-1.01472038083916,54.1139633918128],[-1.01593800249239,54.1146871802977],[-1.01563033180414,54.1154970708094],[-1.01237226567522,54.1197864791702],[-1.00853867685082,54.1237721602739],[-1.01253755975465,54.1267542691514],[-1.0116286450853,54.1278922845162],[-1.01222094778129,54.1284049261031],[-1.01205337907041,54.1288565373151],[-1.01266739615152,54.1291387905657],[-1.01368927070937,54.1315437299299],[-1.01281665417604,54.133081998714],[-1.01306286611357,54.1346164342427],[-1.00941187690928,54.1364109943214],[-1.00577967479805,54.1369276523127],[-1.00055191282903,54.1366408854968],[-1.00281828494238,54.1419950247924],[-0.996865529051931,54.144801781606],[-0.994871684949373,54.1479775224767],[-0.992956702348635,54.1484036609375],[-0.994011322382901,54.1512607187031],[-0.992928713100038,54.1540937756612],[-0.994199171350414,54.155495532972],[-0.994431283382715,54.1565613984428],[-0.9971116803028,54.1584081942272],[-1.00004358285991,54.1594044353292],[-1.00187246435449,54.161291620391],[-1.00224488658272,54.1623953626733],[-1.00988003190448,54.1601122341692],[-1.01080140653037,54.1626380605251],[-1.01272030898236,54.1630731264059],[-1.01549011890236,54.1632120569976],[-1.01763983554497,54.1628343697056],[-1.01914847759209,54.162896699814],[-1.02154812534144,54.1631787893035],[-1.02236338682544,54.1636050512723],[-1.02274310387813,54.1654876918144],[-1.02413529929832,54.1680396873459],[-1.0234835193634,54.1731573904926],[-1.02254575261647,54.173296721918],[-1.02048994777395,54.1728728012274],[-1.01809463729801,54.1735737084386],[-1.01739026171333,54.173622740007],[-1.01678852416827,54.1731689589444],[-1.01261005788817,54.1738628562331],[-1.00746597057529,54.176413625621],[-1.00411718299533,54.176974657886],[-1.00280970411994,54.1777488647516],[-1.00200641184342,54.1789780303049],[-0.994856327554712,54.185357487841],[-0.996579363194394,54.1853240979936],[-0.997364591817605,54.1877630100692],[-0.997126925170814,54.1885229392733],[-0.99632306760425,54.1891265697071],[-0.994798795151681,54.1892396998833],[-0.994036087056963,54.1899613435806],[-0.993010617325724,54.189847178271],[-0.992358518497157,54.1891294542089],[-0.989513105909642,54.1881537878695],[-0.986957668801649,54.1861353783221],[-0.985442251348331,54.1859288328663],[-0.976001093804015,54.1875384272784],[-0.96983812913568,54.1880577686684],[-0.960376071995928,54.1873434720292],[-0.955024228030797,54.1887504103945],[-0.953109427200463,54.1912189248245],[-0.945607346451699,54.1920837053453],[-0.947158242614703,54.1903045671996],[-0.946900983143808,54.1893301004984],[-0.949971094161765,54.1881088185529],[-0.950867713736524,54.1865312097505],[-0.954200422734467,54.1850888900016],[-0.952804936886883,54.1843886415943],[-0.950021200324373,54.1840711842919],[-0.948732644473523,54.1839538102835],[-0.944261658412248,54.1824227682584],[-0.939085305748632,54.1794284799363],[-0.937835835900014,54.1792323826855],[-0.934982959685689,54.1799298624711],[-0.934584290378726,54.1807206669265],[-0.925438067101776,54.183388094994],[-0.922855501151307,54.1835355407291],[-0.917108338805143,54.1831085295538],[-0.916347767870512,54.1833625056131],[-0.91262227566098,54.1825009321103],[-0.911742928165748,54.1825538192195],[-0.909178038245644,54.1841436740542],[-0.907070219868209,54.1848265018121],[-0.903439813037176,54.1870376816243],[-0.902233879242463,54.1874376151683],[-0.89970682531893,54.189616560718],[-0.900165718829008,54.1908403364122],[-0.899687742305498,54.1916519019273],[-0.898281421675546,54.191619404064],[-0.896953195454014,54.1920900697077],[-0.895964468716475,54.1920956259953],[-0.89525417738924,54.1917001174269],[-0.894235550564656,54.1918231264912],[-0.894729205516891,54.1908392127708],[-0.894027149215205,54.1901362159414],[-0.892441560667938,54.1905755126978],[-0.89161780261323,54.1899674818185],[-0.88886721117923,54.1894865881427],[-0.887717865580237,54.188839973119],[-0.885672402354365,54.1895526000291],[-0.88471056247669,54.1891659373893],[-0.88087960179058,54.1886347033161],[-0.880160680039708,54.1888667639968],[-0.880174856409059,54.1894232991996],[-0.878591798885804,54.1909525497754],[-0.876544486324389,54.1911045385019],[-0.876636776150282,54.1922232557766],[-0.875128017136936,54.1918533236744],[-0.872128968308147,54.1925145672815],[-0.870164092485556,54.1918175867908],[-0.869806117031703,54.1911392957891],[-0.867822721043479,54.1897913256247],[-0.866729287990577,54.1883730380866],[-0.866937149931629,54.1874264907824],[-0.864097898962734,54.1870717351416],[-0.864019483825759,54.1878512353438],[-0.86316352323842,54.1886770913532],[-0.863794339252776,54.1904294340008],[-0.861635219565145,54.1909809728622],[-0.862088027889143,54.1923345532101],[-0.861147950774332,54.1932005936849],[-0.864287728788754,54.1940191715522],[-0.864435763862665,54.1942772278509],[-0.861854808715422,54.1954866424588],[-0.857255973584674,54.1947745703257],[-0.853293834032279,54.1937857597899],[-0.852575759270278,54.1941321525832],[-0.836416445604464,54.1928071757473],[-0.832969524800486,54.1921517280426],[-0.833482455174924,54.1917280853493],[-0.831388647477803,54.191296055261],[-0.829489332628824,54.1933244301325],[-0.831315914714221,54.193654109828],[-0.831584442380924,54.1933973213938],[-0.837683292625883,54.1946357951852],[-0.83468585703201,54.1983655206988],[-0.836280321077464,54.1987883676952],[-0.83570395194,54.1991241279645],[-0.83547852157929,54.2009599576428],[-0.828560323482918,54.1977185188538],[-0.82671898747949,54.1993426243326],[-0.832473383301037,54.2029781187633],[-0.831352586385887,54.20376470354],[-0.829233387268634,54.2064986792733],[-0.833618488817313,54.2072809991481],[-0.832481139084407,54.2093621241074],[-0.827579363808482,54.2088699383452],[-0.826471351372225,54.2085221260308],[-0.826333404655533,54.2093324753905],[-0.827775124326493,54.2096394581894],[-0.827350116769951,54.211775706017],[-0.834816061288398,54.2118847162447],[-0.834821982341531,54.2147751657831],[-0.835148253645805,54.2148465713602],[-0.834044682929204,54.2176706865864],[-0.83474878609769,54.2177185048637],[-0.834646438349794,54.2181719524491],[-0.827412865201773,54.218360500362],[-0.815914874090234,54.2204905702991],[-0.811748678757253,54.2203973270375],[-0.810329701130834,54.2193918247741],[-0.809016038892344,54.2189376649497],[-0.809203819295785,54.2173450051534],[-0.808697391445506,54.2160522563905],[-0.807576054857918,54.2150505595658],[-0.807805773494978,54.2137791060436],[-0.807045057542935,54.2137361782308],[-0.807174319584832,54.2128086453849]]]},"properties":{"FID":5562,"MSOA21CD":"E02005794","MSOA21NM":"Ryedale 007","MSOA21NMW":" ","BNG_E":471234,"BNG_N":466365,"LAT":54.08829,"LONG":-0.91249,"GlobalID":"0003f7f4-ef63-481e-90d1-60fa49ebfe40","GROUP":"The Vale, Moors & Coast"}},{"type":"Feature","id":5563,"geometry":{"type":"Polygon","coordinates":[[[-0.62561569234976,54.4917460305339],[-0.614161262369739,54.4908938421026],[-0.613048502487624,54.4926307098844],[-0.613135291188014,54.4928695512104],[-0.613377450330454,54.4929202948792],[-0.613386431534132,54.4929734250572],[-0.613289482750102,54.4941792844367],[-0.613284267264161,54.4941293026867],[-0.613310215206248,54.4930866897076],[-0.613176431398414,54.4930958685541],[-0.613168419016156,54.4930190822741],[-0.612845913945165,54.4930976943167],[-0.61272698535587,54.4927213647073],[-0.612774627097895,54.4926383144261],[-0.614245742311617,54.4905184072194],[-0.613935729640608,54.4903404929519],[-0.614516002385529,54.4889690757984],[-0.614642101325255,54.4886710420016],[-0.61418251785973,54.4875199646812],[-0.61340432821564,54.4868935705921],[-0.613402827339772,54.4868508988136],[-0.613609979933578,54.4867486445866],[-0.613598063903379,54.485919013716],[-0.615639937958662,54.4850512310532],[-0.614823941498382,54.4844020703489],[-0.615521708706652,54.4840092671344],[-0.615482365563486,54.4836616858775],[-0.616331602341291,54.4834454317393],[-0.616983126775918,54.4833791610699],[-0.618172870279132,54.483250374233],[-0.617712569626947,54.4822201040558],[-0.617633508192055,54.481421499129],[-0.617608284149547,54.481169086675],[-0.622060017339724,54.4805369810253],[-0.622894140779303,54.4830046951791],[-0.623612927317204,54.4841394749409],[-0.623716684958563,54.4843011307843],[-0.626294699674822,54.4835643788942],[-0.625621147127121,54.4828810313032],[-0.628048754293581,54.4818864555545],[-0.629231060099688,54.481592488765],[-0.632760251341645,54.4813554090101],[-0.632471041014445,54.4816291276672],[-0.633963378530154,54.4825179007054],[-0.634796083593636,54.482144477525],[-0.634026953563044,54.4802508803199],[-0.633889457990371,54.4797461597788],[-0.639033346125743,54.4794993104761],[-0.639437440660387,54.4813459835219],[-0.643978793850778,54.4809939006315],[-0.645382590484448,54.4816792722491],[-0.645181473998977,54.4829495718055],[-0.645968982981438,54.4834573619545],[-0.64744875231346,54.4827835214104],[-0.647392620893123,54.4816774027608],[-0.648108863160894,54.4810203273611],[-0.648343129402839,54.4808926256893],[-0.649776286595683,54.4801275497082],[-0.648459388140669,54.4809838136884],[-0.650497577991128,54.4825823985007],[-0.649928304728378,54.4849747223519],[-0.648751511950458,54.4859874775024],[-0.645397182760832,54.4891204414086],[-0.644197383663896,54.4906840200454],[-0.641683492449307,54.4911294076089],[-0.641871846730015,54.4930317774072],[-0.640816114610918,54.4945283792907],[-0.64006074870977,54.4955814976811],[-0.639927347691661,54.4955752715415],[-0.631769897277729,54.4937333423598],[-0.629618939604074,54.4930388133278],[-0.629568273716092,54.4930224531844],[-0.62561569234976,54.4917460305339]]]},"properties":{"FID":5563,"MSOA21CD":"E02005795","MSOA21NM":"Scarborough 001","MSOA21NMW":" ","BNG_E":488812,"BNG_N":511096,"LAT":54.48746,"LONG":-0.63058,"GlobalID":"acf64dc1-018f-468e-be5a-596495cc22d1","GROUP":"The Vale, Moors & Coast"}},{"type":"Feature","id":5564,"geometry":{"type":"MultiPolygon","coordinates":[[[[-0.793938887724111,54.5586872687198],[-0.793938927300517,54.5586872376587],[-0.793877871199115,54.5589087732768],[-0.793380340242735,54.5591245821024],[-0.793380773993254,54.5591242422132],[-0.793938887724111,54.5586872687198]]],[[[-0.792206920001774,54.559472309679],[-0.789734332720588,54.5585894945878],[-0.787835164681673,54.5589923490274],[-0.787618799704315,54.5587219098641],[-0.785629107564606,54.5587717892808],[-0.783746858141916,54.5593323839442],[-0.781700442812246,54.5580706047108],[-0.781565667020525,54.557987500266],[-0.778970305975975,54.5571311714537],[-0.776247786402628,54.5569517755828],[-0.775546433033795,54.5577346661617],[-0.774488309772522,54.557392498484],[-0.775388388450005,54.5547401013162],[-0.774250021822711,54.553260130042],[-0.772613410555174,54.5522903385621],[-0.771639014907501,54.5520279941884],[-0.769590938293357,54.5521015484967],[-0.767840384218389,54.5512547386226],[-0.766914131830328,54.5498076836918],[-0.765189069166898,54.5486188538539],[-0.765264044355907,54.5483374158677],[-0.765836286441132,54.548688181563],[-0.765883548976047,54.5481660754109],[-0.767628157783111,54.5476807038071],[-0.767227663643602,54.546298734009],[-0.764869996419125,54.5451698447064],[-0.761870928798496,54.5437336886592],[-0.760309972352318,54.5434992897766],[-0.758235973567231,54.5438486468032],[-0.755878725610507,54.5435375062191],[-0.754477783939952,54.5433525677293],[-0.753668912253436,54.5430072361364],[-0.753314300227846,54.5423940572641],[-0.751080067745377,54.5419703704716],[-0.749725864769152,54.5400933151656],[-0.749217517172956,54.5379169757424],[-0.747819144122871,54.5371116899811],[-0.746999922485662,54.5361511358517],[-0.746964310325658,54.5356010345203],[-0.747848550169221,54.5349398924518],[-0.748020162068908,54.5342563793542],[-0.749500263358249,54.5334648187959],[-0.749598834159563,54.5330101216125],[-0.749220323089942,54.5322341544497],[-0.74879502074443,54.5313622249404],[-0.74458085171422,54.5285844392643],[-0.741901475257909,54.5278532428598],[-0.737932471668932,54.5274971448682],[-0.734588459729611,54.5274976708652],[-0.730710149996465,54.5281090870296],[-0.728724032536047,54.5297896989492],[-0.726584727300556,54.5305727437028],[-0.721826767595905,54.530228523331],[-0.721746035957873,54.5302358147459],[-0.719969398088502,54.5303962640748],[-0.718392524208367,54.5309143947004],[-0.716322317307624,54.5322250443228],[-0.716373644993526,54.5343141402061],[-0.715771715153099,54.5343277313754],[-0.71460418016219,54.5335604934257],[-0.713020643041112,54.5336887161187],[-0.709937425537821,54.5317913381403],[-0.708250506006822,54.5316654883304],[-0.705750855819097,54.5304309910982],[-0.705057478432126,54.5296498754449],[-0.705306394159154,54.528710966661],[-0.70384383285518,54.5266169688343],[-0.702379577180273,54.525973819391],[-0.700477479955681,54.525941322269],[-0.699797204442685,54.5255539947028],[-0.697458977667743,54.5232321129576],[-0.697416035897613,54.5226752075118],[-0.694696485874704,54.5216893697755],[-0.693885562694581,54.5205804105976],[-0.692288252281178,54.5201975494246],[-0.688614771078873,54.520984423752],[-0.687808004700583,54.5204580563603],[-0.682348074894209,54.5197336429391],[-0.681058099249532,54.5179393780142],[-0.678375676849912,54.5161528442318],[-0.678486655697138,54.5147498962072],[-0.677505191571926,54.5140375191934],[-0.677772476089614,54.5137226237565],[-0.676797085848462,54.5137008837222],[-0.676569039449551,54.5135771293793],[-0.676595792187159,54.5135326182632],[-0.676471198101919,54.5135240342595],[-0.675790108041331,54.5131544200615],[-0.674659806311649,54.5130655145884],[-0.674209842427278,54.5129069720566],[-0.673131220430716,54.5128396711908],[-0.672632007922588,54.5125140393243],[-0.672679010446555,54.5109489219777],[-0.673958179365001,54.5101783400228],[-0.674313362039168,54.5071731974489],[-0.675032614667706,54.5060414563086],[-0.673244232588809,54.5047488486741],[-0.672230339718998,54.504015978178],[-0.672178633474036,54.5039786027363],[-0.672373833661374,54.5039118588487],[-0.674028431111517,54.5033460873212],[-0.671812288116462,54.5036029434371],[-0.669201188038548,54.5017404561206],[-0.670416084425388,54.5007706776705],[-0.66913549106018,54.5016892139092],[-0.66519989658869,54.5005438888426],[-0.654785994777527,54.4975123409678],[-0.644497948599305,54.4957885035496],[-0.640119068040102,54.4955842189456],[-0.64006074870977,54.4955814976811],[-0.640816114610918,54.4945283792907],[-0.641871846730015,54.4930317774072],[-0.641683492449307,54.4911294076089],[-0.644197383663896,54.4906840200454],[-0.645397182760832,54.4891204414086],[-0.648751511950458,54.4859874775024],[-0.649928304728378,54.4849747223519],[-0.650497577991128,54.4825823985007],[-0.648459388140669,54.4809838136884],[-0.649776286595683,54.4801275497082],[-0.650981979506619,54.4792217424226],[-0.655331123389564,54.4783672072769],[-0.658697198363466,54.4771539136813],[-0.656421543247838,54.4725108785286],[-0.656450807263686,54.4703061376021],[-0.656949196073192,54.4695081069915],[-0.660437678626814,54.4662147102749],[-0.663632084971323,54.4632999472755],[-0.664333917947794,54.4619497478493],[-0.664569960069546,54.4613849595662],[-0.668468742053683,54.4605990977553],[-0.668339308204315,54.4589868823032],[-0.67052712743898,54.4585211272243],[-0.671812681095993,54.4578701690553],[-0.670487777882973,54.456923124931],[-0.670121558518376,54.4550192885476],[-0.670410864661276,54.4543565591728],[-0.671394514103116,54.4540637552907],[-0.673598210839855,54.4542019825482],[-0.674182789496084,54.4547362567833],[-0.674377448010737,54.4551929937152],[-0.675745443184539,54.4555674904707],[-0.681630507827251,54.4546144916293],[-0.682593320805158,54.4544106863637],[-0.681919464013641,54.4528186921488],[-0.682487771940128,54.4522173783175],[-0.682320081116382,54.4514796816476],[-0.682918868358318,54.4500327287189],[-0.684039819521317,54.4483527058528],[-0.685350254500309,54.4474633456219],[-0.686155493250335,54.447211513457],[-0.688699283082719,54.4477219367321],[-0.690701803605204,54.4473588531483],[-0.694413111742277,54.4475761999237],[-0.695433872194616,54.4494268935827],[-0.69811483084211,54.4496126395055],[-0.698537980752659,54.4493892839858],[-0.698397712167338,54.4468200931657],[-0.699122443150542,54.4452117932137],[-0.700720320240768,54.4445164087752],[-0.702375269014865,54.4444234992843],[-0.702958144215195,54.4427069458934],[-0.701149997633513,54.4409267842798],[-0.701441994378011,54.4397542199996],[-0.700146983445527,54.4387572828972],[-0.700135172674441,54.4376235712287],[-0.697570282206864,54.4344387083221],[-0.69891610502926,54.4341538086002],[-0.700209636753101,54.4321033756828],[-0.700654316395973,54.4283861107202],[-0.703565935538619,54.4270253996553],[-0.704202701981604,54.4263390494368],[-0.704117894050959,54.4256992019514],[-0.705131306117007,54.4254269412633],[-0.707562656642865,54.4257998120972],[-0.713180745998411,54.4277806093422],[-0.713655548065116,54.428185599666],[-0.715486363512686,54.4284853988699],[-0.719071928763138,54.4303678980816],[-0.72169770617841,54.4311956129963],[-0.722875622876169,54.4318453608967],[-0.722539246403398,54.4322515819745],[-0.722921947479578,54.4329746445506],[-0.722206622064638,54.4336702538657],[-0.722647684571836,54.4347619809972],[-0.724080595065565,54.4339988472317],[-0.72373623403572,54.4324754422677],[-0.724344467534045,54.4315524816211],[-0.729062799588178,54.4308677453546],[-0.729048371099978,54.4303967993171],[-0.727667728644898,54.4300253488903],[-0.727552228641751,54.4296168723435],[-0.728432245134496,54.4292317648259],[-0.728521300723002,54.4287356095311],[-0.729787311750591,54.4286851575475],[-0.730221235562342,54.4283015661344],[-0.731227216239297,54.4262216547197],[-0.733558954544063,54.4257237385815],[-0.734565574672329,54.4262720114025],[-0.735485329409972,54.4263733399642],[-0.736331756543103,54.4257052666966],[-0.73644850452023,54.4233651887403],[-0.73477860943854,54.4230356770594],[-0.73413627371227,54.422456053745],[-0.73594424195815,54.4206077133122],[-0.737765900386063,54.420760730647],[-0.739967295316197,54.419332338626],[-0.73930197649453,54.4181649934028],[-0.739054024308753,54.4159505277733],[-0.739721626101447,54.4151430359931],[-0.738452697890831,54.4140010319631],[-0.738418841561791,54.4124494148635],[-0.739027552969364,54.4119920577081],[-0.740991589689487,54.4115558593034],[-0.741988832809599,54.4104853805519],[-0.738887607115628,54.4083595539583],[-0.735773556022234,54.4073195310591],[-0.735204885792354,54.4048632956054],[-0.735649597360076,54.4034433944634],[-0.734280197074087,54.4021674433086],[-0.733078302301706,54.4008386645624],[-0.734000192296717,54.400018927227],[-0.731347064891445,54.3996818501392],[-0.732215124928717,54.3985065494537],[-0.73217792531826,54.397714392157],[-0.733418659490576,54.3977372411977],[-0.734273555836609,54.3971939637078],[-0.734957467667309,54.3972868489709],[-0.736150216817612,54.3968662343923],[-0.737485247531994,54.3962294122944],[-0.737269893183265,54.3960654713825],[-0.7386509031005,54.3948383974716],[-0.741750387505573,54.3942212731922],[-0.742262666720196,54.3928746092627],[-0.744679052731962,54.3928351452711],[-0.745856787055483,54.3917328734214],[-0.747229098612987,54.3910775562378],[-0.748800040166388,54.390967123226],[-0.74893483733503,54.3903787530497],[-0.747812099714042,54.3901865177165],[-0.747484059516827,54.3898334838218],[-0.749301928258327,54.3893537373291],[-0.750318074924706,54.3886494432312],[-0.750397934797263,54.3873507048008],[-0.749062105670135,54.3857963124831],[-0.749823429409247,54.3853199813884],[-0.750197658110028,54.3844059811666],[-0.750197638992904,54.3826430973961],[-0.751297867426237,54.3825597125276],[-0.750998870262634,54.382010048728],[-0.752098868754856,54.3816287737146],[-0.751477174271182,54.3805509183075],[-0.752663183146758,54.3803296917651],[-0.752069713709404,54.3781763332535],[-0.752818998209434,54.3750894849066],[-0.752100485634239,54.3734073959246],[-0.753815783258475,54.3708449124058],[-0.753121353415042,54.3685916828345],[-0.753571347744353,54.3668245831089],[-0.755108573634542,54.3661576538733],[-0.756149992167049,54.3649120725429],[-0.756618897588448,54.3633836481297],[-0.757486394679329,54.3632594522904],[-0.758079166305772,54.3634917527135],[-0.758965597426341,54.3627893277371],[-0.759859356856565,54.3627041398735],[-0.760967093370518,54.3629559348345],[-0.761676738190957,54.3626607237896],[-0.763942721892205,54.3629089152899],[-0.764039590317582,54.3623408659284],[-0.766074727961262,54.362123506593],[-0.768221813862529,54.3607180682153],[-0.768898476061507,54.360170534148],[-0.768606004072462,54.3597063718555],[-0.77009259667832,54.3591392908817],[-0.770990965635905,54.3591669638006],[-0.771452408106919,54.3582262763751],[-0.772822101489579,54.3580289961495],[-0.7727193657236,54.3576352964288],[-0.773778940675455,54.3569503602324],[-0.774019912291825,54.3573070135698],[-0.778345421251485,54.355780788623],[-0.782232597777263,54.3548257942481],[-0.782772670723983,54.3550834543832],[-0.784461586196396,54.3547853433892],[-0.785224860843509,54.3550573192532],[-0.786471300492418,54.3544673984491],[-0.78735990191958,54.3549745802353],[-0.78913887181298,54.3545062540647],[-0.789387601821093,54.3540925087823],[-0.792713938243136,54.3545903678833],[-0.794219176712831,54.3543543211409],[-0.796222671949974,54.3550987665684],[-0.797035970940566,54.3549483703233],[-0.797425656626796,54.3555839192965],[-0.799237456563046,54.3558527740463],[-0.799450194720812,54.3563804651606],[-0.801479435010448,54.3574117111341],[-0.802558008045469,54.3576329588264],[-0.804047584399277,54.3574725238108],[-0.803912025540234,54.3579042726489],[-0.804840511600854,54.3579163334216],[-0.806005178100331,54.3584591830204],[-0.807679547575064,54.3597087452941],[-0.808422893111232,54.3598135460558],[-0.808839397976581,54.3613098874529],[-0.809854754671197,54.3638538799491],[-0.810923069390282,54.3644878293634],[-0.810864966349368,54.3649302977961],[-0.811581654998329,54.3654628387433],[-0.812051911718086,54.3678297342287],[-0.812364239990159,54.3681814578648],[-0.813578698034345,54.3684523597848],[-0.816759750575843,54.3715301274124],[-0.823634356665542,54.3825175906991],[-0.834416917561831,54.3809054755157],[-0.847090361147311,54.3832048590934],[-0.859864351012284,54.3865281744635],[-0.866551907321819,54.3873505318678],[-0.914474717402178,54.3998680076433],[-0.91856965612611,54.4008281943257],[-0.926890434186741,54.400620652089],[-0.950442895045124,54.4088577690714],[-0.961529925034656,54.4025451226233],[-0.975899976900305,54.3969124683957],[-0.987839601100123,54.3959542877072],[-1.00916710836012,54.4071649537356],[-1.02687290767865,54.4153443927869],[-1.05938054636086,54.4125782562812],[-1.0646952946197,54.4211406689002],[-1.05556295327199,54.4274350034878],[-1.05394178596571,54.4340005333798],[-1.05266294546513,54.4369589032925],[-1.0575056308369,54.4409177551962],[-1.05701080065604,54.4424142329455],[-1.05549557280144,54.4440669151535],[-1.05500347004621,54.4460348028913],[-1.05335639356127,54.447267125594],[-1.05358764928463,54.447687797055],[-1.05274351983513,54.4484531132348],[-1.05256596053838,54.4494025686462],[-1.05143254083891,54.4500851448329],[-1.05028307668862,54.4502325668134],[-1.04992103122819,54.4507966333035],[-1.04939202626873,54.4508058944509],[-1.04884792799697,54.4517892974657],[-1.0478937941485,54.4516535218052],[-1.04838984442755,54.452146339202],[-1.04348973924177,54.4528283625339],[-1.04341259590608,54.4533481482987],[-1.04254214409721,54.4538538010499],[-1.04321569849862,54.4541242771284],[-1.0423020676689,54.4542588843494],[-1.04159990086683,54.4550801601924],[-1.04215948880643,54.4553844391243],[-1.03926212845078,54.4562216520197],[-1.03874521896918,54.4567853082678],[-1.03904399190209,54.4572317485686],[-1.03770424942823,54.4570693531275],[-1.0373892436087,54.4572935616702],[-1.03776659538285,54.4574223877689],[-1.037005771205,54.4577982952393],[-1.03659939859333,54.4574269945182],[-1.03619282046589,54.4581721153601],[-1.03573757034212,54.4580803158852],[-1.03543183995062,54.4583547607672],[-1.03594506699685,54.4584433881635],[-1.03569004451273,54.45860790903],[-1.03482456825064,54.4585962239598],[-1.03394038108894,54.4589899482877],[-1.03288683592648,54.4587361737227],[-1.03116862391495,54.4591013130594],[-1.03101479824458,54.4589221218032],[-1.02988678369992,54.4593161546592],[-1.02920892348154,54.4591056375488],[-1.02926921682529,54.4593862265038],[-1.02851207660439,54.4593107381227],[-1.0282991322878,54.4596317372904],[-1.0275899952738,54.4593066988333],[-1.02660048449827,54.4595234240047],[-1.02593234895872,54.4591574267467],[-1.02364671657154,54.4595102938945],[-1.02318628068492,54.4598733214636],[-1.02149406888951,54.4600060234882],[-1.01932159655426,54.4596339846304],[-1.01314970300224,54.4600165839859],[-1.01123984209446,54.459632504468],[-1.0100817934386,54.458844158923],[-1.00789308293884,54.4582662673804],[-1.0068514478813,54.4584829610484],[-1.00345664416097,54.4583328644762],[-1.00066181909327,54.4586855960549],[-0.996906186916824,54.457992813377],[-0.995990426938059,54.4574558040717],[-0.994241850410812,54.4581335861633],[-0.988401907028171,54.458816237591],[-0.984802225309914,54.4574523438753],[-0.981728760149047,54.4576719227304],[-0.978177487512112,54.4594959054922],[-0.976424954464339,54.4597563358062],[-0.97412790857214,54.4612228811674],[-0.973427370196581,54.4613801130783],[-0.97209252365794,54.4608471380597],[-0.976120873654663,54.4676778424519],[-0.979961892680382,54.4719413861706],[-0.983516620765895,54.478877552647],[-0.989527993617163,54.47949916433],[-0.991153469378142,54.4785732701235],[-0.991625287726101,54.4788121513947],[-0.994701226660115,54.4773704075862],[-0.999444039092948,54.4760192063918],[-1.00412824247395,54.4754806969353],[-1.0095327305501,54.4755253556204],[-1.0164537477995,54.4766431697178],[-1.01829470156145,54.4780079177744],[-1.01852885150782,54.4796956405075],[-1.01909076685274,54.4801544916756],[-1.01870173391491,54.4813774054552],[-1.01907037963148,54.4825062463518],[-1.02299937921639,54.4833561445233],[-1.02307537394374,54.4839931615773],[-1.02492591564575,54.4848964376644],[-1.02484145964793,54.4852838934038],[-1.02579753650394,54.4851407711302],[-1.02603324621384,54.4858327714016],[-1.02729490475359,54.4856858959383],[-1.02744443149542,54.4862356046898],[-1.02900170337032,54.4874116963995],[-1.02997137118112,54.4875936232675],[-1.03058861635555,54.4883366381674],[-1.03049006312398,54.4891593130478],[-1.03163489061667,54.4907510888228],[-1.03158608260105,54.4913270107769],[-1.03390903892384,54.4929239842896],[-1.03685127014028,54.4940441776903],[-1.02380053628949,54.5020450526579],[-1.00340083895245,54.5030120131439],[-0.998704275870932,54.5023626375823],[-0.987387124021008,54.500857987464],[-0.967829458721178,54.497268570429],[-0.953375423938173,54.4881946628003],[-0.952591432123945,54.4880144398293],[-0.943988106933279,54.488689145572],[-0.936561352799099,54.4903545762584],[-0.93334452844555,54.4913254152017],[-0.931188405739975,54.4915850018237],[-0.929035246736822,54.4916378748847],[-0.925396721028682,54.4910778888595],[-0.922947944708147,54.4910167997139],[-0.916365720262197,54.4922244296038],[-0.900743828046589,54.4943130343127],[-0.895785743982783,54.4956024504833],[-0.894219104538553,54.4963704358246],[-0.894212674185305,54.496912049175],[-0.880824899020234,54.4970467756218],[-0.880644623200532,54.4964710361889],[-0.878186549993522,54.4953293343727],[-0.877173219404261,54.4949621265379],[-0.876336992145369,54.4953893811851],[-0.875781063376293,54.4911646351014],[-0.866978768614915,54.4892409450985],[-0.86349419901083,54.4890832786702],[-0.85626226311395,54.4878487087146],[-0.848531000667762,54.487972529412],[-0.844139077823691,54.4895497715193],[-0.843942296890513,54.4912246364571],[-0.845058477233059,54.4926367779686],[-0.848615022616606,54.495532348914],[-0.853321196996228,54.5027133515827],[-0.852346945508928,54.5056292419318],[-0.852326515006401,54.510376946758],[-0.85021043471572,54.5114291388509],[-0.851290224893782,54.5136837526686],[-0.85223548890897,54.5176101153146],[-0.852183776570204,54.5180591938043],[-0.851191108831016,54.518373123824],[-0.849947984502993,54.5199548948498],[-0.850649634567807,54.5234250883908],[-0.851429107430383,54.5240043127733],[-0.850398541435563,54.5241964394733],[-0.850001360978783,54.5248291191862],[-0.850260542915378,54.5259241473076],[-0.850677043203597,54.5264038467796],[-0.850072140953401,54.5264982617245],[-0.850145380440451,54.5276230496006],[-0.848648010068455,54.5300039704112],[-0.844596099749614,54.5334802969241],[-0.843901951746072,54.5347995965274],[-0.842153294482677,54.5360203461415],[-0.841872994683818,54.5373725134911],[-0.838665908954599,54.5398001408343],[-0.836662281534874,54.542633559764],[-0.834800680897352,54.5433560384742],[-0.832497835480323,54.5452180879106],[-0.830840322479696,54.5455432057929],[-0.82975978826263,54.5468284062463],[-0.828001464820836,54.5473644683112],[-0.826985008084097,54.5485752178145],[-0.825274425817679,54.5490725974239],[-0.821843971400164,54.5490769441479],[-0.821349041119152,54.5494037595113],[-0.820399439972968,54.5493619283189],[-0.818921382597177,54.5507031936896],[-0.815676919852874,54.5525068708113],[-0.814734366982664,54.5516859776295],[-0.813066264701693,54.5520423239791],[-0.810541067935204,54.5512202079904],[-0.809599907537383,54.5517128069571],[-0.808119713391971,54.5512407270752],[-0.806464608519802,54.5514322465867],[-0.804925018004994,54.5508943832325],[-0.801846715464258,54.5514085232823],[-0.800743493305415,54.5510221027532],[-0.800230001110553,54.5511510966887],[-0.800157352853684,54.5511693468642],[-0.800171763161258,54.5511921405869],[-0.800580286290034,54.5518383165838],[-0.797481695596157,54.5538431986456],[-0.797246803349116,54.5543195035013],[-0.798788281141829,54.5556179847521],[-0.79554802530081,54.5548737746516],[-0.796099807123288,54.5566147004999],[-0.795487210048012,54.5571506399483],[-0.794265371467143,54.5575027462383],[-0.793966819342055,54.5585860334862],[-0.793966684350018,54.5585861013432],[-0.792206920001774,54.559472309679]]],[[[-0.787605587024816,54.5591361827758],[-0.78796006052408,54.5590619936355],[-0.788108274794015,54.559368552717],[-0.788108349270589,54.559368700855],[-0.788106987125695,54.5593692138693],[-0.788153152338972,54.5594570788055],[-0.788153172784123,54.5594571194532],[-0.788349375409218,54.5598585562349],[-0.788978345776028,54.5599952714013],[-0.788300018987784,54.5601895682177],[-0.788281497140212,54.5601878962366],[-0.787605587024816,54.5591361827758]]]]},"properties":{"FID":5564,"MSOA21CD":"E02005796","MSOA21NM":"Scarborough 002","MSOA21NMW":" ","BNG_E":476257,"BNG_N":507493,"LAT":54.45712,"LONG":-0.82526,"GlobalID":"c998c6dd-5f60-4362-b83a-08457c9d40dc","GROUP":"The Vale, Moors & Coast"}},{"type":"Feature","id":5565,"geometry":{"type":"MultiPolygon","coordinates":[[[[-0.620530301188827,54.471065398971],[-0.620530299396136,54.4710492516589],[-0.620798286707395,54.4711173938593],[-0.620743500450645,54.4711088299505],[-0.620530301188827,54.471065398971]]],[[[-0.613909707418458,54.4854978210018],[-0.613704250777129,54.485296747901],[-0.612675241587365,54.4855706619974],[-0.61257569187621,54.4839733093733],[-0.611765731531492,54.483709660093],[-0.612231924493786,54.4819983662648],[-0.613489516455551,54.4810511147298],[-0.613657143472415,54.4803655875855],[-0.613785043486225,54.4798425153111],[-0.614864686985321,54.4785629117406],[-0.61437049935526,54.4764243813],[-0.614694343602422,54.4752802757479],[-0.61567549817798,54.4744773208982],[-0.618470277549497,54.4748362357253],[-0.618500418062581,54.4748408484286],[-0.620926711450092,54.4752121375329],[-0.623036881192954,54.4747051092683],[-0.623603766090285,54.4738508302808],[-0.623932586653489,54.4733552887162],[-0.623304801437451,54.4729803673571],[-0.623091256635257,54.4716367919501],[-0.623868311872253,54.4707142456631],[-0.62508862002772,54.4700829047439],[-0.626963522095127,54.4695741206751],[-0.628296789284885,54.4696462388414],[-0.632320903076374,54.4690613305814],[-0.632321149031581,54.4690611733832],[-0.632398583569916,54.4690543263222],[-0.633726159745999,54.4685598529973],[-0.634701537024856,54.4674474115831],[-0.635790852753682,54.4663721908774],[-0.639838452581557,54.4663059918058],[-0.647075679558947,54.4638683408147],[-0.647969713990106,54.4637911209999],[-0.648151289653951,54.4641480341589],[-0.650200404342165,54.464121928611],[-0.651254985051689,54.4655078310085],[-0.652688633983489,54.4653257983006],[-0.653169628551679,54.4659487787595],[-0.651071896216041,54.4662809873648],[-0.651632312786898,54.4677597672241],[-0.65251514771159,54.4678337055413],[-0.655891844959191,54.4693663240905],[-0.656949196073192,54.4695081069915],[-0.656450807263686,54.4703061376021],[-0.656421543247838,54.4725108785286],[-0.658697198363466,54.4771539136813],[-0.655331123389564,54.4783672072769],[-0.650981979506619,54.4792217424226],[-0.649776286595683,54.4801275497082],[-0.648343129402839,54.4808926256893],[-0.648108863160894,54.4810203273611],[-0.647392620893123,54.4816774027608],[-0.64744875231346,54.4827835214104],[-0.645968982981438,54.4834573619545],[-0.645181473998977,54.4829495718055],[-0.645382590484448,54.4816792722491],[-0.643978793850778,54.4809939006315],[-0.639437440660387,54.4813459835219],[-0.639033346125743,54.4794993104761],[-0.633889457990371,54.4797461597788],[-0.634026953563044,54.4802508803199],[-0.634796083593636,54.482144477525],[-0.633963378530154,54.4825179007054],[-0.632471041014445,54.4816291276672],[-0.632760251341645,54.4813554090101],[-0.629231060099688,54.481592488765],[-0.628048754293581,54.4818864555545],[-0.625621147127121,54.4828810313032],[-0.626294699674822,54.4835643788942],[-0.623716684958563,54.4843011307843],[-0.623612927317204,54.4841394749409],[-0.622894140779303,54.4830046951791],[-0.622060017339724,54.4805369810253],[-0.617608284149547,54.481169086675],[-0.617633508192055,54.481421499129],[-0.617712569626947,54.4822201040558],[-0.618172870279132,54.483250374233],[-0.616983126775918,54.4833791610699],[-0.616331602341291,54.4834454317393],[-0.615482365563486,54.4836616858775],[-0.615521708706652,54.4840092671344],[-0.614823941498382,54.4844020703489],[-0.615639937958662,54.4850512310532],[-0.613598063903379,54.485919013716],[-0.613609979933578,54.4867486445866],[-0.613402827339772,54.4868508988136],[-0.613360823866314,54.485656270679],[-0.613909707418458,54.4854978210018]]],[[[-0.611381955447287,54.4930140286769],[-0.611748574158724,54.4928380990658],[-0.611557479274804,54.4922872611293],[-0.611554575102831,54.4922849377228],[-0.61155414419717,54.4922837113513],[-0.611537249077045,54.4922710829035],[-0.609404915375609,54.4905657351362],[-0.606987717421722,54.4902969496281],[-0.605743445789963,54.4904718873764],[-0.605343224908687,54.4901648362078],[-0.60037548749547,54.4891051236169],[-0.598410152338465,54.489423258814],[-0.598177101804028,54.4892914650305],[-0.596808713458931,54.4885175987391],[-0.594892185821597,54.4886278187107],[-0.593332988630032,54.4878364461772],[-0.593262901642052,54.4878118411775],[-0.594415799422017,54.4864123160213],[-0.594293535007435,54.4842937353948],[-0.595087950935461,54.4813811235245],[-0.601047321942009,54.4790332531973],[-0.599268488120498,54.4769742625409],[-0.598971867851675,54.4753824644923],[-0.598244917270727,54.4741413823218],[-0.598311188310605,54.4731950624169],[-0.598094319935306,54.4719385736337],[-0.596152385609217,54.4709702770361],[-0.597635230551476,54.4694734290028],[-0.599391975245151,54.467820591746],[-0.599153659186831,54.4672027379182],[-0.600277180799845,54.4648401829052],[-0.600368755241717,54.4632313893706],[-0.601346499593398,54.464334931766],[-0.608062808215054,54.4654867805997],[-0.609472264590773,54.4664506317435],[-0.611024381639863,54.4666215557317],[-0.611021222942774,54.4669336716324],[-0.613024017041495,54.467775277995],[-0.613555299661576,54.4684914013801],[-0.616257745260932,54.4688852461664],[-0.618079969990065,54.4697158299108],[-0.62015545582773,54.4700299491262],[-0.620620222870039,54.4703478633674],[-0.620530255806182,54.4707392934386],[-0.620530237546599,54.4705986654651],[-0.62039084327397,54.471115545143],[-0.622316582594243,54.4716280556749],[-0.62222561591947,54.4726366063726],[-0.623169781788497,54.4737341550859],[-0.622831550585381,54.4743764273229],[-0.62080346348061,54.4748385513299],[-0.618213958113412,54.4742080630198],[-0.617668317274933,54.4736982442418],[-0.615474398843294,54.4738238594295],[-0.614011475963892,54.4748087731958],[-0.613182386925797,54.4759742248015],[-0.613669892371416,54.4776783092557],[-0.613177144313043,54.479610358499],[-0.61309020903778,54.4799512057882],[-0.611270315777745,54.4809814224408],[-0.608090459941897,54.4805063461014],[-0.607957479680184,54.4804864764218],[-0.608064835961711,54.4805114589549],[-0.609215062019537,54.480779119865],[-0.608858775031049,54.4808761318312],[-0.611384339517835,54.4811604186977],[-0.609967244680098,54.4828869429727],[-0.609843848890264,54.4836215161275],[-0.610561361523749,54.4848739921662],[-0.611482761150958,54.4864822525774],[-0.61272101529901,54.4870694314756],[-0.612729714595012,54.4871266829712],[-0.612892226985905,54.4881962023313],[-0.613583302207909,54.4881982872057],[-0.612550946213629,54.4884457384302],[-0.612323387863974,54.4891574663602],[-0.613246370880189,54.4896567158314],[-0.610595923423768,54.4900123062394],[-0.609764832476741,54.4905872204565],[-0.611675327599346,54.4920279272982],[-0.611796619030429,54.4924415579144],[-0.61197443837281,54.4930557309559],[-0.611462681755088,54.4930099029272],[-0.611563397601498,54.4931364715424],[-0.611942214426531,54.4936939719176],[-0.611634646884051,54.493368551171],[-0.611407411233187,54.4930805573907],[-0.611381955447287,54.4930140286769]]]]},"properties":{"FID":5565,"MSOA21CD":"E02005797","MSOA21NM":"Scarborough 003","MSOA21NMW":" ","BNG_E":488460,"BNG_N":509749,"LAT":54.47542,"LONG":-0.63641,"GlobalID":"fb8fb8cf-67ba-45a2-89dc-0c599149162f","GROUP":"The Vale, Moors & Coast"}},{"type":"Feature","id":5566,"geometry":{"type":"Polygon","coordinates":[[[-0.589630165409132,54.4882915258461],[-0.588851875989486,54.4866922507026],[-0.588141115316864,54.4856934178984],[-0.585120692704479,54.4838652389218],[-0.583845029406649,54.4833473503851],[-0.5802045348791,54.4830599154583],[-0.579850655266973,54.483338871987],[-0.578839483128117,54.4833422686193],[-0.577477101859397,54.4826126206984],[-0.572612248754627,54.4811621813842],[-0.570765042088901,54.4798845909591],[-0.568963191979802,54.4797698022808],[-0.568736171592496,54.4788890128757],[-0.566289799829021,54.4776891010884],[-0.564008274320252,54.4759416761421],[-0.562956336445748,54.4743645601787],[-0.562033815350657,54.4729813674725],[-0.561428721938606,54.4710626520116],[-0.559571800003576,54.4698910035493],[-0.559365192195834,54.4679613853067],[-0.557447072779494,54.4667761205107],[-0.556869279411011,54.465041773886],[-0.554825965922153,54.4647054839136],[-0.553659763129301,54.4635608718915],[-0.55244839708159,54.4630253617167],[-0.550139336842183,54.4620045210229],[-0.549725682831608,54.4612239122636],[-0.547304414178933,54.461299361782],[-0.54542943066902,54.4605173422784],[-0.544812005192432,54.4598304326626],[-0.542511934706076,54.4594186682887],[-0.540291054931679,54.4579960591872],[-0.538715623542083,54.4559140480151],[-0.538679360197931,54.4558863333085],[-0.537153886723741,54.4547204462006],[-0.533989483086775,54.45372453781],[-0.534663948652337,54.4528923561458],[-0.5333004530189,54.4513370996975],[-0.530949444914115,54.4502273072038],[-0.528735329343599,54.4501644200815],[-0.526235855244104,54.4494580758839],[-0.525702232486555,54.4484269489753],[-0.523968998128543,54.4481613196095],[-0.521447074942466,54.4469237730419],[-0.520827386937012,54.4461925729186],[-0.521587534494292,54.445439163342],[-0.521178286242521,54.4440297058838],[-0.522191026680937,54.441231939519],[-0.523578451771384,54.4399567097609],[-0.525523161871297,54.4388829796831],[-0.526357890032465,54.4384220750668],[-0.53133511320806,54.4366132034576],[-0.531756347648895,54.4360871384621],[-0.53150544434879,54.4347394964098],[-0.532695587846162,54.4335300749686],[-0.532463960833921,54.433168859288],[-0.531693851175555,54.4319678434727],[-0.532238179386329,54.4318264279553],[-0.532359833636271,54.4312696657316],[-0.53191195451944,54.4304084816328],[-0.532273334708871,54.4302394962946],[-0.532275806429187,54.4300044370219],[-0.532290413160416,54.4286147929893],[-0.531348822192194,54.4270933824929],[-0.530875746949863,54.4249939686736],[-0.529160843369367,54.4235181894934],[-0.52971555155134,54.4228825030065],[-0.528882300407009,54.4226910330726],[-0.525285997600127,54.4183588640323],[-0.52291443293,54.4162242687501],[-0.517834334781194,54.4142159489391],[-0.513404469791666,54.4115706195995],[-0.507979542752617,54.4099043882811],[-0.504196060875456,54.4076177719165],[-0.502710024401759,54.4073234883656],[-0.500209978453097,54.4068283481802],[-0.49441994176658,54.4067437098587],[-0.492954427865676,54.4075918703472],[-0.491555457625071,54.4079267314388],[-0.490892421830815,54.4076047658432],[-0.490141139631347,54.4064556963046],[-0.486879890800289,54.4050621787594],[-0.484544600866829,54.4028621080261],[-0.482234086306523,54.4017248638408],[-0.478647111746822,54.3990327599356],[-0.477726399981106,54.3987449560109],[-0.47667202884108,54.3991633480706],[-0.475237552532986,54.3988847709206],[-0.473756384930383,54.3978223784726],[-0.471690434158307,54.3969999149097],[-0.468765752662046,54.3932406874267],[-0.463215231697273,54.3885547839968],[-0.461670376604268,54.3858851095346],[-0.461558920086794,54.3856924858144],[-0.461095275166324,54.3848911812648],[-0.457723535056057,54.3814411054653],[-0.454606628235361,54.375958966524],[-0.449811872300649,54.3724176268938],[-0.447051345686711,54.3673960766459],[-0.447332615793668,54.3654643201856],[-0.445931598694699,54.3636055574745],[-0.44582648564972,54.3621210119998],[-0.446233949621084,54.3605652305629],[-0.446852864097844,54.3601431236386],[-0.446766950271803,54.3594184705344],[-0.446765321634678,54.3594047303587],[-0.446758755203379,54.3593493501488],[-0.446259094944171,54.3584793601348],[-0.444729536275214,54.3576156044498],[-0.439929016741463,54.3569774213268],[-0.439185319292113,54.3566348906492],[-0.436035039906962,54.3527486878447],[-0.433262176678632,54.3505447236556],[-0.432808752227456,54.3488987127576],[-0.431338113827363,54.3468236970128],[-0.430967500507411,54.3450867172915],[-0.432781049237651,54.3406765359366],[-0.432625474866031,54.3400879646638],[-0.43114217701018,54.3399082477047],[-0.428550300113662,54.3402068825486],[-0.427370583978255,54.3398442142106],[-0.425498268086331,54.3399143422579],[-0.425823449846849,54.3397456583957],[-0.423359372462459,54.3390639153904],[-0.421628792402574,54.3360901683667],[-0.420997220248576,54.3335299410308],[-0.420451158298508,54.3332825409012],[-0.420751460897855,54.3327993280223],[-0.419444481625292,54.3323166986498],[-0.417081352345487,54.3314439992184],[-0.418192828635234,54.3305753325227],[-0.419624809670872,54.3281226034104],[-0.419449853194196,54.327688348177],[-0.420987543199372,54.3267218936888],[-0.42166108583352,54.3258154725559],[-0.420871504411203,54.3247705264318],[-0.42119697979031,54.3237009085178],[-0.420693024136908,54.3226672512488],[-0.419455009523153,54.3216140811289],[-0.417808550251462,54.3207844780393],[-0.4171715569933,54.3204635015644],[-0.418702139604314,54.3199263413826],[-0.419833144207723,54.3200095998999],[-0.433612509264926,54.314021216926],[-0.433429268778012,54.3137940472222],[-0.439667844683293,54.3116552965891],[-0.446232883891613,54.3094032697501],[-0.446555021826635,54.3074197215693],[-0.446941883934072,54.306035107107],[-0.448752297787131,54.3059428017893],[-0.448477657636614,54.305301576427],[-0.447852173937308,54.3053019648092],[-0.447761688963925,54.3050579935407],[-0.44874120653523,54.3042715673247],[-0.449471470864644,54.3044364833687],[-0.450092633463373,54.305459228601],[-0.450667585670249,54.3052371822797],[-0.450730210413338,54.3059645218343],[-0.450227570740565,54.3056956969287],[-0.450089719075509,54.3060655818347],[-0.450840852614177,54.3061874919541],[-0.451777063519496,54.30551185511],[-0.452102679173713,54.3039930942213],[-0.451726434297803,54.3027828039724],[-0.449641514958398,54.3022751007333],[-0.4488637637701,54.3023642521469],[-0.448584246680862,54.3018884011333],[-0.448039159134432,54.3025709917147],[-0.448495573917237,54.3032039304492],[-0.448038088540588,54.3043250772088],[-0.447297312914125,54.304505161026],[-0.447482501923165,54.3035408661818],[-0.446846208489807,54.3035026582186],[-0.447476400492034,54.3030637279839],[-0.446772117143276,54.3020565172344],[-0.447869034819865,54.3019202496177],[-0.447796693050726,54.3012255533794],[-0.446200406738971,54.3011083258427],[-0.445593295528329,54.3003677084378],[-0.446216705188049,54.3000283102204],[-0.446311221655478,54.2993646214267],[-0.446580660350118,54.299044484876],[-0.448035122135125,54.2989171674764],[-0.448093355217436,54.2991903943484],[-0.449479940588587,54.2994599789839],[-0.450099292649189,54.2991308729929],[-0.449533826644224,54.2986155798585],[-0.450393866033335,54.2986622062014],[-0.450543844508838,54.2978064927324],[-0.451079077002006,54.297641757827],[-0.451120988717961,54.2981021869387],[-0.45184047866922,54.2979802510144],[-0.45307768632594,54.2990413103164],[-0.453263333810814,54.2987188376062],[-0.454270470508381,54.2992814511026],[-0.455336635601913,54.2991671362002],[-0.456044104440409,54.2994369548345],[-0.45625684199451,54.2999708254809],[-0.457489329206285,54.3002199582562],[-0.457557120590545,54.3007220838902],[-0.458923598880038,54.3010587560963],[-0.459202140903813,54.2994109627645],[-0.46001246112266,54.2991357093667],[-0.46049415502079,54.2995598827267],[-0.463399975748594,54.2982198047637],[-0.462595080578801,54.2980368368254],[-0.457831231386703,54.2984156617082],[-0.457730206418535,54.2978066328883],[-0.459176168201053,54.2959543411989],[-0.46157281176134,54.2948386860275],[-0.462243429947661,54.2929946191592],[-0.457507285432677,54.2931362580229],[-0.454556513320407,54.293565893424],[-0.454115802306224,54.2897402684654],[-0.450808672550201,54.2902551249713],[-0.450201031069609,54.2909775312253],[-0.451263043922309,54.2895202772076],[-0.451803643120379,54.286158509737],[-0.452621620372337,54.2859047590156],[-0.452602009671811,54.2854865934557],[-0.458159182933789,54.2853445424751],[-0.459873032121144,54.2863830714471],[-0.463142583981381,54.2862900805665],[-0.464685581854365,54.2868964871266],[-0.467581477221516,54.2866880845644],[-0.469674914736922,54.2869716268779],[-0.47305375318416,54.2860570243774],[-0.474060377835721,54.2863432520703],[-0.475399430924954,54.2862343530196],[-0.476958497815511,54.2847305463479],[-0.476236088249505,54.2843779451052],[-0.477204684024169,54.2841466215708],[-0.479145858227232,54.2813747530597],[-0.480926618900428,54.2802666372926],[-0.482603271647086,54.2782280859384],[-0.484970727027238,54.276416435171],[-0.487978330648314,54.2750217147088],[-0.488998747840934,54.2740360022151],[-0.492056690962501,54.2737724838349],[-0.494589721247532,54.2745274599566],[-0.496450785365072,54.2730558892867],[-0.503930553493499,54.2752935235058],[-0.506875180248914,54.2774877380918],[-0.509220996923602,54.2787051117887],[-0.509774941569878,54.2786240442777],[-0.510712693515247,54.2801321020359],[-0.513395586375453,54.2814341635223],[-0.516749913426617,54.2834527688576],[-0.520113464076348,54.2860413263078],[-0.521834612054232,54.2865882209225],[-0.523245268932038,54.286017630825],[-0.523136566270581,54.2871659130331],[-0.524462549873653,54.288294678968],[-0.525538053834753,54.2905484947833],[-0.528497931840121,54.2894615566502],[-0.533922310158166,54.2884703629931],[-0.533914444853534,54.2903962233404],[-0.532754685130493,54.291566584433],[-0.532264560397589,54.2932669522002],[-0.535803046850632,54.2928939543846],[-0.535770382026748,54.2935995520129],[-0.538553183515408,54.2936306078315],[-0.54130722226315,54.2911997916725],[-0.542900270859964,54.2909550140056],[-0.543148202244868,54.2905959626374],[-0.544771106359903,54.2906200365058],[-0.546985740383667,54.2901678369026],[-0.547349653407391,54.2913077705879],[-0.548239424951031,54.2921246023284],[-0.552046131718942,54.2938044770955],[-0.552717166763659,54.2947562756284],[-0.552312297656282,54.2955401250251],[-0.554371615108152,54.2950780496908],[-0.555500686134032,54.295635626221],[-0.555200707769122,54.2960572889945],[-0.556586706995897,54.2966288868909],[-0.559589685469033,54.2970620720411],[-0.560944532501462,54.2970387579206],[-0.561207211583609,54.2966938801202],[-0.565748578544328,54.2955252749726],[-0.568746797084291,54.2939725032383],[-0.564494541128833,54.2906144087421],[-0.566502260162111,54.2901203430482],[-0.569573328252145,54.2882125851642],[-0.573876806762974,54.2905222872489],[-0.578654041321158,54.2860827295999],[-0.579533091211976,54.2840149042787],[-0.578773674138566,54.2821592508614],[-0.582636209285892,54.2798982009297],[-0.583541953205395,54.2799265331322],[-0.586298649319096,54.2783947163146],[-0.587201056131541,54.2772565358352],[-0.58784150139447,54.2771949443276],[-0.587514119617006,54.2769720361432],[-0.588730732417358,54.2757521385827],[-0.591191757885733,54.2760510970892],[-0.592710807661456,54.2770507340692],[-0.594704484424687,54.2775887966846],[-0.595279447862683,54.2774061831241],[-0.597976931395514,54.2778276871539],[-0.60131951728329,54.2770876305776],[-0.603562563716059,54.2781323142377],[-0.60418744224178,54.2760373473253],[-0.605734113402198,54.2742879323942],[-0.607670670977497,54.2749697682126],[-0.610336159775203,54.2749607413281],[-0.613064626121083,54.276985592054],[-0.613341283092991,54.2786380159943],[-0.609766859293095,54.2827431698082],[-0.60989683670835,54.286044739851],[-0.609099273038027,54.2863349533347],[-0.605523824546192,54.2930452762574],[-0.604909581381922,54.2966328139306],[-0.605313178493533,54.2970807032584],[-0.604506566900703,54.2980864587998],[-0.600808053160072,54.2995474547718],[-0.598771896783966,54.301303460202],[-0.598798465895048,54.3022042406667],[-0.597773502340224,54.3027875243247],[-0.594670434092025,54.3033842483842],[-0.592556735061617,54.3032596309435],[-0.587786216105681,54.3042591724201],[-0.586547451904074,54.3053718266369],[-0.584090010328018,54.3062631776903],[-0.581108477591021,54.3094874534121],[-0.578983736439094,54.3109306005662],[-0.57028507041823,54.3122207574647],[-0.56830039733466,54.3120510387934],[-0.567296251796527,54.3113907379262],[-0.567455806531243,54.3120658803736],[-0.568396303773129,54.3123306703953],[-0.567782762729173,54.3127048094326],[-0.567701850543742,54.313876518435],[-0.568359536401353,54.314364042166],[-0.568733676636771,54.3158728630591],[-0.570648234973153,54.3163828650083],[-0.572412469225154,54.3163498092138],[-0.572786107939213,54.3166589741341],[-0.572266530016306,54.31705504485],[-0.572454580144265,54.3174934737959],[-0.573135302030677,54.3175638696811],[-0.573629578802901,54.3171632814887],[-0.574078147200226,54.3183218561012],[-0.574548196159357,54.3184408794902],[-0.575550439495292,54.3180361676837],[-0.576261943890742,54.3192057084486],[-0.57688746982127,54.3186633141726],[-0.577885617116471,54.3186268445124],[-0.578420628734845,54.318981150201],[-0.579816616558754,54.3189793315486],[-0.580047488328549,54.3193766190443],[-0.58124536189215,54.3192118476817],[-0.581917291974244,54.3196120595637],[-0.583164963039963,54.3194295787059],[-0.584816271332249,54.3207732575814],[-0.585854185294548,54.3208590189785],[-0.584611540517848,54.3223441479037],[-0.584869837996311,54.3238904357223],[-0.586267440624308,54.3248606793434],[-0.586367665786828,54.3253858144541],[-0.587287728152183,54.3253885904324],[-0.58713903445081,54.3263485612059],[-0.590100977812516,54.3293977859851],[-0.593226222306367,54.3306888919617],[-0.595909867314249,54.3309538077669],[-0.598154713481661,54.3318497189739],[-0.600573843523597,54.3323142725805],[-0.600879176730873,54.3328902331333],[-0.601972042417996,54.3329191744496],[-0.603019059486535,54.3338191343432],[-0.603530733665647,54.3337636458324],[-0.604317014541429,54.3342357922913],[-0.604492614036856,54.334666194912],[-0.607606296992078,54.3354758820483],[-0.60769732364647,54.3359678966192],[-0.61050911969742,54.3366215655038],[-0.612185856369531,54.3373705533571],[-0.613641536769073,54.3386773138762],[-0.614803056958013,54.3391712050947],[-0.61650841057458,54.3409200855732],[-0.620956089895653,54.3434493704005],[-0.62610719079696,54.3494046581902],[-0.629262120606826,54.3534516230671],[-0.627628881177745,54.3590844354507],[-0.63392663781472,54.3645057907173],[-0.63442278329431,54.3660306238585],[-0.632615824104546,54.3759520958693],[-0.661319785671291,54.3665106431609],[-0.661158548448473,54.3676833653725],[-0.661902968890541,54.3693062096981],[-0.662404550417304,54.369479449538],[-0.661929641539962,54.3698424750225],[-0.662746578525517,54.3704462522724],[-0.662600841822981,54.3710378342144],[-0.663459947227594,54.3711877756649],[-0.66365987805637,54.3718212366116],[-0.664556606057726,54.3718220921833],[-0.664237247087757,54.3721905668562],[-0.665237176502486,54.3723158619318],[-0.665064536769765,54.3726337404631],[-0.666280317264463,54.3726451993705],[-0.666265308008359,54.3730638111793],[-0.667002486433285,54.3730286884957],[-0.667391141655717,54.373472191606],[-0.668447956827716,54.3733611690376],[-0.668180545098704,54.3737744374062],[-0.669525260570418,54.37436843581],[-0.671552497626657,54.3748036155575],[-0.672970865765637,54.3746961869644],[-0.674836597707582,54.3751882455617],[-0.677843216667366,54.3746111393364],[-0.68026194868231,54.3731632996094],[-0.681331881570146,54.3729677058855],[-0.684186577958992,54.3734796674267],[-0.687232576018739,54.3731092150685],[-0.688123058592211,54.3728520491581],[-0.687618903772098,54.3708454663577],[-0.688164817482604,54.3692878125685],[-0.689651421366672,54.3673959279486],[-0.691729033061237,54.3656658186444],[-0.696259522890147,54.3653454509811],[-0.699939173432592,54.3657078183029],[-0.703248004302669,54.3648794418953],[-0.707906094899455,54.3625549010419],[-0.710246384786405,54.3608506159604],[-0.711389939611097,54.3590253666173],[-0.711192400362535,54.3571774189689],[-0.733001708493447,54.3552557236927],[-0.735073785426663,54.3556672026044],[-0.735917729240348,54.3561521102066],[-0.737561820264494,54.3561841935123],[-0.738322311507291,54.3565061542692],[-0.740015256940966,54.3564190612083],[-0.740250986246479,54.3567462014368],[-0.741219627075291,54.356929882221],[-0.742669067546459,54.3582870171952],[-0.742511187083792,54.3586346985854],[-0.74306626956384,54.3591349019326],[-0.742789110422344,54.3597548936181],[-0.743500201119168,54.3599501924594],[-0.742712848429457,54.3608395121382],[-0.743253429678357,54.3622316902997],[-0.744393722040918,54.3627459174958],[-0.74384838284745,54.3631683312364],[-0.745406985004648,54.3647531816721],[-0.747299973040871,54.3657218766718],[-0.747731179858725,54.3669163880112],[-0.750356041150349,54.3682307914046],[-0.753121353415042,54.3685916828345],[-0.753815783258475,54.3708449124058],[-0.752100485634239,54.3734073959246],[-0.752818998209434,54.3750894849066],[-0.752069713709404,54.3781763332535],[-0.752663183146758,54.3803296917651],[-0.751477174271182,54.3805509183075],[-0.752098868754856,54.3816287737146],[-0.750998870262634,54.382010048728],[-0.751297867426237,54.3825597125276],[-0.750197638992904,54.3826430973961],[-0.750197658110028,54.3844059811666],[-0.749823429409247,54.3853199813884],[-0.749062105670135,54.3857963124831],[-0.750397934797263,54.3873507048008],[-0.750318074924706,54.3886494432312],[-0.749301928258327,54.3893537373291],[-0.747484059516827,54.3898334838218],[-0.747812099714042,54.3901865177165],[-0.74893483733503,54.3903787530497],[-0.748800040166388,54.390967123226],[-0.747229098612987,54.3910775562378],[-0.745856787055483,54.3917328734214],[-0.744679052731962,54.3928351452711],[-0.742262666720196,54.3928746092627],[-0.741750387505573,54.3942212731922],[-0.7386509031005,54.3948383974716],[-0.737269893183265,54.3960654713825],[-0.737485247531994,54.3962294122944],[-0.736150216817612,54.3968662343923],[-0.734957467667309,54.3972868489709],[-0.734273555836609,54.3971939637078],[-0.733418659490576,54.3977372411977],[-0.73217792531826,54.397714392157],[-0.732215124928717,54.3985065494537],[-0.731347064891445,54.3996818501392],[-0.734000192296717,54.400018927227],[-0.733078302301706,54.4008386645624],[-0.734280197074087,54.4021674433086],[-0.735649597360076,54.4034433944634],[-0.735204885792354,54.4048632956054],[-0.735773556022234,54.4073195310591],[-0.738887607115628,54.4083595539583],[-0.741988832809599,54.4104853805519],[-0.740991589689487,54.4115558593034],[-0.739027552969364,54.4119920577081],[-0.738418841561791,54.4124494148635],[-0.738452697890831,54.4140010319631],[-0.739721626101447,54.4151430359931],[-0.739054024308753,54.4159505277733],[-0.73930197649453,54.4181649934028],[-0.739967295316197,54.419332338626],[-0.737765900386063,54.420760730647],[-0.73594424195815,54.4206077133122],[-0.73413627371227,54.422456053745],[-0.73477860943854,54.4230356770594],[-0.73644850452023,54.4233651887403],[-0.736331756543103,54.4257052666966],[-0.735485329409972,54.4263733399642],[-0.734565574672329,54.4262720114025],[-0.733558954544063,54.4257237385815],[-0.731227216239297,54.4262216547197],[-0.730221235562342,54.4283015661344],[-0.729787311750591,54.4286851575475],[-0.728521300723002,54.4287356095311],[-0.728432245134496,54.4292317648259],[-0.727552228641751,54.4296168723435],[-0.727667728644898,54.4300253488903],[-0.729048371099978,54.4303967993171],[-0.729062799588178,54.4308677453546],[-0.724344467534045,54.4315524816211],[-0.72373623403572,54.4324754422677],[-0.724080595065565,54.4339988472317],[-0.722647684571836,54.4347619809972],[-0.722206622064638,54.4336702538657],[-0.722921947479578,54.4329746445506],[-0.722539246403398,54.4322515819745],[-0.722875622876169,54.4318453608967],[-0.72169770617841,54.4311956129963],[-0.719071928763138,54.4303678980816],[-0.715486363512686,54.4284853988699],[-0.713655548065116,54.428185599666],[-0.713180745998411,54.4277806093422],[-0.707562656642865,54.4257998120972],[-0.705131306117007,54.4254269412633],[-0.704117894050959,54.4256992019514],[-0.704202701981604,54.4263390494368],[-0.703565935538619,54.4270253996553],[-0.700654316395973,54.4283861107202],[-0.700209636753101,54.4321033756828],[-0.69891610502926,54.4341538086002],[-0.697570282206864,54.4344387083221],[-0.700135172674441,54.4376235712287],[-0.700146983445527,54.4387572828972],[-0.701441994378011,54.4397542199996],[-0.701149997633513,54.4409267842798],[-0.702958144215195,54.4427069458934],[-0.702375269014865,54.4444234992843],[-0.700720320240768,54.4445164087752],[-0.699122443150542,54.4452117932137],[-0.698397712167338,54.4468200931657],[-0.698537980752659,54.4493892839858],[-0.69811483084211,54.4496126395055],[-0.695433872194616,54.4494268935827],[-0.694413111742277,54.4475761999237],[-0.690701803605204,54.4473588531483],[-0.688699283082719,54.4477219367321],[-0.686155493250335,54.447211513457],[-0.685350254500309,54.4474633456219],[-0.684039819521317,54.4483527058528],[-0.682918868358318,54.4500327287189],[-0.682320081116382,54.4514796816476],[-0.682487771940128,54.4522173783175],[-0.681919464013641,54.4528186921488],[-0.682593320805158,54.4544106863637],[-0.681630507827251,54.4546144916293],[-0.675745443184539,54.4555674904707],[-0.674377448010737,54.4551929937152],[-0.674182789496084,54.4547362567833],[-0.673598210839855,54.4542019825482],[-0.671394514103116,54.4540637552907],[-0.670410864661276,54.4543565591728],[-0.670121558518376,54.4550192885476],[-0.670487777882973,54.456923124931],[-0.671812681095993,54.4578701690553],[-0.67052712743898,54.4585211272243],[-0.668339308204315,54.4589868823032],[-0.668468742053683,54.4605990977553],[-0.664569960069546,54.4613849595662],[-0.664333917947794,54.4619497478493],[-0.663632084971323,54.4632999472755],[-0.660437678626814,54.4662147102749],[-0.656949196073192,54.4695081069915],[-0.655891844959191,54.4693663240905],[-0.65251514771159,54.4678337055413],[-0.651632312786898,54.4677597672241],[-0.651071896216041,54.4662809873648],[-0.653169628551679,54.4659487787595],[-0.652688633983489,54.4653257983006],[-0.651254985051689,54.4655078310085],[-0.650200404342165,54.464121928611],[-0.648151289653951,54.4641480341589],[-0.647969713990106,54.4637911209999],[-0.647075679558947,54.4638683408147],[-0.639838452581557,54.4663059918058],[-0.635790852753682,54.4663721908774],[-0.634701537024856,54.4674474115831],[-0.633726159745999,54.4685598529973],[-0.632398583569916,54.4690543263222],[-0.632321149031581,54.4690611733832],[-0.63246714984259,54.4689681389056],[-0.63360775550328,54.4682413031027],[-0.632175508289422,54.4688991824134],[-0.628224054723325,54.469163313636],[-0.628177680677397,54.4689765623744],[-0.625524332877824,54.4695506822605],[-0.625522492558014,54.4695510801623],[-0.625467961803317,54.4693820046733],[-0.625465624069998,54.4695615917674],[-0.623153740747423,54.4706209955654],[-0.622426568343368,54.4713719015652],[-0.620798286707395,54.4711173938593],[-0.620530299396136,54.4710492516589],[-0.620530260647557,54.4707718720898],[-0.620530255806182,54.4707392934386],[-0.620620222870039,54.4703478633674],[-0.62015545582773,54.4700299491262],[-0.618079969990065,54.4697158299108],[-0.616257745260932,54.4688852461664],[-0.613555299661576,54.4684914013801],[-0.613024017041495,54.467775277995],[-0.611021222942774,54.4669336716324],[-0.611024381639863,54.4666215557317],[-0.609472264590773,54.4664506317435],[-0.608062808215054,54.4654867805997],[-0.601346499593398,54.464334931766],[-0.600368755241717,54.4632313893706],[-0.600277180799845,54.4648401829052],[-0.599153659186831,54.4672027379182],[-0.599391975245151,54.467820591746],[-0.597635230551476,54.4694734290028],[-0.596152385609217,54.4709702770361],[-0.598094319935306,54.4719385736337],[-0.598311188310605,54.4731950624169],[-0.598244917270727,54.4741413823218],[-0.598971867851675,54.4753824644923],[-0.599268488120498,54.4769742625409],[-0.601047321942009,54.4790332531973],[-0.595087950935461,54.4813811235245],[-0.594293535007435,54.4842937353948],[-0.594415799422017,54.4864123160213],[-0.593262901642052,54.4878118411775],[-0.592833680657083,54.4876611584035],[-0.591610470952763,54.4879425203978],[-0.588591023974318,54.489283325001],[-0.588442003628607,54.4889930801866],[-0.589550029909849,54.4886015652816],[-0.589630165409132,54.4882915258461]]]},"properties":{"FID":5566,"MSOA21CD":"E02005798","MSOA21NM":"Scarborough 004","MSOA21NMW":" ","BNG_E":490790,"BNG_N":499383,"LAT":54.38187,"LONG":-0.60363,"GlobalID":"17debbda-37d4-4315-8ac4-b58f47f4d87a","GROUP":"The Vale, Moors & Coast"}},{"type":"Feature","id":5567,"geometry":{"type":"Polygon","coordinates":[[[-0.419189234727622,54.3174762199723],[-0.4188552186265,54.3167971120364],[-0.419188706861439,54.3170531492268],[-0.418055624705313,54.3148182655222],[-0.418605424636719,54.3142044130744],[-0.417708526242097,54.3127194323542],[-0.418116603837168,54.3120926674971],[-0.417553875805033,54.311410376807],[-0.417632688424157,54.3105949475597],[-0.416978700184385,54.3098120484288],[-0.416719744234154,54.309970519544],[-0.415811815751838,54.3096521893697],[-0.415845073077363,54.3090629273316],[-0.414846378761384,54.3087791680351],[-0.41537826217719,54.3084425529131],[-0.414098846367216,54.307085159473],[-0.412363918670309,54.3068262019699],[-0.41217100086124,54.306271796595],[-0.411341095934327,54.3059061035425],[-0.409949557960776,54.3060869275307],[-0.409555112905925,54.305697486202],[-0.407703096355899,54.3052451151253],[-0.407513189057809,54.3045072989798],[-0.409486747675527,54.3025384098213],[-0.409751399646221,54.3025332981252],[-0.409893813747092,54.3033724811421],[-0.411649643432318,54.3046974809414],[-0.412397663112876,54.3046803718401],[-0.41313776573373,54.304020240817],[-0.415264597433621,54.3039934398702],[-0.416766740143553,54.3030592717684],[-0.420228495152089,54.3023985825484],[-0.421866307641357,54.3017175263919],[-0.423346871590828,54.3021461054756],[-0.424529188000334,54.3016932829733],[-0.420741878349396,54.3004695010157],[-0.42032225521566,54.300187129497],[-0.418723869572581,54.2991010184636],[-0.418174354421664,54.2977732999912],[-0.418065799864646,54.2972078776166],[-0.417606453071351,54.2960272608795],[-0.416255874064185,54.2949526253842],[-0.414907341077523,54.2941338587385],[-0.415955362363813,54.2941024170822],[-0.41994601467628,54.2934268971942],[-0.420568007992276,54.2933519099509],[-0.4215088933346,54.293116485196],[-0.423646759006923,54.2924381900676],[-0.423652329748957,54.2924363482751],[-0.424566308067775,54.2921339092675],[-0.426789619695558,54.2922946811151],[-0.427291838429021,54.2921896688841],[-0.428024785345594,54.2932023750662],[-0.428501414557808,54.2927068556227],[-0.430696728179019,54.2903395403314],[-0.431006235035229,54.2900403877456],[-0.432855750289054,54.2882214864722],[-0.433800406749853,54.2880421810371],[-0.433424928513323,54.2859846272921],[-0.435597844213714,54.284793476438],[-0.440383614249142,54.2847815380594],[-0.442039845632018,54.2846086832615],[-0.443254085224847,54.2842380509747],[-0.445397733134857,54.2842451881141],[-0.448483163247069,54.2836531949689],[-0.449384935460576,54.2836209704094],[-0.449584826663009,54.2838450980908],[-0.450841169911555,54.2852114402731],[-0.452602009671811,54.2854865934557],[-0.452621620372337,54.2859047590156],[-0.451803643120379,54.286158509737],[-0.451263043922309,54.2895202772076],[-0.450201031069609,54.2909775312253],[-0.450808672550201,54.2902551249713],[-0.454115802306224,54.2897402684654],[-0.454556513320407,54.293565893424],[-0.457507285432677,54.2931362580229],[-0.462243429947661,54.2929946191592],[-0.46157281176134,54.2948386860275],[-0.459176168201053,54.2959543411989],[-0.457730206418535,54.2978066328883],[-0.457831231386703,54.2984156617082],[-0.462595080578801,54.2980368368254],[-0.463399975748594,54.2982198047637],[-0.46049415502079,54.2995598827267],[-0.46001246112266,54.2991357093667],[-0.459202140903813,54.2994109627645],[-0.458923598880038,54.3010587560963],[-0.457557120590545,54.3007220838902],[-0.457489329206285,54.3002199582562],[-0.45625684199451,54.2999708254809],[-0.456044104440409,54.2994369548345],[-0.455336635601913,54.2991671362002],[-0.454270470508381,54.2992814511026],[-0.453263333810814,54.2987188376062],[-0.45307768632594,54.2990413103164],[-0.45184047866922,54.2979802510144],[-0.451120988717961,54.2981021869387],[-0.451079077002006,54.297641757827],[-0.450543844508838,54.2978064927324],[-0.450393866033335,54.2986622062014],[-0.449533826644224,54.2986155798585],[-0.450099292649189,54.2991308729929],[-0.449479940588587,54.2994599789839],[-0.448093355217436,54.2991903943484],[-0.448035122135125,54.2989171674764],[-0.446580660350118,54.299044484876],[-0.446311221655478,54.2993646214267],[-0.446216705188049,54.3000283102204],[-0.445593295528329,54.3003677084378],[-0.446200406738971,54.3011083258427],[-0.447796693050726,54.3012255533794],[-0.447869034819865,54.3019202496177],[-0.446772117143276,54.3020565172344],[-0.447476400492034,54.3030637279839],[-0.446846208489807,54.3035026582186],[-0.447482501923165,54.3035408661818],[-0.447297312914125,54.304505161026],[-0.448038088540588,54.3043250772088],[-0.448495573917237,54.3032039304492],[-0.448039159134432,54.3025709917147],[-0.448584246680862,54.3018884011333],[-0.4488637637701,54.3023642521469],[-0.449641514958398,54.3022751007333],[-0.451726434297803,54.3027828039724],[-0.452102679173713,54.3039930942213],[-0.451777063519496,54.30551185511],[-0.450840852614177,54.3061874919541],[-0.450089719075509,54.3060655818347],[-0.450227570740565,54.3056956969287],[-0.450730210413338,54.3059645218343],[-0.450667585670249,54.3052371822797],[-0.450092633463373,54.305459228601],[-0.449471470864644,54.3044364833687],[-0.44874120653523,54.3042715673247],[-0.447761688963925,54.3050579935407],[-0.447852173937308,54.3053019648092],[-0.448477657636614,54.305301576427],[-0.448752297787131,54.3059428017893],[-0.446941883934072,54.306035107107],[-0.446555021826635,54.3074197215693],[-0.446232883891613,54.3094032697501],[-0.439667844683293,54.3116552965891],[-0.433429268778012,54.3137940472222],[-0.433612509264926,54.314021216926],[-0.419833144207723,54.3200095998999],[-0.418702139604314,54.3199263413826],[-0.418706442776592,54.319924831236],[-0.418827587694993,54.3198823147984],[-0.419073581375273,54.318907745045],[-0.41864604048435,54.3185179906457],[-0.419189234727622,54.3174762199723]]]},"properties":{"FID":5567,"MSOA21CD":"E02005799","MSOA21NM":"Scarborough 005","MSOA21NMW":" ","BNG_E":501912,"BNG_N":490394,"LAT":54.29902,"LONG":-0.43553,"GlobalID":"a7ddf018-2b37-4333-8c8d-575ac0d29ffe","GROUP":"The Vale, Moors & Coast"}},{"type":"Feature","id":5568,"geometry":{"type":"Polygon","coordinates":[[[-0.409893813747092,54.3033724811421],[-0.409751399646221,54.3025332981252],[-0.409486747675527,54.3025384098213],[-0.409490297770048,54.3025348677537],[-0.409679613241865,54.3024193143773],[-0.409815238832102,54.3023365300519],[-0.409150433606573,54.3015790580679],[-0.408957701242361,54.3013594543344],[-0.410314944743096,54.3004772105856],[-0.410375349148287,54.2995675120487],[-0.409955355886587,54.2986926842861],[-0.407486436082363,54.2935491626012],[-0.406302140994903,54.2923862036454],[-0.403811471888274,54.2910126856541],[-0.399937275667132,54.2888759178927],[-0.396653992348031,54.2880052756984],[-0.394916576555184,54.2881421415876],[-0.391080330130205,54.2897897244195],[-0.391065018217878,54.2897962997395],[-0.388887615786873,54.2906511792785],[-0.386689765862222,54.290293274852],[-0.386304024108149,54.2899151946133],[-0.384694187003921,54.2881302438973],[-0.384351045448313,54.2858352814317],[-0.384737273835859,54.2853775722262],[-0.385890614088116,54.2840803381188],[-0.386037512596493,54.2834171111866],[-0.386182288780609,54.2830359578677],[-0.387086562544335,54.282310577412],[-0.389380164374777,54.2813856080359],[-0.389425423777361,54.2814083673115],[-0.389088425761939,54.2818776748839],[-0.38688982930506,54.2828127210257],[-0.386384760687785,54.2835473067812],[-0.386942956121858,54.2837922394502],[-0.389799437582283,54.282296580545],[-0.387294829971185,54.2838293026437],[-0.390444394924175,54.2838334342534],[-0.392211139513684,54.2838357159837],[-0.390469483930886,54.2826283483879],[-0.390184384235016,54.2824306995296],[-0.390473480336178,54.2824363679405],[-0.391476047851833,54.28245602172],[-0.392683997645074,54.2832644735143],[-0.39415545646332,54.2826827255899],[-0.395734646630913,54.2816530123869],[-0.396290013255082,54.2807790156438],[-0.396923153362569,54.2808011991328],[-0.398306491761171,54.2808401949265],[-0.398493677665449,54.2813066934998],[-0.399688921532351,54.2809692960871],[-0.400695702386289,54.2822222386656],[-0.402215762209323,54.2815996116137],[-0.402895980648849,54.2817504474848],[-0.404532063532451,54.2831179119029],[-0.405171842374628,54.2824612267736],[-0.405640339042266,54.2826366690528],[-0.404708826162831,54.2834179414009],[-0.404659544080581,54.2834409161223],[-0.405158325122963,54.2837073442822],[-0.403780624013085,54.2843284238219],[-0.406288082841994,54.2851247712651],[-0.4065167881928,54.2851662418255],[-0.408871451552417,54.2855652042922],[-0.409873538519465,54.2856719560675],[-0.4096752515831,54.2859883849179],[-0.410277666355869,54.2860609710489],[-0.409751450336132,54.287301017878],[-0.409150822167682,54.2887954305365],[-0.40822064067645,54.2896023124333],[-0.407593211288594,54.2896975112589],[-0.409293339685975,54.2921521903052],[-0.409946523082081,54.29218631223],[-0.412898744577394,54.2931439563459],[-0.413930978503179,54.2933909441215],[-0.414907341077523,54.2941338587385],[-0.416255874064185,54.2949526253842],[-0.417606453071351,54.2960272608795],[-0.418065799864646,54.2972078776166],[-0.418174354421664,54.2977732999912],[-0.418723869572581,54.2991010184636],[-0.42032225521566,54.300187129497],[-0.420741878349396,54.3004695010157],[-0.424529188000334,54.3016932829733],[-0.423346871590828,54.3021461054756],[-0.421866307641357,54.3017175263919],[-0.420228495152089,54.3023985825484],[-0.416766740143553,54.3030592717684],[-0.415264597433621,54.3039934398702],[-0.41313776573373,54.304020240817],[-0.412397663112876,54.3046803718401],[-0.411649643432318,54.3046974809414],[-0.409893813747092,54.3033724811421]]]},"properties":{"FID":5568,"MSOA21CD":"E02005800","MSOA21NM":"Scarborough 006","MSOA21NMW":" ","BNG_E":503952,"BNG_N":489208,"LAT":54.28795,"LONG":-0.40461,"GlobalID":"91c06ef3-5913-4d44-a25f-611607e6b846","GROUP":"The Vale, Moors & Coast"}},{"type":"Feature","id":5569,"geometry":{"type":"Polygon","coordinates":[[[-0.409293339685975,54.2921521903052],[-0.407593211288594,54.2896975112589],[-0.40822064067645,54.2896023124333],[-0.409150822167682,54.2887954305365],[-0.409751450336132,54.287301017878],[-0.41011055557507,54.2875001913962],[-0.409690042810815,54.2886959597703],[-0.410038282452916,54.2888009097239],[-0.410436221807617,54.2878854312241],[-0.411702604894853,54.2879659949952],[-0.411818923383986,54.2873665839966],[-0.412265912094773,54.2873826645384],[-0.41347518448641,54.2874422887828],[-0.414224751698333,54.2865400276421],[-0.414688528897903,54.2866492769069],[-0.41475195850807,54.286279224412],[-0.416131969949626,54.2856147704446],[-0.41653368852282,54.2855593592174],[-0.416676819849614,54.2844732256973],[-0.417183884327812,54.2843802740906],[-0.416476070550843,54.2836196227382],[-0.418809955848538,54.2836487350949],[-0.419152820223982,54.2823723197975],[-0.419559977361583,54.2823501560423],[-0.419905580924416,54.2837461719934],[-0.42208562118822,54.2836843406382],[-0.426181101029303,54.2830037568641],[-0.428771625698317,54.2815828215742],[-0.43005403497298,54.2812831498179],[-0.430112320559607,54.2812840283401],[-0.430837540291262,54.2814568647728],[-0.429988412841377,54.2821604710554],[-0.426740279498735,54.2836213473431],[-0.427409053076099,54.2838868745355],[-0.430413103672425,54.2838974305938],[-0.431873200248604,54.2860811357103],[-0.431955130500721,54.2853346150642],[-0.432517508627926,54.2853096319168],[-0.43332298157013,54.2852726466861],[-0.433424928513323,54.2859846272921],[-0.433800406749853,54.2880421810371],[-0.432855750289054,54.2882214864722],[-0.431006235035229,54.2900403877456],[-0.430696728179019,54.2903395403314],[-0.428501414557808,54.2927068556227],[-0.428024785345594,54.2932023750662],[-0.427291838429021,54.2921896688841],[-0.426789619695558,54.2922946811151],[-0.424566308067775,54.2921339092675],[-0.423652329748957,54.2924363482751],[-0.423646759006923,54.2924381900676],[-0.4215088933346,54.293116485196],[-0.420568007992276,54.2933519099509],[-0.41994601467628,54.2934268971942],[-0.415955362363813,54.2941024170822],[-0.414907341077523,54.2941338587385],[-0.413930978503179,54.2933909441215],[-0.412898744577394,54.2931439563459],[-0.409946523082081,54.29218631223],[-0.409293339685975,54.2921521903052]]]},"properties":{"FID":5569,"MSOA21CD":"E02005801","MSOA21NM":"Scarborough 007","MSOA21NMW":" ","BNG_E":502773,"BNG_N":489155,"LAT":54.28772,"LONG":-0.42273,"GlobalID":"40b02198-153c-4a5b-8ce5-68c8bfe3c413","GROUP":"The Vale, Moors & Coast"}},{"type":"Feature","id":5570,"geometry":{"type":"Polygon","coordinates":[[[-0.409690042810815,54.2886959597703],[-0.41011055557507,54.2875001913962],[-0.409751450336132,54.287301017878],[-0.410277666355869,54.2860609710489],[-0.4096752515831,54.2859883849179],[-0.409873538519465,54.2856719560675],[-0.408871451552417,54.2855652042922],[-0.4065167881928,54.2851662418255],[-0.406288082841994,54.2851247712651],[-0.403780624013085,54.2843284238219],[-0.405158325122963,54.2837073442822],[-0.404659544080581,54.2834409161223],[-0.404708826162831,54.2834179414009],[-0.405640339042266,54.2826366690528],[-0.405767354954241,54.2824818187267],[-0.406331286548672,54.281686820302],[-0.408340751147338,54.2799777509089],[-0.408550624557763,54.2797927241424],[-0.40863600165676,54.2797123342571],[-0.408839353666591,54.2784926812223],[-0.409489810279019,54.2782518346352],[-0.408331238145961,54.277476907377],[-0.408790977688212,54.2767190844093],[-0.40998569690572,54.2759551315667],[-0.412757057599036,54.2743392021137],[-0.413760345640775,54.274408197421],[-0.413844424231426,54.2750328295206],[-0.415828899756337,54.2759295525281],[-0.415575827865627,54.2763158125028],[-0.4153191569231,54.2766784393655],[-0.415418923411762,54.277021952409],[-0.415025685479237,54.2770766257772],[-0.415798447808678,54.2783930918276],[-0.416231562611574,54.2793752420473],[-0.418469747071404,54.2790643019814],[-0.419006297901266,54.2791336123178],[-0.420448007512706,54.2790487479112],[-0.42051936345569,54.2795433190652],[-0.41975061657572,54.2793766254289],[-0.420131061374504,54.279688134382],[-0.419600693111251,54.2799185085424],[-0.420179466972087,54.2820563124351],[-0.419294180565291,54.2819627583572],[-0.419559977361583,54.2823501560423],[-0.419152820223982,54.2823723197975],[-0.418809955848538,54.2836487350949],[-0.416476070550843,54.2836196227382],[-0.417183884327812,54.2843802740906],[-0.416676819849614,54.2844732256973],[-0.41653368852282,54.2855593592174],[-0.416131969949626,54.2856147704446],[-0.41475195850807,54.286279224412],[-0.414688528897903,54.2866492769069],[-0.414224751698333,54.2865400276421],[-0.41347518448641,54.2874422887828],[-0.412265912094773,54.2873826645384],[-0.411818923383986,54.2873665839966],[-0.411702604894853,54.2879659949952],[-0.410436221807617,54.2878854312241],[-0.410038282452916,54.2888009097239],[-0.409690042810815,54.2886959597703]]]},"properties":{"FID":5570,"MSOA21CD":"E02005802","MSOA21NM":"Scarborough 008","MSOA21NMW":" ","BNG_E":503473,"BNG_N":488417,"LAT":54.28095,"LONG":-0.41223,"GlobalID":"e24f9788-dd0b-42c4-9368-45fb68e18294","GROUP":"The Vale, Moors & Coast"}},{"type":"Feature","id":5571,"geometry":{"type":"Polygon","coordinates":[[[-0.431873200248604,54.2860811357103],[-0.430413103672425,54.2838974305938],[-0.427409053076099,54.2838868745355],[-0.426740279498735,54.2836213473431],[-0.429988412841377,54.2821604710554],[-0.430837540291262,54.2814568647728],[-0.430112320559607,54.2812840283401],[-0.43005403497298,54.2812831498179],[-0.428771625698317,54.2815828215742],[-0.426181101029303,54.2830037568641],[-0.42208562118822,54.2836843406382],[-0.419905580924416,54.2837461719934],[-0.419559977361583,54.2823501560423],[-0.419294180565291,54.2819627583572],[-0.420179466972087,54.2820563124351],[-0.419600693111251,54.2799185085424],[-0.420131061374504,54.279688134382],[-0.41975061657572,54.2793766254289],[-0.42051936345569,54.2795433190652],[-0.420448007512706,54.2790487479112],[-0.419006297901266,54.2791336123178],[-0.418469747071404,54.2790643019814],[-0.416231562611574,54.2793752420473],[-0.415798447808678,54.2783930918276],[-0.415025685479237,54.2770766257772],[-0.415418923411762,54.277021952409],[-0.4153191569231,54.2766784393655],[-0.415575827865627,54.2763158125028],[-0.415828899756337,54.2759295525281],[-0.413844424231426,54.2750328295206],[-0.413760345640775,54.274408197421],[-0.412757057599036,54.2743392021137],[-0.414093599662448,54.2725106114847],[-0.414307184836399,54.2719876597533],[-0.414964432342714,54.2688487898931],[-0.415243737872739,54.2666591896759],[-0.415122706950305,54.2637959966888],[-0.414977840641084,54.2631297119539],[-0.414893922436333,54.2612116714306],[-0.416724467339655,54.2541238337566],[-0.419736748941855,54.2542134556517],[-0.421373680500253,54.2549055921421],[-0.422166106945433,54.2556964043581],[-0.423503266809586,54.2556564439028],[-0.425099937662632,54.258064713957],[-0.426217574335878,54.2600191992101],[-0.427031274218712,54.2616931416517],[-0.432904619189065,54.2660533051483],[-0.434143054403435,54.2665641417978],[-0.434843217527341,54.2657099606231],[-0.437300352169698,54.2649590732594],[-0.439068151678719,54.2665853734872],[-0.44043677131244,54.2658731549906],[-0.443356416798002,54.2654055869003],[-0.449053379617897,54.2651916580776],[-0.449092115808895,54.2674330073801],[-0.451428917923018,54.2713287808534],[-0.453621128618118,54.2725467122944],[-0.454043495693561,54.2732253906092],[-0.453548488057765,54.273911794531],[-0.454320865664397,54.2748155716895],[-0.451862307477409,54.2757903915643],[-0.453370308318316,54.2775073416649],[-0.452799719826134,54.2775416977363],[-0.452626445061655,54.2799875959967],[-0.451504997975479,54.2820022599018],[-0.449584826663009,54.2838450980908],[-0.449384935460576,54.2836209704094],[-0.448483163247069,54.2836531949689],[-0.445397733134857,54.2842451881141],[-0.443254085224847,54.2842380509747],[-0.442039845632018,54.2846086832615],[-0.440383614249142,54.2847815380594],[-0.435597844213714,54.284793476438],[-0.433424928513323,54.2859846272921],[-0.43332298157013,54.2852726466861],[-0.432517508627926,54.2853096319168],[-0.431955130500721,54.2853346150642],[-0.431873200248604,54.2860811357103]]]},"properties":{"FID":5571,"MSOA21CD":"E02005803","MSOA21NM":"Scarborough 009","MSOA21NMW":" ","BNG_E":502159,"BNG_N":487193,"LAT":54.27021,"LONG":-0.43283,"GlobalID":"8cacee83-2c64-445e-9120-06f6c9880863","GROUP":"The Vale, Moors & Coast"}},{"type":"Feature","id":5572,"geometry":{"type":"Polygon","coordinates":[[[-0.404532063532451,54.2831179119029],[-0.402895980648849,54.2817504474848],[-0.402215762209323,54.2815996116137],[-0.400695702386289,54.2822222386656],[-0.399688921532351,54.2809692960871],[-0.398493677665449,54.2813066934998],[-0.398306491761171,54.2808401949265],[-0.396923153362569,54.2808011991328],[-0.396290013255082,54.2807790156438],[-0.397145921681738,54.2794319596991],[-0.397154676246774,54.2794005315836],[-0.397154738794428,54.2794003050107],[-0.397673105595404,54.2775391262021],[-0.396675906697167,54.2744964645004],[-0.396587161153235,54.2744063650055],[-0.394577798936659,54.2723662059192],[-0.392560903920631,54.2714113180582],[-0.391677955839763,54.2696535628058],[-0.391396160217845,54.2690925383903],[-0.389255515601475,54.2687266590766],[-0.388709745068386,54.2672890012251],[-0.389989854709243,54.2669536800437],[-0.389453405507915,54.2656173565683],[-0.390401143601398,54.265394811006],[-0.390686791495416,54.2640895973589],[-0.391295456850949,54.2639266557151],[-0.391943323986427,54.2642143860758],[-0.391746227564052,54.2648517993739],[-0.392394216888448,54.2653927153668],[-0.395320517204703,54.2652622234793],[-0.396184626779867,54.2657533055735],[-0.397281379557844,54.2656923456693],[-0.393404989972391,54.2635015942268],[-0.395829633752675,54.2627428798318],[-0.399198337047319,54.2623202244901],[-0.398132863578605,54.2609440843828],[-0.399015313169145,54.260158456514],[-0.399465043066479,54.2588809085573],[-0.398993870951443,54.2573960634118],[-0.402336762352872,54.2565657616104],[-0.403911247750471,54.2575738437002],[-0.403847536720725,54.2566922616906],[-0.40424404321675,54.2567604248357],[-0.404728500224348,54.2601194437069],[-0.40674883179809,54.2602809651565],[-0.407545250461733,54.2599319509487],[-0.408388848880167,54.258756636761],[-0.412238787014704,54.2568479257316],[-0.411627182361138,54.2595812919052],[-0.412073660637124,54.2623465533343],[-0.412918707025139,54.2631306591939],[-0.414977840641084,54.2631297119539],[-0.415122706950305,54.2637959966888],[-0.415243737872739,54.2666591896759],[-0.414964432342714,54.2688487898931],[-0.414307184836399,54.2719876597533],[-0.414093599662448,54.2725106114847],[-0.412757057599036,54.2743392021137],[-0.40998569690572,54.2759551315667],[-0.408790977688212,54.2767190844093],[-0.408331238145961,54.277476907377],[-0.409489810279019,54.2782518346352],[-0.408839353666591,54.2784926812223],[-0.40863600165676,54.2797123342571],[-0.408550624557763,54.2797927241424],[-0.408340751147338,54.2799777509089],[-0.406331286548672,54.281686820302],[-0.405767354954241,54.2824818187267],[-0.405640339042266,54.2826366690528],[-0.405171842374628,54.2824612267736],[-0.404532063532451,54.2831179119029]]]},"properties":{"FID":5572,"MSOA21CD":"E02005804","MSOA21NM":"Scarborough 010","MSOA21NMW":" ","BNG_E":504173,"BNG_N":487134,"LAT":54.26928,"LONG":-0.40193,"GlobalID":"776728e0-3be6-49da-8e68-3aa14ea74856","GROUP":"The Vale, Moors & Coast"}},{"type":"Feature","id":5573,"geometry":{"type":"Polygon","coordinates":[[[-0.383829564823218,54.2639916846337],[-0.381438654057625,54.263084440409],[-0.381262253001179,54.2630528879672],[-0.378454533880623,54.2625506445073],[-0.37648666441298,54.2626365376881],[-0.375512868234451,54.2614149465083],[-0.375763154576993,54.2604526062792],[-0.375278881694991,54.2594181775046],[-0.371566214713757,54.2569990250147],[-0.37154023416465,54.2569820945008],[-0.369853471386836,54.2553360199355],[-0.369852539810317,54.2553352352504],[-0.367807960228916,54.2536133430258],[-0.366283978913944,54.2540520124278],[-0.366044239415306,54.2532622847458],[-0.366277499992232,54.2527976015858],[-0.368288779914202,54.2526122554675],[-0.36926293537465,54.2519063602361],[-0.369946930700814,54.2505076701582],[-0.36965461698117,54.2494462443066],[-0.365539944817009,54.2459663791441],[-0.365158355923027,54.2457393012606],[-0.363054825654455,54.2444874542343],[-0.356604419822076,54.2429984386508],[-0.351381737851456,54.2410045351958],[-0.351047131120499,54.2408767756097],[-0.349036726825834,54.2407364318862],[-0.346570252442442,54.2411901507428],[-0.34540055600687,54.2420100818373],[-0.339207749556333,54.2425800430069],[-0.337585206310574,54.2416471674045],[-0.337850167705513,54.2411006003045],[-0.337253473279275,54.2396543933039],[-0.334602918980568,54.2381280287006],[-0.333924297322284,54.237933621881],[-0.32834656188143,54.2363355411301],[-0.324299469321095,54.2355548345174],[-0.322303881784305,54.2347221880839],[-0.321331547479209,54.2347186076531],[-0.318776893505824,54.2338736400818],[-0.317496825572977,54.232896691808],[-0.315160115705503,54.2324496997802],[-0.313175238007498,54.2306385693659],[-0.313502915051639,54.2291090472531],[-0.312902414898615,54.2285569722077],[-0.302600565323766,54.227152857452],[-0.302837068160439,54.2266678997557],[-0.302529056403147,54.2236479770296],[-0.303989957540131,54.220145107235],[-0.304397487179536,54.217156867797],[-0.30457769310591,54.2161230618823],[-0.304395686280751,54.2150041247759],[-0.312452700753446,54.2173181281361],[-0.314264181507682,54.2176890592859],[-0.320290299430972,54.2180647990916],[-0.325969972328815,54.2176576730857],[-0.328598588790022,54.2169653037754],[-0.336830360095012,54.2137107425033],[-0.33870627823506,54.2127776326278],[-0.338806680004175,54.2117647366531],[-0.343317190319306,54.2103004389023],[-0.344578192784536,54.2101748073662],[-0.355968589318989,54.2094419171184],[-0.356489917279449,54.2093220629955],[-0.356370784859384,54.209003307649],[-0.357574886787174,54.2088730976582],[-0.358044730540778,54.2093620615187],[-0.364979500597461,54.2107464403342],[-0.369291475544745,54.2113952827277],[-0.370028110613069,54.2102665244843],[-0.37032767717112,54.2109463707793],[-0.371012720229193,54.210999717149],[-0.372493616335395,54.2111677571208],[-0.373012524341693,54.2108402200023],[-0.37446447621384,54.210841271298],[-0.374694381961782,54.2105502331071],[-0.376360919018234,54.2107373386839],[-0.377666135467819,54.2104591267924],[-0.378152304284017,54.2110032843758],[-0.379196596283681,54.2111696011393],[-0.380184198626182,54.2107824932622],[-0.380915649584474,54.2110825639771],[-0.38120413830428,54.2130318760162],[-0.389731105520109,54.2135727344303],[-0.395550653368439,54.2136163245148],[-0.395974607293011,54.2151426874145],[-0.398808752809649,54.2171300062136],[-0.400369427719672,54.217101285515],[-0.400548861071559,54.2177675849368],[-0.402557758469676,54.2181707056855],[-0.404732297065158,54.217995857109],[-0.406871471342312,54.2182206919569],[-0.40774897043854,54.2187935453747],[-0.408879154735713,54.223194810694],[-0.407665143710242,54.2255587433019],[-0.406401350738907,54.2323372422143],[-0.405400468310768,54.2351688100335],[-0.405344750852471,54.2384928874173],[-0.406788542726651,54.2390958891683],[-0.404668681819862,54.238562151669],[-0.401127948357249,54.2380678030965],[-0.396489521346378,54.2371486153356],[-0.391169946421034,54.2361978132326],[-0.391481625800399,54.2364490452985],[-0.390743441971146,54.238422419908],[-0.390416108627863,54.239035444251],[-0.391150554884214,54.2395990346077],[-0.392390925227174,54.2395427192681],[-0.392293516679399,54.2399537316219],[-0.392842291342958,54.2398753735131],[-0.393966934813946,54.2406817457625],[-0.39441785517361,54.2402252571054],[-0.395467972794126,54.2399438093382],[-0.396110322128822,54.2402759535788],[-0.396345639354923,54.2407289279921],[-0.39406027083866,54.2414607716425],[-0.394100024336465,54.2422227463514],[-0.392971874985244,54.2422819331984],[-0.392776154759202,54.2417861028299],[-0.393268413396872,54.2413346992746],[-0.390873857036929,54.242534171252],[-0.391786268964598,54.2435663742031],[-0.390939479288082,54.2437386752431],[-0.390949551714868,54.2443378599063],[-0.392261819682708,54.244410843025],[-0.391756521893071,54.2448660049544],[-0.392074110364355,54.2455720339845],[-0.391755072845088,54.2456552886152],[-0.391847187501154,54.2463835399305],[-0.392088606230794,54.2480654552628],[-0.388934452830267,54.2478690415676],[-0.385851972952365,54.2474271050809],[-0.386108210800215,54.2480533599517],[-0.385395743665148,54.2488147270421],[-0.387073347377544,54.2511950773647],[-0.391980540497995,54.2540576127207],[-0.392209231913587,54.2546350240977],[-0.394326290214991,54.2545718436268],[-0.395605120328659,54.2545187417311],[-0.396863834539427,54.2531223309665],[-0.398343705716471,54.2535984727491],[-0.398504836888848,54.2542131628273],[-0.400068645855754,54.2540924110572],[-0.399905772655253,54.2529262281329],[-0.403710679834402,54.2528562125705],[-0.408299245340395,54.2526100307295],[-0.408618821327867,54.252856372027],[-0.417948107241445,54.2508651777223],[-0.416724467339655,54.2541238337566],[-0.414893922436333,54.2612116714306],[-0.414977840641084,54.2631297119539],[-0.412918707025139,54.2631306591939],[-0.412073660637124,54.2623465533343],[-0.411627182361138,54.2595812919052],[-0.412238787014704,54.2568479257316],[-0.408388848880167,54.258756636761],[-0.407545250461733,54.2599319509487],[-0.40674883179809,54.2602809651565],[-0.404728500224348,54.2601194437069],[-0.40424404321675,54.2567604248357],[-0.403847536720725,54.2566922616906],[-0.403911247750471,54.2575738437002],[-0.402336762352872,54.2565657616104],[-0.398993870951443,54.2573960634118],[-0.399465043066479,54.2588809085573],[-0.399015313169145,54.260158456514],[-0.398132863578605,54.2609440843828],[-0.399198337047319,54.2623202244901],[-0.395829633752675,54.2627428798318],[-0.393404989972391,54.2635015942268],[-0.397281379557844,54.2656923456693],[-0.396184626779867,54.2657533055735],[-0.395320517204703,54.2652622234793],[-0.392394216888448,54.2653927153668],[-0.391746227564052,54.2648517993739],[-0.391943323986427,54.2642143860758],[-0.391295456850949,54.2639266557151],[-0.390686791495416,54.2640895973589],[-0.390401143601398,54.265394811006],[-0.389453405507915,54.2656173565683],[-0.389989854709243,54.2669536800437],[-0.388709745068386,54.2672890012251],[-0.388472314288424,54.2666635360303],[-0.383829564823218,54.2639916846337]]]},"properties":{"FID":5573,"MSOA21CD":"E02005805","MSOA21NM":"Scarborough 011","MSOA21NMW":" ","BNG_E":506863,"BNG_N":483704,"LAT":54.23791,"LONG":-0.36187,"GlobalID":"427487e9-5448-4f46-b94f-c6da2d432b69","GROUP":"The Vale, Moors & Coast"}},{"type":"Feature","id":5574,"geometry":{"type":"Polygon","coordinates":[[[-0.432904619189065,54.2660533051483],[-0.427031274218712,54.2616931416517],[-0.426217574335878,54.2600191992101],[-0.425099937662632,54.258064713957],[-0.423503266809586,54.2556564439028],[-0.422166106945433,54.2556964043581],[-0.421373680500253,54.2549055921421],[-0.419736748941855,54.2542134556517],[-0.416724467339655,54.2541238337566],[-0.417948107241445,54.2508651777223],[-0.408618821327867,54.252856372027],[-0.408299245340395,54.2526100307295],[-0.403710679834402,54.2528562125705],[-0.399905772655253,54.2529262281329],[-0.400068645855754,54.2540924110572],[-0.398504836888848,54.2542131628273],[-0.398343705716471,54.2535984727491],[-0.396863834539427,54.2531223309665],[-0.395605120328659,54.2545187417311],[-0.394326290214991,54.2545718436268],[-0.392209231913587,54.2546350240977],[-0.391980540497995,54.2540576127207],[-0.387073347377544,54.2511950773647],[-0.385395743665148,54.2488147270421],[-0.386108210800215,54.2480533599517],[-0.385851972952365,54.2474271050809],[-0.388934452830267,54.2478690415676],[-0.392088606230794,54.2480654552628],[-0.391847187501154,54.2463835399305],[-0.391755072845088,54.2456552886152],[-0.392074110364355,54.2455720339845],[-0.391756521893071,54.2448660049544],[-0.392261819682708,54.244410843025],[-0.390949551714868,54.2443378599063],[-0.390939479288082,54.2437386752431],[-0.391786268964598,54.2435663742031],[-0.390873857036929,54.242534171252],[-0.393268413396872,54.2413346992746],[-0.392776154759202,54.2417861028299],[-0.392971874985244,54.2422819331984],[-0.394100024336465,54.2422227463514],[-0.39406027083866,54.2414607716425],[-0.396345639354923,54.2407289279921],[-0.396110322128822,54.2402759535788],[-0.395467972794126,54.2399438093382],[-0.39441785517361,54.2402252571054],[-0.393966934813946,54.2406817457625],[-0.392842291342958,54.2398753735131],[-0.392293516679399,54.2399537316219],[-0.392390925227174,54.2395427192681],[-0.391150554884214,54.2395990346077],[-0.390416108627863,54.239035444251],[-0.390743441971146,54.238422419908],[-0.391481625800399,54.2364490452985],[-0.391169946421034,54.2361978132326],[-0.396489521346378,54.2371486153356],[-0.401127948357249,54.2380678030965],[-0.404668681819862,54.238562151669],[-0.406788542726651,54.2390958891683],[-0.408354585689135,54.2394683234506],[-0.414222558583735,54.240848227581],[-0.412915802057069,54.2404083798412],[-0.413410264002525,54.2377881953957],[-0.41736947274978,54.2394897813079],[-0.419164557082976,54.238047524703],[-0.420154555904061,54.2382386350177],[-0.420273386830528,54.2386671829581],[-0.421388998711956,54.2385288336362],[-0.422329608213634,54.2389636112067],[-0.421163014144545,54.2390942638074],[-0.421496432690467,54.2395649260024],[-0.422341162281793,54.239245310024],[-0.422440804450533,54.2397284374269],[-0.422002970949018,54.239862942129],[-0.422373064017593,54.2402903765537],[-0.422767874708943,54.2416072405983],[-0.423547744637443,54.2414600384898],[-0.42385154110568,54.2409562829292],[-0.423101777841052,54.2408763435765],[-0.423220806237936,54.2393558320292],[-0.422381684613168,54.238707381788],[-0.423197095711297,54.2386484889913],[-0.423174406927064,54.2378193326088],[-0.425622737208179,54.2378687139575],[-0.425773137211875,54.2356243971563],[-0.432076354544056,54.2357323397406],[-0.43246684684427,54.2361771583275],[-0.43955008941337,54.2360988817617],[-0.440283531154168,54.2375811424777],[-0.441716143454869,54.2376202001766],[-0.44166155838942,54.2378928897503],[-0.440855983583958,54.237998906314],[-0.441043758599836,54.2383779331323],[-0.441500535538027,54.2384712863083],[-0.442195265467028,54.2381212242804],[-0.442194551343601,54.2384882299233],[-0.441302489942146,54.2387519044815],[-0.441668937813662,54.2390222402735],[-0.441086597608819,54.2389632349023],[-0.440810179186109,54.239307189959],[-0.441225539368996,54.2393002165113],[-0.441427188735443,54.2396904191399],[-0.442995602942378,54.2395280470787],[-0.443137186493235,54.2387285297094],[-0.445354623265286,54.2380079075212],[-0.446339084378307,54.2389991312574],[-0.448919793299439,54.2394519763565],[-0.448055727620562,54.2407862229672],[-0.447118242675339,54.2409228643832],[-0.446883975437328,54.2432368506636],[-0.445173316508759,54.242579253642],[-0.443173535928273,54.2428826806599],[-0.442401108665693,54.2426002617106],[-0.442432509193035,54.2421783576444],[-0.441510602291468,54.2420311070626],[-0.441849068333044,54.2419852115842],[-0.441780673891522,54.2410330135615],[-0.440615441840484,54.2410262865116],[-0.439699617734422,54.2410278245479],[-0.438030388581129,54.243700712375],[-0.439616019664587,54.2441563204759],[-0.440763739749471,54.2450128694855],[-0.444410933465719,54.2491607701956],[-0.447254850014091,54.2494822491047],[-0.448435480750019,54.2550639204085],[-0.443091436211691,54.2637531183577],[-0.443356416798002,54.2654055869003],[-0.44043677131244,54.2658731549906],[-0.439068151678719,54.2665853734872],[-0.437300352169698,54.2649590732594],[-0.434843217527341,54.2657099606231],[-0.434143054403435,54.2665641417978],[-0.432904619189065,54.2660533051483]]]},"properties":{"FID":5574,"MSOA21CD":"E02005806","MSOA21NM":"Scarborough 012","MSOA21NMW":" ","BNG_E":504209,"BNG_N":485070,"LAT":54.25073,"LONG":-0.4021,"GlobalID":"b1ae59af-67a3-47dd-8378-2e912bf3ecfa","GROUP":"The Vale, Moors & Coast"}},{"type":"Feature","id":5575,"geometry":{"type":"Polygon","coordinates":[[[-0.555500686134032,54.295635626221],[-0.554371615108152,54.2950780496908],[-0.552312297656282,54.2955401250251],[-0.552717166763659,54.2947562756284],[-0.552046131718942,54.2938044770955],[-0.548239424951031,54.2921246023284],[-0.547349653407391,54.2913077705879],[-0.546985740383667,54.2901678369026],[-0.544771106359903,54.2906200365058],[-0.543148202244868,54.2905959626374],[-0.542900270859964,54.2909550140056],[-0.54130722226315,54.2911997916725],[-0.538553183515408,54.2936306078315],[-0.535770382026748,54.2935995520129],[-0.535803046850632,54.2928939543846],[-0.532264560397589,54.2932669522002],[-0.532754685130493,54.291566584433],[-0.533914444853534,54.2903962233404],[-0.533922310158166,54.2884703629931],[-0.528497931840121,54.2894615566502],[-0.525538053834753,54.2905484947833],[-0.524462549873653,54.288294678968],[-0.523136566270581,54.2871659130331],[-0.523245268932038,54.286017630825],[-0.521834612054232,54.2865882209225],[-0.520113464076348,54.2860413263078],[-0.516749913426617,54.2834527688576],[-0.513395586375453,54.2814341635223],[-0.510712693515247,54.2801321020359],[-0.509774941569878,54.2786240442777],[-0.509220996923602,54.2787051117887],[-0.506875180248914,54.2774877380918],[-0.503930553493499,54.2752935235058],[-0.496450785365072,54.2730558892867],[-0.494589721247532,54.2745274599566],[-0.492056690962501,54.2737724838349],[-0.488998747840934,54.2740360022151],[-0.487978330648314,54.2750217147088],[-0.484970727027238,54.276416435171],[-0.482603271647086,54.2782280859384],[-0.480926618900428,54.2802666372926],[-0.479145858227232,54.2813747530597],[-0.477204684024169,54.2841466215708],[-0.476236088249505,54.2843779451052],[-0.476958497815511,54.2847305463479],[-0.475399430924954,54.2862343530196],[-0.474060377835721,54.2863432520703],[-0.47305375318416,54.2860570243774],[-0.469674914736922,54.2869716268779],[-0.467581477221516,54.2866880845644],[-0.464685581854365,54.2868964871266],[-0.463142583981381,54.2862900805665],[-0.459873032121144,54.2863830714471],[-0.458159182933789,54.2853445424751],[-0.452602009671811,54.2854865934557],[-0.450841169911555,54.2852114402731],[-0.449584826663009,54.2838450980908],[-0.451504997975479,54.2820022599018],[-0.452626445061655,54.2799875959967],[-0.452799719826134,54.2775416977363],[-0.453370308318316,54.2775073416649],[-0.451862307477409,54.2757903915643],[-0.454320865664397,54.2748155716895],[-0.453548488057765,54.273911794531],[-0.454043495693561,54.2732253906092],[-0.453621128618118,54.2725467122944],[-0.451428917923018,54.2713287808534],[-0.449092115808895,54.2674330073801],[-0.449053379617897,54.2651916580776],[-0.443356416798002,54.2654055869003],[-0.443091436211691,54.2637531183577],[-0.448435480750019,54.2550639204085],[-0.447254850014091,54.2494822491047],[-0.444410933465719,54.2491607701956],[-0.440763739749471,54.2450128694855],[-0.439616019664587,54.2441563204759],[-0.438030388581129,54.243700712375],[-0.439699617734422,54.2410278245479],[-0.440615441840484,54.2410262865116],[-0.441780673891522,54.2410330135615],[-0.441849068333044,54.2419852115842],[-0.441510602291468,54.2420311070626],[-0.442432509193035,54.2421783576444],[-0.442401108665693,54.2426002617106],[-0.443173535928273,54.2428826806599],[-0.445173316508759,54.242579253642],[-0.446883975437328,54.2432368506636],[-0.447118242675339,54.2409228643832],[-0.448055727620562,54.2407862229672],[-0.448919793299439,54.2394519763565],[-0.446339084378307,54.2389991312574],[-0.445354623265286,54.2380079075212],[-0.443137186493235,54.2387285297094],[-0.442995602942378,54.2395280470787],[-0.441427188735443,54.2396904191399],[-0.441225539368996,54.2393002165113],[-0.440810179186109,54.239307189959],[-0.441086597608819,54.2389632349023],[-0.441668937813662,54.2390222402735],[-0.441302489942146,54.2387519044815],[-0.442194551343601,54.2384882299233],[-0.442195265467028,54.2381212242804],[-0.441500535538027,54.2384712863083],[-0.441043758599836,54.2383779331323],[-0.440855983583958,54.237998906314],[-0.44166155838942,54.2378928897503],[-0.441716143454869,54.2376202001766],[-0.440283531154168,54.2375811424777],[-0.43955008941337,54.2360988817617],[-0.43246684684427,54.2361771583275],[-0.432076354544056,54.2357323397406],[-0.425773137211875,54.2356243971563],[-0.425622737208179,54.2378687139575],[-0.423174406927064,54.2378193326088],[-0.423197095711297,54.2386484889913],[-0.422381684613168,54.238707381788],[-0.423220806237936,54.2393558320292],[-0.423101777841052,54.2408763435765],[-0.42385154110568,54.2409562829292],[-0.423547744637443,54.2414600384898],[-0.422767874708943,54.2416072405983],[-0.422373064017593,54.2402903765537],[-0.422002970949018,54.239862942129],[-0.422440804450533,54.2397284374269],[-0.422341162281793,54.239245310024],[-0.421496432690467,54.2395649260024],[-0.421163014144545,54.2390942638074],[-0.422329608213634,54.2389636112067],[-0.421388998711956,54.2385288336362],[-0.420273386830528,54.2386671829581],[-0.420154555904061,54.2382386350177],[-0.419164557082976,54.238047524703],[-0.41736947274978,54.2394897813079],[-0.413410264002525,54.2377881953957],[-0.412915802057069,54.2404083798412],[-0.414222558583735,54.240848227581],[-0.408354585689135,54.2394683234506],[-0.406788542726651,54.2390958891683],[-0.405344750852471,54.2384928874173],[-0.405400468310768,54.2351688100335],[-0.406401350738907,54.2323372422143],[-0.407665143710242,54.2255587433019],[-0.408879154735713,54.223194810694],[-0.40774897043854,54.2187935453747],[-0.408876598335753,54.2183095860196],[-0.410189284240649,54.2185990975881],[-0.410290037021061,54.2180844843558],[-0.412013607353355,54.2176953689089],[-0.414986882519307,54.2161851239077],[-0.414919215114918,54.2159047318189],[-0.416155518530119,54.2157412124296],[-0.415597023302266,54.2150816776745],[-0.421150809643908,54.2124361185313],[-0.425349216208921,54.2128531042288],[-0.427901287726263,54.2125577641999],[-0.432879545609686,54.2140874171316],[-0.437497120007637,54.2150230337572],[-0.441422733076432,54.2157612933574],[-0.442949558462754,54.2155338648197],[-0.445235508104927,54.2143749427297],[-0.446086955944952,54.2146861780192],[-0.447220207682925,54.2143744738899],[-0.448334667917673,54.2149866628391],[-0.451497464987852,54.2142417997818],[-0.455245876469536,54.2143115304959],[-0.455873698351726,54.2145810921159],[-0.463473762790183,54.2128184695984],[-0.468150375957859,54.2116009041778],[-0.46911821374139,54.2116598521778],[-0.470778822110401,54.2119945750193],[-0.472426440904525,54.2115704134859],[-0.473026340482818,54.2104329827755],[-0.474477384333249,54.2106266327836],[-0.47548363940362,54.2098374363469],[-0.480150488763588,54.209014043558],[-0.480699877032477,54.2085702801802],[-0.481846119740732,54.2085313174323],[-0.481626178850237,54.2079564667964],[-0.482054653980877,54.2074823109522],[-0.483029360720177,54.2075322189606],[-0.483309174523607,54.2071779250324],[-0.483987375603897,54.2071999145343],[-0.484253553940703,54.2065280199294],[-0.48657107564831,54.2060700852692],[-0.487204654509241,54.2048845722802],[-0.488845634694079,54.2049905425804],[-0.489136521865769,54.2044636009064],[-0.490929719974671,54.2040998524967],[-0.490998443894663,54.2035675892458],[-0.492664763740351,54.2035291851696],[-0.493724019452042,54.2029789896468],[-0.495460893169416,54.2037614818811],[-0.495726372706981,54.2046749659052],[-0.49673917543633,54.2049967488811],[-0.496972975016106,54.2060112450999],[-0.498103827188963,54.2063000454889],[-0.499071622165397,54.2056936008596],[-0.500149770567151,54.2056686900131],[-0.500179534357265,54.2051203426862],[-0.501828193724702,54.2049883381145],[-0.502067343329172,54.2053581416926],[-0.502681962552472,54.2050163603976],[-0.503447099506745,54.205494659173],[-0.503846952987375,54.2051957122342],[-0.504954827457659,54.2051791363156],[-0.504876537291234,54.2046214119012],[-0.50650158309478,54.2033105845668],[-0.510868057496389,54.2003194562852],[-0.51214873320288,54.2001677080026],[-0.513034652319443,54.2011675180774],[-0.514043184559499,54.2004979729776],[-0.514999055682703,54.2007605484513],[-0.515058206706024,54.2000605142235],[-0.516266791338867,54.200090287132],[-0.515727985816783,54.1994977312039],[-0.516190062759841,54.1988615950992],[-0.517454936987152,54.1988437463176],[-0.517502860204165,54.1985159647795],[-0.518566727472549,54.1982495423391],[-0.518773093891664,54.1985948030358],[-0.519626715642258,54.197952797405],[-0.52024229973254,54.1978047445602],[-0.520435093079263,54.1983222581026],[-0.521233594558005,54.1985792384406],[-0.521119559648844,54.1989517967386],[-0.52182023645549,54.1992026917578],[-0.522587957434187,54.1990742000904],[-0.523540987517027,54.1999161747176],[-0.525613797465878,54.2001213211842],[-0.52721187101744,54.1996796488143],[-0.528993187571766,54.2002025049363],[-0.529626982176887,54.1997434162476],[-0.530624380522426,54.199757542515],[-0.531975284166052,54.2008273263136],[-0.532641157453128,54.2007340401615],[-0.532929503329862,54.2002080790959],[-0.535087406953578,54.2007034034361],[-0.537205296589725,54.2000215581064],[-0.537733912775107,54.2004308014152],[-0.538391634196208,54.1995925312299],[-0.540091607286173,54.1990785148514],[-0.539843767208754,54.1982585570705],[-0.540818595865319,54.1979705803946],[-0.540815090016529,54.1973896709278],[-0.543534174353083,54.1957386704103],[-0.544676162567795,54.1945428097898],[-0.544750520631301,54.193934644689],[-0.546414631198586,54.1936867739159],[-0.547321001658382,54.1939433724351],[-0.54782026687486,54.193583217794],[-0.548641622692145,54.1937237318622],[-0.548953390907425,54.19287697215],[-0.550410928817729,54.1925759905356],[-0.551032035929141,54.192949742328],[-0.551651590044511,54.1929024079557],[-0.55142696880748,54.1941075145321],[-0.552184996218026,54.1945665958346],[-0.553398855205696,54.1941287694917],[-0.554660462123402,54.1947732226596],[-0.55585132261654,54.1943497287524],[-0.556367945004995,54.1948886805015],[-0.556065483491832,54.1955954069345],[-0.557730773761455,54.1966882970694],[-0.55906822203245,54.1972416517506],[-0.56017023684815,54.1968351908885],[-0.560586206463266,54.1981128420936],[-0.561492698717793,54.1979573848701],[-0.562063380943693,54.1983947870523],[-0.562209773348177,54.1995605108495],[-0.563317757004961,54.2004888364029],[-0.563408959086546,54.2011573900897],[-0.565032933662482,54.2012120994535],[-0.566418242070409,54.202388006964],[-0.567067204962361,54.20224125396],[-0.568805042328515,54.2019040582643],[-0.571970081068599,54.2020098648777],[-0.576252071359016,54.2014833195425],[-0.578624091851777,54.2004223461332],[-0.579604510869387,54.2005524345909],[-0.57969587917058,54.2001651038288],[-0.584513067935208,54.1995712120543],[-0.585819859501392,54.1986489764522],[-0.587557591579863,54.1988805776762],[-0.589629233002246,54.2000570097859],[-0.593575067468904,54.2006856732899],[-0.596828030411922,54.199511028507],[-0.597794344691007,54.1998208450606],[-0.599031443022048,54.1997404963552],[-0.599069448838005,54.2002364932822],[-0.598087897984035,54.2006025839244],[-0.599576692332824,54.2011465468394],[-0.599904383604374,54.2020054098325],[-0.601972460380617,54.2022009824759],[-0.6030991786751,54.202756157123],[-0.603912079541714,54.2023939302102],[-0.604568623529485,54.2024585706769],[-0.607003942376986,54.2042643732328],[-0.608112749719288,54.2043491305275],[-0.608945425989705,54.204878383934],[-0.610276560094253,54.20514624981],[-0.611567321661949,54.2048895084538],[-0.612136506561113,54.2041463945188],[-0.614714257552268,54.2056913853502],[-0.615589256463064,54.2049717137816],[-0.616737685318961,54.2047722720052],[-0.617182957812516,54.2050798455765],[-0.618091280942866,54.2049040753258],[-0.618443984699728,54.2054726915084],[-0.61659301140953,54.2085596819944],[-0.614749248115268,54.2098606174295],[-0.614225967682489,54.2110213761851],[-0.611951062820303,54.2131989979178],[-0.607422394045306,54.2130133456456],[-0.607242336469601,54.2132233416599],[-0.605896209216053,54.2179917451874],[-0.603630179120559,54.2229800634691],[-0.602912694411806,54.2285764788212],[-0.602446856048615,54.2301316036047],[-0.600266412892401,54.2310545583355],[-0.598995232286235,54.2321093817498],[-0.597837651919715,54.2360865264951],[-0.598797686149991,54.2399545498421],[-0.600066596028325,54.2424466199051],[-0.601667894544611,54.2439556346391],[-0.604815678796309,54.2454611778441],[-0.606935036047667,54.248606387678],[-0.607826498038788,54.2556619670927],[-0.607554786489704,54.2609652631793],[-0.610491932004386,54.264818349143],[-0.613113800892355,54.2696568483753],[-0.610336159775203,54.2749607413281],[-0.607670670977497,54.2749697682126],[-0.605734113402198,54.2742879323942],[-0.60418744224178,54.2760373473253],[-0.603562563716059,54.2781323142377],[-0.60131951728329,54.2770876305776],[-0.597976931395514,54.2778276871539],[-0.595279447862683,54.2774061831241],[-0.594704484424687,54.2775887966846],[-0.592710807661456,54.2770507340692],[-0.591191757885733,54.2760510970892],[-0.588730732417358,54.2757521385827],[-0.587514119617006,54.2769720361432],[-0.58784150139447,54.2771949443276],[-0.587201056131541,54.2772565358352],[-0.586298649319096,54.2783947163146],[-0.583541953205395,54.2799265331322],[-0.582636209285892,54.2798982009297],[-0.578773674138566,54.2821592508614],[-0.579533091211976,54.2840149042787],[-0.578654041321158,54.2860827295999],[-0.573876806762974,54.2905222872489],[-0.569573328252145,54.2882125851642],[-0.566502260162111,54.2901203430482],[-0.564494541128833,54.2906144087421],[-0.568746797084291,54.2939725032383],[-0.565748578544328,54.2955252749726],[-0.561207211583609,54.2966938801202],[-0.560944532501462,54.2970387579206],[-0.559589685469033,54.2970620720411],[-0.556586706995897,54.2966288868909],[-0.555200707769122,54.2960572889945],[-0.555500686134032,54.295635626221]]]},"properties":{"FID":5575,"MSOA21CD":"E02005807","MSOA21NM":"Scarborough 013","MSOA21NMW":" ","BNG_E":496443,"BNG_N":484203,"LAT":54.24446,"LONG":-0.52152,"GlobalID":"c2a3e924-eb7c-4f93-852e-12dd281bd8fb","GROUP":"The Vale, Moors & Coast"}},{"type":"Feature","id":5576,"geometry":{"type":"Polygon","coordinates":[[[-0.299161925884233,54.2264495944615],[-0.296737478990721,54.2250836472449],[-0.293647141879672,54.2251660598274],[-0.292181929359855,54.2248610744724],[-0.289826725795386,54.223798837103],[-0.286666346681697,54.2231983570689],[-0.286418118767106,54.2231511887163],[-0.282507312632718,54.2212625996545],[-0.279331443637094,54.2205287193323],[-0.279239613770236,54.2204413190316],[-0.277498784862209,54.2201051780931],[-0.277433016393125,54.2200899775254],[-0.275858280862033,54.2193325561805],[-0.275035264915025,54.2194260972846],[-0.275086405496637,54.2188709182971],[-0.275083482476934,54.2188722678297],[-0.275083559823188,54.2188715166138],[-0.274415157516519,54.2191809931572],[-0.273220422527626,54.2189868810424],[-0.273118803463668,54.2184547697335],[-0.27186231998373,54.21844275311],[-0.271034536574862,54.2183570131602],[-0.270889886252745,54.2181092510832],[-0.270363898910873,54.2183401791671],[-0.269816138063324,54.2183731115913],[-0.269032893959967,54.2183261522764],[-0.267686682178744,54.2173051626593],[-0.265423774465367,54.2164881607337],[-0.266184747665874,54.216242914072],[-0.266644103067498,54.2164357829946],[-0.26626881061072,54.2164764014412],[-0.271003070517869,54.2169090267542],[-0.275372453504861,54.2177364990091],[-0.277482490274212,54.2171917827041],[-0.281052797217384,54.2141474348266],[-0.28260924673998,54.2118291242781],[-0.283387535553261,54.2106697615954],[-0.284345213167971,54.2078443874886],[-0.284503981224232,54.2050832613649],[-0.284958253927114,54.2045822230682],[-0.284727536795213,54.2035441346906],[-0.28472761511622,54.2035440576061],[-0.285449151299091,54.2028422795168],[-0.283137323141012,54.1950115486509],[-0.283090912757656,54.1949351757934],[-0.280543959110919,54.1907434389591],[-0.277270932605126,54.1865605752023],[-0.271532999848067,54.1811523131025],[-0.26339945242523,54.1758719475232],[-0.26339381696684,54.1758682888346],[-0.245364059137479,54.1665515385657],[-0.233820536561409,54.1620067460148],[-0.227194723423562,54.1599122315411],[-0.220693540513434,54.158676192882],[-0.218718606756985,54.1579877199311],[-0.216249920204993,54.1576669947106],[-0.212575732609142,54.1576915901933],[-0.212549181504494,54.1576917677081],[-0.216927500957399,54.1483476758219],[-0.221410860114344,54.1420403266757],[-0.221308610980599,54.1388643529539],[-0.221691699585515,54.1379730848976],[-0.222684983975869,54.137041113515],[-0.226554455533867,54.1364374733868],[-0.229066269174597,54.1357272317901],[-0.22984329182759,54.1343021348726],[-0.229747214869704,54.1324398350784],[-0.23722472338345,54.1372494311022],[-0.245203817926028,54.1371286155669],[-0.252097581411255,54.1387999271029],[-0.265420915026874,54.1405585171439],[-0.269069141045002,54.1383334984074],[-0.272780281463682,54.1392682280138],[-0.276452102582208,54.1395983522828],[-0.283117621620125,54.1397820303137],[-0.288222160651046,54.1394088898897],[-0.290564901547635,54.1397558076427],[-0.291563245482788,54.1387574485478],[-0.300007708562881,54.1367342379054],[-0.304083123573457,54.136269959348],[-0.307661282309789,54.1379007120768],[-0.311672643765266,54.1427437313683],[-0.313766135029412,54.1464026571374],[-0.322652980789717,54.1452765656882],[-0.323298536582887,54.147491966458],[-0.323101152742886,54.149263632551],[-0.323841865781986,54.1502969228148],[-0.328806534063431,54.1490678970294],[-0.335282244864628,54.1496744043525],[-0.336946524927009,54.1495633956514],[-0.342493373469145,54.1485311458954],[-0.346397562325092,54.1468731808335],[-0.350753873833231,54.1497730549299],[-0.355276158212222,54.149607431619],[-0.360037661500794,54.1531202948164],[-0.367087211868217,54.153368008022],[-0.374944401330208,54.1541820026433],[-0.375007317952256,54.1562238998324],[-0.373317456677284,54.1562746919004],[-0.374510753837674,54.1625361259967],[-0.379571361595444,54.1688754688596],[-0.38190930895185,54.1713329142374],[-0.387999812940581,54.1745506968217],[-0.390841789126256,54.1765400168904],[-0.396415762928387,54.1752719542222],[-0.403257769949521,54.1747232355816],[-0.404077228755712,54.1758486320919],[-0.408271091768338,54.1758347532672],[-0.408551989756999,54.1753646115969],[-0.411918593551047,54.1747466918499],[-0.418250206743457,54.1740634363771],[-0.418660818401483,54.1755510706287],[-0.421655602364419,54.1798179827712],[-0.42316441957929,54.1840743933722],[-0.423965527692286,54.1887030119394],[-0.426726127707949,54.193117451271],[-0.428970403813006,54.199681087149],[-0.431380041683372,54.2008760883782],[-0.43408105504444,54.2047947486104],[-0.437497120007637,54.2150230337572],[-0.432879545609686,54.2140874171316],[-0.427901287726263,54.2125577641999],[-0.425349216208921,54.2128531042288],[-0.421150809643908,54.2124361185313],[-0.415597023302266,54.2150816776745],[-0.416155518530119,54.2157412124296],[-0.414919215114918,54.2159047318189],[-0.414986882519307,54.2161851239077],[-0.412013607353355,54.2176953689089],[-0.410290037021061,54.2180844843558],[-0.410189284240649,54.2185990975881],[-0.408876598335753,54.2183095860196],[-0.40774897043854,54.2187935453747],[-0.406871471342312,54.2182206919569],[-0.404732297065158,54.217995857109],[-0.402557758469676,54.2181707056855],[-0.400548861071559,54.2177675849368],[-0.400369427719672,54.217101285515],[-0.398808752809649,54.2171300062136],[-0.395974607293011,54.2151426874145],[-0.395550653368439,54.2136163245148],[-0.389731105520109,54.2135727344303],[-0.38120413830428,54.2130318760162],[-0.380915649584474,54.2110825639771],[-0.380184198626182,54.2107824932622],[-0.379196596283681,54.2111696011393],[-0.378152304284017,54.2110032843758],[-0.377666135467819,54.2104591267924],[-0.376360919018234,54.2107373386839],[-0.374694381961782,54.2105502331071],[-0.37446447621384,54.210841271298],[-0.373012524341693,54.2108402200023],[-0.372493616335395,54.2111677571208],[-0.371012720229193,54.210999717149],[-0.37032767717112,54.2109463707793],[-0.370028110613069,54.2102665244843],[-0.369291475544745,54.2113952827277],[-0.364979500597461,54.2107464403342],[-0.358044730540778,54.2093620615187],[-0.357574886787174,54.2088730976582],[-0.356370784859384,54.209003307649],[-0.356489917279449,54.2093220629955],[-0.355968589318989,54.2094419171184],[-0.344578192784536,54.2101748073662],[-0.343317190319306,54.2103004389023],[-0.338806680004175,54.2117647366531],[-0.33870627823506,54.2127776326278],[-0.336830360095012,54.2137107425033],[-0.328598588790022,54.2169653037754],[-0.325969972328815,54.2176576730857],[-0.320290299430972,54.2180647990916],[-0.314264181507682,54.2176890592859],[-0.312452700753446,54.2173181281361],[-0.304395686280751,54.2150041247759],[-0.30457769310591,54.2161230618823],[-0.304397487179536,54.217156867797],[-0.303989957540131,54.220145107235],[-0.302529056403147,54.2236479770296],[-0.302837068160439,54.2266678997557],[-0.302600565323766,54.227152857452],[-0.302597668240844,54.2271524625001],[-0.299161925884233,54.2264495944615]]]},"properties":{"FID":5576,"MSOA21CD":"E02005808","MSOA21NM":"Scarborough 014","MSOA21NMW":" ","BNG_E":508044,"BNG_N":477388,"LAT":54.18092,"LONG":-0.34602,"GlobalID":"36c711ca-04c1-4b23-8529-93109771a072","GROUP":"The Vale, Moors & Coast"}},{"type":"Feature","id":5577,"geometry":{"type":"Polygon","coordinates":[[[-1.3066519995716,53.9053085241982],[-1.3038708307851,53.9044524600213],[-1.29740562518495,53.904876780631],[-1.29660849908297,53.9044335718127],[-1.29768074403413,53.9028578170885],[-1.29672371603612,53.902521074064],[-1.289192500009,53.9044240543742],[-1.28773742115427,53.9041053896157],[-1.28512998743352,53.9028181292803],[-1.28254370080871,53.902254459329],[-1.28195878353926,53.901915609867],[-1.28207449293436,53.9015834155326],[-1.2838583351822,53.9008593386503],[-1.28545182821471,53.9009303331859],[-1.28616691529766,53.902116769192],[-1.28696860969719,53.9022125277736],[-1.28878024850615,53.9010357275773],[-1.29147314224239,53.9008954583148],[-1.2916640130096,53.8997817222422],[-1.28903446441005,53.8994224984774],[-1.28684566434493,53.8980880365907],[-1.28370908861794,53.8974020392804],[-1.2834822903088,53.8970372342578],[-1.28457929350762,53.894729379597],[-1.284050612168,53.8945841058456],[-1.28255215121163,53.8950891724654],[-1.28171220063309,53.8949043977175],[-1.28124830147641,53.8939211323553],[-1.28160658738323,53.8931564876108],[-1.28143020573746,53.8925725934221],[-1.27960228876112,53.8926605190058],[-1.27883184936836,53.8923357041029],[-1.27855211721907,53.8914307565182],[-1.27885830957215,53.8907135414156],[-1.27829444095807,53.8905189387276],[-1.27611258827838,53.8913360244988],[-1.27235353880933,53.8920385448298],[-1.27082783304927,53.892086875395],[-1.26940402159742,53.8917588879786],[-1.2657318275417,53.8902692201074],[-1.26480789323523,53.8895557751682],[-1.26246082362396,53.8903334542487],[-1.26029902042723,53.8922910538845],[-1.25948016774742,53.8925781573045],[-1.25854036633293,53.8927352140142],[-1.25847970681079,53.8915228790338],[-1.25695589235482,53.8914516849744],[-1.25681807488687,53.8921620128158],[-1.25639414240915,53.8920491356874],[-1.25607652225677,53.8918922720238],[-1.24939966988477,53.8929834107232],[-1.24404645952199,53.893522651657],[-1.24229377214656,53.8940273071846],[-1.24530277989037,53.8962452028545],[-1.24229576553633,53.8973190289455],[-1.23738761991447,53.8945734512114],[-1.23570947065142,53.894451318107],[-1.23344904153818,53.8930533434565],[-1.23029039830061,53.893852722886],[-1.23019663924855,53.893649102415],[-1.23023451044553,53.8931648041882],[-1.22927438153374,53.8924580215474],[-1.22642539460379,53.8917986961439],[-1.22619114558561,53.8901480926861],[-1.22315131556363,53.8890459865974],[-1.22172209827683,53.8889934798449],[-1.22052252318337,53.8876321770123],[-1.21858147040827,53.8866861261336],[-1.22171804491987,53.8830540810777],[-1.22569352656426,53.8806487863281],[-1.22441360774625,53.8803512330315],[-1.22552030971716,53.8782360846933],[-1.22483446619592,53.8776654065813],[-1.22624405528284,53.8763650467595],[-1.22629111634325,53.8754620533114],[-1.22747302947222,53.8739748405564],[-1.23029537757677,53.8713399253778],[-1.23176519796479,53.871392185861],[-1.23354219832633,53.8691835173404],[-1.23611982910553,53.8704663809937],[-1.23668335149746,53.8714142651378],[-1.23656154449633,53.8724412196633],[-1.23714146180185,53.8730639550672],[-1.23847751822545,53.8735878420883],[-1.2406611411375,53.8736598081782],[-1.24201720273381,53.8762900591988],[-1.24263759867826,53.8762060601616],[-1.24372911217698,53.8747186804775],[-1.24451395885282,53.8744742010339],[-1.24554332055504,53.8745615621387],[-1.24807104154262,53.8758598806535],[-1.24910911929441,53.8757577219849],[-1.2505516309828,53.8749336097832],[-1.25220665270937,53.875254574647],[-1.25423365618691,53.8773532182619],[-1.2555179969327,53.8803970162301],[-1.26106945097357,53.8770831162976],[-1.26725427319442,53.8742797042936],[-1.26702056565612,53.8742978007639],[-1.26624306133057,53.8743580474517],[-1.26621950842359,53.8740469823408],[-1.26779226926614,53.8729147885643],[-1.26753021529852,53.8727491876099],[-1.2681274275737,53.8724334659085],[-1.26840233298871,53.8712226072541],[-1.26751691063699,53.8691519441579],[-1.26834163776421,53.8684880566952],[-1.26760811218658,53.8678745250845],[-1.26821200903691,53.867335267846],[-1.26771696145882,53.8666643971021],[-1.26852244688009,53.8656653843622],[-1.26907305518252,53.8658097394589],[-1.26997850204139,53.865391682126],[-1.27169704259029,53.8648819452596],[-1.27259646874011,53.8635464658176],[-1.27243362273221,53.862797512064],[-1.27166158152355,53.8624906027893],[-1.27196735447769,53.8617490851555],[-1.2706754456501,53.8615735295848],[-1.26987969730143,53.8617637381218],[-1.26982291213846,53.8620668297696],[-1.26920319817189,53.8618271351431],[-1.26881533276643,53.8621016391698],[-1.26576639861445,53.8613368323318],[-1.26522949346607,53.8614439406369],[-1.26353867977636,53.8598720464606],[-1.26396429639049,53.8596200414963],[-1.2636155477324,53.8590508115553],[-1.26389634467819,53.8586444208644],[-1.267713675742,53.8583113567988],[-1.26881840422392,53.8586285970985],[-1.26954933682149,53.8581265708652],[-1.27133387450336,53.8584012959189],[-1.27148448745058,53.857774738788],[-1.27332498275849,53.8571741134208],[-1.2748506035821,53.8570294200271],[-1.2759855463823,53.8572867936155],[-1.27731876805621,53.856592906799],[-1.2780591009737,53.8567261383786],[-1.27894832411807,53.8573419696988],[-1.27911948507611,53.8580798809046],[-1.28212014704358,53.8590656107743],[-1.28370840899634,53.8606300058893],[-1.28477847412915,53.8604307322717],[-1.28491523631712,53.853285623112],[-1.28815247580232,53.8530937502078],[-1.29120830006866,53.8534193647889],[-1.29221076492732,53.8528592055791],[-1.29459685359251,53.8540766214372],[-1.2958974665834,53.8535752915371],[-1.29568520523333,53.8532883680683],[-1.29797295429584,53.851563402153],[-1.29835755149325,53.8516572011307],[-1.29584563046528,53.8451648554992],[-1.30527982572677,53.8435111507526],[-1.30852916394879,53.8437040386434],[-1.30907907424144,53.8429586551085],[-1.30832944268736,53.8420822621543],[-1.31252351148779,53.8420529030543],[-1.31438432740668,53.8416166587252],[-1.31589379026708,53.8419600714395],[-1.31971103344963,53.8416278330137],[-1.32007040577107,53.841314992807],[-1.31777086023242,53.8392120931063],[-1.31740771400217,53.8384034478793],[-1.31950269730109,53.8373879160538],[-1.3219407031489,53.8353082391433],[-1.3252086272279,53.8353463131226],[-1.32600045168811,53.8358928546199],[-1.32542217842313,53.8381349709794],[-1.32655709345001,53.8404234966042],[-1.32796309984565,53.840704664759],[-1.32815829345166,53.8412950139012],[-1.33234360084369,53.840959131685],[-1.33822471085278,53.8442439960092],[-1.34213761022738,53.8451727159651],[-1.34046059897495,53.8491031716554],[-1.3384291496391,53.8517443483548],[-1.34274995394512,53.8515183579868],[-1.34701517829627,53.8541919638882],[-1.3494362343102,53.8549864869832],[-1.35297013539235,53.8567504693778],[-1.34992591092145,53.8576349947167],[-1.34197121611023,53.8589567746587],[-1.33155423275502,53.861534188561],[-1.32326229572761,53.8616726185975],[-1.31823126498994,53.8624334487153],[-1.31532839183562,53.8633974914948],[-1.31260266333984,53.8653168900772],[-1.31178354388898,53.8668752855356],[-1.31479800685137,53.8686715511359],[-1.31840805691775,53.8774732957115],[-1.31711769306254,53.87845603543],[-1.31944784915983,53.8786464928646],[-1.31969403483764,53.8789576909626],[-1.31576084561717,53.8794907977352],[-1.31560713094492,53.8816822817083],[-1.32080424017656,53.8837879592519],[-1.31999656748006,53.885397561887],[-1.32002047172836,53.88852830433],[-1.31795427263902,53.8887502893469],[-1.31754786523654,53.890145325321],[-1.31793047318572,53.8918492306406],[-1.31677741858224,53.8920259132055],[-1.31781842606949,53.8941726123138],[-1.31766166785227,53.8960100166541],[-1.31814508223183,53.8975443516665],[-1.32227164519556,53.9004570153018],[-1.32178688668992,53.9011688109927],[-1.32178185972333,53.9029200182748],[-1.32105410484394,53.9034801809718],[-1.31948425653717,53.9039639624998],[-1.3152167669567,53.9044776934643],[-1.31372505692207,53.9047017935426],[-1.30848155356674,53.905471275692],[-1.3066519995716,53.9053085241982]]]},"properties":{"FID":5577,"MSOA21CD":"E02005809","MSOA21NM":"Selby 001","MSOA21NMW":" ","BNG_E":447063,"BNG_N":442373,"LAT":53.87545,"LONG":-1.28566,"GlobalID":"e1747dce-010b-48fe-a4d1-9584e7790fff","GROUP":"A1 Corridor"}},{"type":"Feature","id":5578,"geometry":{"type":"Polygon","coordinates":[[[-1.25190213231103,53.9356015393276],[-1.24494857398999,53.9316105981423],[-1.24135336248703,53.932535211292],[-1.23868451020616,53.9326399538885],[-1.23874826369013,53.9330762476724],[-1.23612782961604,53.9348633828908],[-1.23527794945727,53.9350079709289],[-1.2344664630291,53.9345093180185],[-1.2335379345077,53.9345345820018],[-1.2292032462269,53.9320414036508],[-1.22820378310839,53.9316515687245],[-1.22768017221666,53.931810847151],[-1.22719157571152,53.9299418690421],[-1.22803384357759,53.9292187742709],[-1.22661826524072,53.9285397188832],[-1.22684238150894,53.9279380987966],[-1.22359592331868,53.925782576957],[-1.22221397676053,53.9254986775412],[-1.22178799999404,53.9250437300207],[-1.21876150428612,53.925191205186],[-1.217968831806,53.924991759829],[-1.21760779311351,53.9259969697999],[-1.21430713250627,53.9263165584784],[-1.20514279201085,53.9256218240374],[-1.20512937787244,53.9244476876562],[-1.20212526177362,53.9230714554391],[-1.19881181404829,53.9224542478665],[-1.19563892884242,53.9223807639423],[-1.19113304470545,53.9225817521126],[-1.18671088724777,53.9184422531925],[-1.1857088857068,53.9160639789305],[-1.17930462476914,53.9168975988271],[-1.17738321543078,53.9143327208143],[-1.17691627444182,53.9139309712645],[-1.17640837034436,53.9139693403496],[-1.17306963901512,53.9112814870644],[-1.17059592485348,53.9088219634793],[-1.16491625592034,53.9105760420748],[-1.1645284491705,53.9091702477867],[-1.16325916355385,53.9076101923646],[-1.16164243025225,53.9041739864643],[-1.16156275150387,53.9026867576419],[-1.16018344163659,53.9005006111372],[-1.15913059190828,53.8994978388547],[-1.15432270108693,53.8966758164598],[-1.15439568978803,53.8959286310785],[-1.15232814570801,53.8957376606689],[-1.15023749224153,53.8949940301364],[-1.15000623414578,53.8936399678467],[-1.14676489640012,53.8946098573222],[-1.14356070628695,53.8924903355811],[-1.14199241449225,53.8929344535333],[-1.14156896454719,53.8926440883235],[-1.13881659057708,53.8941776368735],[-1.13677115253544,53.8959242248049],[-1.1348152159197,53.8947437884426],[-1.1343171488286,53.8925642383022],[-1.13335593409175,53.8910562959725],[-1.1291142959146,53.8889833519893],[-1.12524112816802,53.8856082631836],[-1.12498343181465,53.8826762676192],[-1.12105229261159,53.8826492501289],[-1.11865281949401,53.8814161102973],[-1.11743700769995,53.8803613838406],[-1.1156049497804,53.879683353168],[-1.11196543603004,53.8790618175847],[-1.10898967230964,53.8773593403264],[-1.10535008083474,53.8758361177181],[-1.11292722716464,53.8718496001659],[-1.1164788036766,53.8687326299051],[-1.1195235642862,53.8669842959044],[-1.12132653793925,53.8663575500871],[-1.12578987097255,53.8658401191279],[-1.1271748073254,53.8651292819859],[-1.12820224126185,53.8633203131493],[-1.12772599117315,53.8619488023689],[-1.12389337147384,53.8589323895844],[-1.11886986587714,53.8571213401423],[-1.1183726041439,53.8560400496403],[-1.11858239807883,53.8549519499827],[-1.1185932596115,53.8549263541581],[-1.11861906638178,53.8548849976566],[-1.12003864725803,53.8530717807038],[-1.12024655080134,53.8528895206843],[-1.1241084085203,53.8498631069539],[-1.1245769059206,53.8486063845577],[-1.1240505978038,53.8465118687692],[-1.12520828998643,53.844714564751],[-1.12655074598905,53.8440367613374],[-1.12819821260535,53.843894183399],[-1.12933556448265,53.8440938299603],[-1.12939158902338,53.8447584505836],[-1.13045836212067,53.8452875253281],[-1.13247146766567,53.8456885584463],[-1.13396939824376,53.8455070818911],[-1.13536373572298,53.8445922449629],[-1.13571332471279,53.8435520191688],[-1.13572188919019,53.8435265328865],[-1.13582840958382,53.8432095647173],[-1.13643470279722,53.8423605321899],[-1.13653919509209,53.84221420062],[-1.13804729884805,53.8401021240294],[-1.13883492695362,53.8397892411054],[-1.13894513811926,53.839745459294],[-1.13962163063493,53.8396677682515],[-1.14132457211147,53.839472176396],[-1.14295984195181,53.83991624829],[-1.14171578031341,53.842041078088],[-1.14152247206029,53.8432468195905],[-1.14247116674565,53.8447959733872],[-1.1446865919339,53.8465402420851],[-1.14453173609313,53.847651822879],[-1.14340633780994,53.8489470668166],[-1.1441796485959,53.8500096436333],[-1.14934783135836,53.8490431495596],[-1.1496529728503,53.8489860773673],[-1.15037043153718,53.8489999953433],[-1.15198694886902,53.8490313382642],[-1.15514906547727,53.8501439381444],[-1.15633344425193,53.8512677340169],[-1.15780401281447,53.8517678605265],[-1.15759956247484,53.8515003631914],[-1.16015832562452,53.850492799633],[-1.16019079947697,53.8504808011033],[-1.16023882796793,53.8504630555812],[-1.16024081268576,53.8504623225478],[-1.1605644332217,53.8503328768972],[-1.16242851992312,53.8482526187765],[-1.16423824572918,53.8473646058385],[-1.16593391678227,53.8470159863154],[-1.16722404848472,53.847569556429],[-1.17004955411926,53.8514990037384],[-1.17061379120854,53.8533809717739],[-1.17092786525822,53.8544284646255],[-1.17127044410872,53.8555709715133],[-1.17301150964502,53.8561708095858],[-1.17634499598352,53.8562401493359],[-1.17665036979356,53.8562464967675],[-1.17772114997736,53.8562687471219],[-1.17948625261703,53.855721740894],[-1.18122333545983,53.8547386293638],[-1.18239251988203,53.853872033836],[-1.18257495923527,53.853462994644],[-1.18295844373552,53.8526031735502],[-1.18279291869729,53.8504107426371],[-1.18322467708158,53.8499346604498],[-1.18521138872551,53.8501763919258],[-1.19053966039956,53.8535169499776],[-1.19174188608324,53.854270579255],[-1.19239622835623,53.8542139310413],[-1.19239639585488,53.8542139168881],[-1.19324804784894,53.854140187745],[-1.19677002866646,53.8538351834142],[-1.19761902086399,53.8540681783766],[-1.19793151495043,53.8541539362879],[-1.19821807788017,53.8544873940551],[-1.19866172569792,53.8550036307392],[-1.20040441664233,53.8553793409079],[-1.20069943647288,53.8551502875409],[-1.20089317553481,53.8549998668769],[-1.20180708223575,53.8542902823088],[-1.20380826479799,53.8543123408714],[-1.20467663026981,53.854321901775],[-1.20491483283263,53.8544150238313],[-1.20587185802425,53.8547891521118],[-1.2058886183037,53.8547873341038],[-1.20640353849266,53.8547314751717],[-1.2060145476941,53.854481802241],[-1.2046546580415,53.8541186837178],[-1.20198281377277,53.8540793024238],[-1.20115612334576,53.8543057219888],[-1.20048355356677,53.855133575106],[-1.19980295148612,53.8551119688023],[-1.19731053833982,53.8537156068124],[-1.19717741309391,53.8537061143344],[-1.19716934107503,53.8537055390569],[-1.19565576134363,53.8535976059735],[-1.19186458067804,53.8540566504557],[-1.19101397136774,53.8535201464083],[-1.18557330729711,53.8500880933672],[-1.1849814892538,53.8499800384692],[-1.18497056357552,53.8499780435473],[-1.18483596790535,53.84995655875],[-1.18478911384325,53.8499482007771],[-1.1831798651129,53.8496611051103],[-1.18248734306611,53.8500958759818],[-1.18276859153856,53.8520472942005],[-1.1820915769314,53.8534597030089],[-1.18201279493169,53.8536240523967],[-1.17972537660607,53.8553393494355],[-1.17963835472871,53.8554046027539],[-1.17960923312192,53.8554139680451],[-1.17744041612855,53.8561114342895],[-1.17740776548445,53.8561219334418],[-1.1773839679609,53.856121084623],[-1.17294578847839,53.8559627008937],[-1.17153265586978,53.855381298944],[-1.1709386391843,53.8533832151516],[-1.17036234302472,53.8514445572617],[-1.16752289519812,53.847445830935],[-1.16623567709793,53.846821208812],[-1.16479561452208,53.8469334936767],[-1.16207744684663,53.8480218455449],[-1.16030385052888,53.850289721141],[-1.15777217112797,53.8513056893126],[-1.15657932614171,53.8511318925671],[-1.15536755071557,53.8500115906703],[-1.15153650806718,53.8488268792737],[-1.14882789700299,53.8488948689966],[-1.14436833415159,53.8497790709382],[-1.14377111791866,53.8489496687017],[-1.14493810034819,53.8475504846862],[-1.14500880111847,53.8465461313413],[-1.14252404050494,53.8444404328027],[-1.14191352667384,53.843298136748],[-1.14201637700819,53.8421340707783],[-1.14257443046355,53.8410129163272],[-1.14310049569936,53.8399559687755],[-1.14321599881884,53.8397238982181],[-1.14291609633493,53.8396343162773],[-1.14263800232922,53.8395512475472],[-1.14148648716596,53.8392072712701],[-1.13774275844872,53.839762888176],[-1.1345335867028,53.8449718348503],[-1.13264447849445,53.8454849378077],[-1.12992733181072,53.8448001636858],[-1.12985863991794,53.8442989893501],[-1.13208830866659,53.8443025486513],[-1.13357978942077,53.8439088803725],[-1.13446060643869,53.8426874433235],[-1.13210258326529,53.8400915891711],[-1.13068186148085,53.838527395036],[-1.12991581615743,53.8353013152996],[-1.12867534768349,53.833349089489],[-1.12861119036074,53.8333304703604],[-1.1265215717564,53.8327240329658],[-1.12513912014878,53.8328551295304],[-1.12014436374347,53.8357703079358],[-1.1179814890959,53.8365156975089],[-1.11616297305811,53.8367845612336],[-1.10411486610874,53.8370961951667],[-1.10102993334294,53.8368879411417],[-1.09891694976304,53.8363516554392],[-1.09292450272043,53.83356969326],[-1.08984088940719,53.8316237415607],[-1.08965060587887,53.8315036521771],[-1.08870078806786,53.8313688508619],[-1.08746032903166,53.8317476992937],[-1.0846013930199,53.8338786254526],[-1.08224074208516,53.8348250551502],[-1.07838671841782,53.8358130126959],[-1.07663255651629,53.8356279275113],[-1.07602605806189,53.8346003472322],[-1.07664448976571,53.8325243924125],[-1.08034082301006,53.8281107756985],[-1.08469351643323,53.8244893526228],[-1.08472676257144,53.8228241224084],[-1.08495123312286,53.8227218985774],[-1.08512867604753,53.8226410904538],[-1.08359065913936,53.8213494681311],[-1.07934935719052,53.8193343081234],[-1.07437675711395,53.8192394386448],[-1.06935844278346,53.8180475845979],[-1.06711108455859,53.8169209820635],[-1.06292582604185,53.8139475108733],[-1.05414856987014,53.8113844989762],[-1.05145372995851,53.8109399384229],[-1.04454008907387,53.8106963569243],[-1.0432080162688,53.8102345817755],[-1.04344313425598,53.8097133054012],[-1.04578088225463,53.808218254857],[-1.04694210807438,53.8070347098265],[-1.04840185187045,53.8035947779212],[-1.04864679293212,53.7958542557224],[-1.04656759715654,53.7913336655232],[-1.04709895825697,53.7900597489349],[-1.04952329748887,53.7893805886169],[-1.0541618361427,53.7893210625713],[-1.06423428130882,53.7881128511034],[-1.06428717547108,53.788107223096],[-1.06433355768495,53.7881022885621],[-1.0644939124373,53.7882988698772],[-1.0664345112073,53.7887919239403],[-1.06378136831518,53.7916504491852],[-1.06310527343496,53.7938282100125],[-1.06392682806387,53.7946429961209],[-1.06518779474128,53.7950061738118],[-1.06896441593356,53.7946085723259],[-1.06888889945183,53.7950835124297],[-1.06991197002298,53.7955708742778],[-1.07170259650785,53.7964201011804],[-1.07352593960956,53.7963507552934],[-1.07840067063073,53.7979435915932],[-1.07936520963909,53.7981508753263],[-1.08037516679102,53.7988959326099],[-1.08317736001482,53.799678531639],[-1.0840841161537,53.8006126349092],[-1.08686208810453,53.8016460732097],[-1.089261930086,53.8035591173567],[-1.09071253750587,53.804041139646],[-1.09246630587902,53.8052497946276],[-1.09339112132442,53.8050346326905],[-1.09456086886101,53.8037127031239],[-1.09742549575417,53.8034184809114],[-1.09886264998346,53.8037840236004],[-1.1023612747477,53.8026681458474],[-1.10428569539689,53.8033448468753],[-1.10494593946729,53.8042001123129],[-1.10728782446011,53.8052701819536],[-1.10934418561164,53.8053259054963],[-1.11086507225291,53.8058629924359],[-1.11479622467164,53.8047072928238],[-1.11814478096808,53.8029702489246],[-1.12412717770635,53.8007627888499],[-1.12420927136523,53.7995317220523],[-1.12317208670857,53.7976439092068],[-1.12408925826907,53.7974792916475],[-1.12505616034008,53.7964757176131],[-1.12693974243918,53.7961953594836],[-1.12918093768845,53.7953687101828],[-1.13274771341581,53.7959372051443],[-1.1348855333867,53.7951024129507],[-1.13688875275445,53.7933543003321],[-1.13955051658068,53.7919292317291],[-1.14139423801081,53.7912985375038],[-1.14413348124349,53.7909128306794],[-1.14187444907587,53.7901506398716],[-1.14096251100131,53.7885821189432],[-1.1398866121611,53.7877286818012],[-1.13741791053863,53.7882991290814],[-1.13406744849405,53.7875733613899],[-1.13357550965422,53.7861712940859],[-1.13413719681849,53.7853943290895],[-1.13306640750211,53.7849814475274],[-1.13217196181317,53.7827697647892],[-1.13106211835737,53.7824274846136],[-1.13052281364088,53.7817188324987],[-1.13095801500309,53.7814509341747],[-1.13327841274098,53.7815581934943],[-1.13845646651125,53.7808494132365],[-1.13882949734899,53.7804189605289],[-1.13778741163779,53.779664363428],[-1.13832999723194,53.7793449309635],[-1.13816716150383,53.7790471297383],[-1.14211451563975,53.778653757007],[-1.14471015240453,53.7785636330985],[-1.14560178904037,53.7790081301521],[-1.1463843019386,53.7795021723907],[-1.14838508673492,53.7797840712622],[-1.14980357756344,53.7810732725813],[-1.15268774619025,53.7814846523866],[-1.15422654518463,53.7824131635417],[-1.15551081253501,53.7828054502581],[-1.15721249209465,53.7828880567024],[-1.15760704194109,53.7834615528566],[-1.16202371941949,53.7836444212825],[-1.16326278377474,53.7833185414133],[-1.16677258568029,53.783119357985],[-1.16924377964249,53.7839487973963],[-1.16953359014392,53.7848614361978],[-1.17081444642326,53.7850407849138],[-1.17078833402828,53.785354602926],[-1.17161415473349,53.7863394986528],[-1.17296167674389,53.7867476146012],[-1.1733351383313,53.7874403451066],[-1.17256008702096,53.7879473429492],[-1.17124940258889,53.7899994370917],[-1.16728175634807,53.7929794269262],[-1.16683842526698,53.7938788286453],[-1.16703498580519,53.7959312102054],[-1.16627560449212,53.7988431906762],[-1.16635247198175,53.8027934950982],[-1.16842924937904,53.8046487496438],[-1.17188117386752,53.8019318126588],[-1.1833184491841,53.7990594526781],[-1.18446108669093,53.8002744625025],[-1.18490921040254,53.8021234708728],[-1.1873339402468,53.8031539104043],[-1.18787821008671,53.8030713936651],[-1.18834303799472,53.8023475547213],[-1.18975276273929,53.8019034419966],[-1.1907384888059,53.8005362819398],[-1.19533756120213,53.8005345919241],[-1.20135750490694,53.8000669233913],[-1.20318969495844,53.8004782405957],[-1.2042361544196,53.8014038244079],[-1.20634051258209,53.8007619935379],[-1.20806053780206,53.8014390336754],[-1.20953051067976,53.8012608133529],[-1.21025210497746,53.8022758869884],[-1.21707014530053,53.8051248509075],[-1.21781746748604,53.8043873400532],[-1.21675983348418,53.803111143448],[-1.2212051326223,53.8027392240829],[-1.22156106092427,53.8042507073772],[-1.22668930629597,53.8062011362945],[-1.22653343305889,53.8064883149436],[-1.22884323878788,53.8063540092728],[-1.2276335281783,53.8176489769367],[-1.23118791607646,53.8176256070447],[-1.24127501076224,53.8177186460419],[-1.24269241001981,53.8086020838175],[-1.24437935702771,53.8084675519812],[-1.25221253839215,53.8077761220661],[-1.25318640270903,53.805315372984],[-1.25326642895448,53.8045749522584],[-1.25605990043655,53.804359420159],[-1.2586220167551,53.8037275430306],[-1.26236872976626,53.8054572443413],[-1.27036466000689,53.8067857593334],[-1.27522275852555,53.808643416311],[-1.28039027935403,53.8094612117844],[-1.28262866829706,53.8091482164337],[-1.28785396624732,53.8103050689379],[-1.29382704026766,53.8127280647355],[-1.29405311866845,53.8130882189168],[-1.29424838597991,53.8128572647415],[-1.29679404494296,53.813030307738],[-1.29822455374211,53.8141082673194],[-1.29750832788055,53.8148241919463],[-1.3004235279852,53.8160720871773],[-1.30332060045223,53.8168543136442],[-1.30362350196346,53.8165358727541],[-1.30709145306755,53.8176184802032],[-1.31038938715999,53.8199099404408],[-1.30961781639858,53.8228641476097],[-1.31402934745402,53.8231537093722],[-1.31637978924261,53.8240560941991],[-1.32231332943444,53.8274538141414],[-1.32830362743706,53.8301317367193],[-1.33277244934351,53.8327912335073],[-1.33609746805593,53.8335896684015],[-1.33402174704131,53.8338101834795],[-1.33428076405673,53.8344729859531],[-1.3335400444814,53.8345307354189],[-1.33349867199336,53.8348156434323],[-1.33179956452818,53.8348494660628],[-1.33118567113403,53.835114662961],[-1.33125153772333,53.8354781173242],[-1.32974041518287,53.8358247983821],[-1.32876465425367,53.8354942069484],[-1.32844008564782,53.8349877501715],[-1.32770010683732,53.8351635242369],[-1.32737869546298,53.8348733880065],[-1.32620888494022,53.8351965207602],[-1.32602857620364,53.8349669392623],[-1.32560647228806,53.835221840176],[-1.32534239101444,53.835057751859],[-1.3252086272279,53.8353463131226],[-1.3219407031489,53.8353082391433],[-1.31950269730109,53.8373879160538],[-1.31740771400217,53.8384034478793],[-1.31777086023242,53.8392120931063],[-1.32007040577107,53.841314992807],[-1.31971103344963,53.8416278330137],[-1.31589379026708,53.8419600714395],[-1.31438432740668,53.8416166587252],[-1.31252351148779,53.8420529030543],[-1.30832944268736,53.8420822621543],[-1.30907907424144,53.8429586551085],[-1.30852916394879,53.8437040386434],[-1.30527982572677,53.8435111507526],[-1.29584563046528,53.8451648554992],[-1.29835755149325,53.8516572011307],[-1.29797295429584,53.851563402153],[-1.29568520523333,53.8532883680683],[-1.2958974665834,53.8535752915371],[-1.29459685359251,53.8540766214372],[-1.29221076492732,53.8528592055791],[-1.29120830006866,53.8534193647889],[-1.28815247580232,53.8530937502078],[-1.28491523631712,53.853285623112],[-1.28477847412915,53.8604307322717],[-1.28370840899634,53.8606300058893],[-1.28212014704358,53.8590656107743],[-1.27911948507611,53.8580798809046],[-1.27894832411807,53.8573419696988],[-1.2780591009737,53.8567261383786],[-1.27731876805621,53.856592906799],[-1.2759855463823,53.8572867936155],[-1.2748506035821,53.8570294200271],[-1.27332498275849,53.8571741134208],[-1.27148448745058,53.857774738788],[-1.27133387450336,53.8584012959189],[-1.26954933682149,53.8581265708652],[-1.26881840422392,53.8586285970985],[-1.267713675742,53.8583113567988],[-1.26389634467819,53.8586444208644],[-1.2636155477324,53.8590508115553],[-1.26396429639049,53.8596200414963],[-1.26353867977636,53.8598720464606],[-1.26522949346607,53.8614439406369],[-1.26576639861445,53.8613368323318],[-1.26881533276643,53.8621016391698],[-1.26920319817189,53.8618271351431],[-1.26982291213846,53.8620668297696],[-1.26987969730143,53.8617637381218],[-1.2706754456501,53.8615735295848],[-1.27196735447769,53.8617490851555],[-1.27166158152355,53.8624906027893],[-1.27243362273221,53.862797512064],[-1.27259646874011,53.8635464658176],[-1.27169704259029,53.8648819452596],[-1.26997850204139,53.865391682126],[-1.26907305518252,53.8658097394589],[-1.26852244688009,53.8656653843622],[-1.26771696145882,53.8666643971021],[-1.26821200903691,53.867335267846],[-1.26760811218658,53.8678745250845],[-1.26834163776421,53.8684880566952],[-1.26751691063699,53.8691519441579],[-1.26840233298871,53.8712226072541],[-1.2681274275737,53.8724334659085],[-1.26753021529852,53.8727491876099],[-1.26779226926614,53.8729147885643],[-1.26621950842359,53.8740469823408],[-1.26624306133057,53.8743580474517],[-1.26702056565612,53.8742978007639],[-1.26725427319442,53.8742797042936],[-1.26106945097357,53.8770831162976],[-1.2555179969327,53.8803970162301],[-1.25423365618691,53.8773532182619],[-1.25220665270937,53.875254574647],[-1.2505516309828,53.8749336097832],[-1.24910911929441,53.8757577219849],[-1.24807104154262,53.8758598806535],[-1.24554332055504,53.8745615621387],[-1.24451395885282,53.8744742010339],[-1.24372911217698,53.8747186804775],[-1.24263759867826,53.8762060601616],[-1.24201720273381,53.8762900591988],[-1.2406611411375,53.8736598081782],[-1.23847751822545,53.8735878420883],[-1.23714146180185,53.8730639550672],[-1.23656154449633,53.8724412196633],[-1.23668335149746,53.8714142651378],[-1.23611982910553,53.8704663809937],[-1.23354219832633,53.8691835173404],[-1.23176519796479,53.871392185861],[-1.23029537757677,53.8713399253778],[-1.22747302947222,53.8739748405564],[-1.22629111634325,53.8754620533114],[-1.22624405528284,53.8763650467595],[-1.22483446619592,53.8776654065813],[-1.22552030971716,53.8782360846933],[-1.22441360774625,53.8803512330315],[-1.22569352656426,53.8806487863281],[-1.22171804491987,53.8830540810777],[-1.21858147040827,53.8866861261336],[-1.22052252318337,53.8876321770123],[-1.22172209827683,53.8889934798449],[-1.22315131556363,53.8890459865974],[-1.22619114558561,53.8901480926861],[-1.22642539460379,53.8917986961439],[-1.22927438153374,53.8924580215474],[-1.23023451044553,53.8931648041882],[-1.23019663924855,53.893649102415],[-1.23029039830061,53.893852722886],[-1.23344904153818,53.8930533434565],[-1.23570947065142,53.894451318107],[-1.23738761991447,53.8945734512114],[-1.24229576553633,53.8973190289455],[-1.24530277989037,53.8962452028545],[-1.24229377214656,53.8940273071846],[-1.24404645952199,53.893522651657],[-1.24939966988477,53.8929834107232],[-1.25607652225677,53.8918922720238],[-1.25639414240915,53.8920491356874],[-1.25681807488687,53.8921620128158],[-1.25695589235482,53.8914516849744],[-1.25847970681079,53.8915228790338],[-1.25854036633293,53.8927352140142],[-1.25948016774742,53.8925781573045],[-1.26029902042723,53.8922910538845],[-1.26246082362396,53.8903334542487],[-1.26480789323523,53.8895557751682],[-1.2657318275417,53.8902692201074],[-1.26940402159742,53.8917588879786],[-1.27082783304927,53.892086875395],[-1.27235353880933,53.8920385448298],[-1.27611258827838,53.8913360244988],[-1.27829444095807,53.8905189387276],[-1.27885830957215,53.8907135414156],[-1.27855211721907,53.8914307565182],[-1.27552405014738,53.8929258677204],[-1.27558209446038,53.8933649452297],[-1.27353767463987,53.8935952714012],[-1.27210037832645,53.8958213564598],[-1.27033807996356,53.8969761402963],[-1.26920910789214,53.8982860126428],[-1.26678924338704,53.8994925103592],[-1.26813900982791,53.90089933337],[-1.26854289031438,53.9020172604805],[-1.26923169120875,53.9020394436274],[-1.27012938005724,53.9066720039995],[-1.26927015781177,53.9075276557815],[-1.26799206809554,53.9111484693572],[-1.26755283029842,53.9141511236619],[-1.26909842926802,53.9162313955126],[-1.27027013922714,53.9169755202729],[-1.266590088451,53.9176758083847],[-1.26080628998911,53.9198126536624],[-1.26084260780303,53.9200195985264],[-1.26376582516668,53.9203557597747],[-1.26327413541733,53.9217450352153],[-1.26195945994199,53.9232542361134],[-1.26260920551389,53.9250816403249],[-1.26343237892768,53.9258708791765],[-1.26243403584592,53.9270840204066],[-1.26269717855,53.9277714865166],[-1.26596212840785,53.9304077956065],[-1.26893379811215,53.9314758194361],[-1.27085597138928,53.9346590953645],[-1.26949188136389,53.9349851652839],[-1.26545133909075,53.9350289575878],[-1.26257293669307,53.9343319100761],[-1.26017184670188,53.9346963411212],[-1.25579302466738,53.9354527569124],[-1.25190213231103,53.9356015393276]]]},"properties":{"FID":5578,"MSOA21CD":"E02005810","MSOA21NM":"Selby 002","MSOA21NMW":" ","BNG_E":453007,"BNG_N":440388,"LAT":53.85704,"LONG":-1.19561,"GlobalID":"0e711773-8722-4270-9c49-b6f66eb6caf8","GROUP":"A1 Corridor"}},{"type":"Feature","id":5579,"geometry":{"type":"MultiPolygon","coordinates":[[[[-1.12007783365673,53.8530217261271],[-1.12024655080134,53.8528895206843],[-1.12003864725803,53.8530717807038],[-1.12007783365673,53.8530217261271]]],[[[-0.998543995030111,53.8809668032435],[-0.992832614453777,53.8752112517711],[-0.986907520991892,53.8771417544649],[-0.980938861914672,53.8783825180582],[-0.969470224318972,53.8823039398799],[-0.967709210814797,53.8828379034287],[-0.962706329695203,53.8830538148554],[-0.957502588105131,53.8843095589866],[-0.948027139123027,53.8848668232397],[-0.948248768822071,53.8860928555518],[-0.945155485237476,53.8869622980583],[-0.94407171840054,53.8881217996068],[-0.941584043847296,53.8875190323971],[-0.939590338266521,53.8878980468063],[-0.938612275517753,53.8875419563958],[-0.938170107385041,53.8858325323863],[-0.935602582828791,53.884245006119],[-0.934520329997633,53.8829425122033],[-0.934453378814219,53.8813487551452],[-0.93497346059035,53.8800194490742],[-0.934433826212427,53.879816925087],[-0.932677393537799,53.8794974003234],[-0.93046941273669,53.8795277271973],[-0.929800330830754,53.8813062109937],[-0.928582803876211,53.8822600495174],[-0.928243508850685,53.882399554017],[-0.927671646698563,53.8820997914931],[-0.926835442305567,53.882562506082],[-0.925751016957182,53.8816539771093],[-0.92538432787258,53.8807510337828],[-0.924479450142532,53.8804067015519],[-0.923518430593754,53.8807666890293],[-0.92268696566358,53.8794738172784],[-0.924898324998936,53.8780313873052],[-0.929759255177942,53.876544886342],[-0.938174481654253,53.8757469327017],[-0.940746005793443,53.8740733956784],[-0.940783481126123,53.8729465371603],[-0.938725483347984,53.8690555616645],[-0.939052103455138,53.8677352145629],[-0.940598535208527,53.866455963312],[-0.944646883673847,53.8655157907332],[-0.946139783829685,53.8647691073945],[-0.947410856448146,53.8635412607095],[-0.948132302169673,53.86211564683],[-0.94805617519834,53.8610956550111],[-0.944971754266532,53.8575413502529],[-0.941996547952293,53.8548124400394],[-0.945274601585287,53.8525666550608],[-0.946315732386793,53.8511753051475],[-0.946352693481429,53.8500242814899],[-0.94500605265414,53.8483190119469],[-0.945627706052024,53.8466502770178],[-0.946997271373633,53.8448933900741],[-0.946970695918597,53.8433772233006],[-0.943499446689508,53.8352858970802],[-0.940303640262089,53.8327028127187],[-0.940425490715456,53.8258761709735],[-0.940753833916145,53.8238872669108],[-0.939645265688147,53.8228162852045],[-0.933208769490105,53.8206863551244],[-0.930408791055571,53.8208412019049],[-0.929235312076778,53.820598734718],[-0.927266343907375,53.8195331706201],[-0.925502507052591,53.8173066139518],[-0.924087557044017,53.8160180837928],[-0.923247694341567,53.8160998725389],[-0.92234698634487,53.8170181648912],[-0.920437439940498,53.8164984948301],[-0.92009153323333,53.8158285590292],[-0.921773904082277,53.8140443033533],[-0.92484465291565,53.8123603922962],[-0.927593184034205,53.8098845136656],[-0.929144797653965,53.8060221878036],[-0.930294035446012,53.8047542952898],[-0.932995720393857,53.8037561871517],[-0.934499277125311,53.801777480826],[-0.934232399863215,53.8010925640418],[-0.931071813179978,53.7982729544495],[-0.928462071619592,53.7976480150013],[-0.92804447808067,53.7970926163745],[-0.931175712745527,53.7913055514076],[-0.933495389844732,53.7899779182432],[-0.934109350056057,53.788380894533],[-0.934192696675108,53.7861760797259],[-0.936101806083974,53.7856571230811],[-0.937193771835806,53.7859291155592],[-0.940257534328065,53.7858862633322],[-0.940273096483979,53.786245136018],[-0.941649708275533,53.7865768303317],[-0.943338395402923,53.7882035352683],[-0.948509921085164,53.791612053857],[-0.949002884384381,53.791495305897],[-0.9548405773279,53.7925858330342],[-0.957269836370213,53.7937768644129],[-0.96263236198854,53.7937452276704],[-0.963921254713254,53.7943644782552],[-0.963602603220567,53.7960344106741],[-0.963994085356079,53.7965393162745],[-0.962876462139586,53.797199736304],[-0.963134754869348,53.7983662462147],[-0.962665076753198,53.7985403488121],[-0.963517858934736,53.8031538935382],[-0.963123330869595,53.8038934592754],[-0.963088948549236,53.806735792117],[-0.963064855806894,53.8079793022704],[-0.962505431112997,53.808130077526],[-0.963072782620651,53.8117814470866],[-0.963512147188294,53.8125124511625],[-0.965373487206294,53.8123060652603],[-0.971921678504371,53.8117822407267],[-0.975802049539587,53.8106926856881],[-0.977411249222251,53.8116563294477],[-0.977616037579984,53.8114289331007],[-0.986526443012133,53.8178411835742],[-0.988914292999878,53.8218953258125],[-1.01296608246795,53.8218327778783],[-1.0117021829802,53.817108609573],[-1.01158158258292,53.8152015125],[-1.01329205657605,53.8143580274091],[-1.01817813396642,53.8149076088408],[-1.02089285759608,53.8061408403465],[-1.02126995972568,53.80425499265],[-1.02395948781458,53.8013542740277],[-1.02312451132219,53.7992444968664],[-1.02352430715133,53.7976576589397],[-1.02718072987753,53.7972126318632],[-1.03266930110178,53.7981848107267],[-1.03303035244722,53.7976974954385],[-1.03377036187686,53.7979304061799],[-1.03400718411637,53.7973694179778],[-1.03493422086327,53.7974945637577],[-1.03506394052094,53.797030460755],[-1.03655581389167,53.7969374945079],[-1.03765554087651,53.7950070330402],[-1.03978207786088,53.7914528687194],[-1.04247428132245,53.7911947367912],[-1.04348275333932,53.7915416152804],[-1.04419676824133,53.7943820888585],[-1.04446105640251,53.795005670632],[-1.04709922357649,53.7946225516797],[-1.04774507633175,53.7960519847461],[-1.04759686262747,53.8018958619764],[-1.04758171308363,53.8024930780221],[-1.04754684476587,53.8038675470065],[-1.04710655360928,53.8048347107067],[-1.04621724935068,53.8067880495076],[-1.04480680293743,53.8081772661472],[-1.04250853789919,53.8094766337185],[-1.04226403825392,53.810607243942],[-1.04419179658002,53.8112499816432],[-1.04920323265832,53.8112645921051],[-1.05272556045756,53.8116519351297],[-1.0614052508815,53.8139617022732],[-1.06365134835425,53.8151306461084],[-1.06372327628745,53.8151822497079],[-1.06373496107017,53.8151906323736],[-1.06713333508392,53.8176285034734],[-1.0698382057973,53.8188134564357],[-1.07436810982164,53.8197005147742],[-1.07938196541428,53.8198585098513],[-1.08156128716709,53.8208539758012],[-1.08386329825182,53.8225694551787],[-1.08412605572648,53.8238298012363],[-1.08365702166356,53.8247870596301],[-1.07939716002873,53.8281853241838],[-1.07885884678385,53.8287998296693],[-1.07529529329698,53.8328672475604],[-1.07560560923544,53.8329190543655],[-1.07525886417538,53.8342439197784],[-1.07554159076175,53.8354136825933],[-1.07637344127793,53.8361471916285],[-1.07641798039849,53.8361488227206],[-1.07641812311977,53.8361488283112],[-1.07870265576852,53.8362324560705],[-1.08360535139006,53.8348902771799],[-1.08847289213083,53.8319298008943],[-1.08953225295497,53.8321265364643],[-1.08982606040888,53.832308820851],[-1.09289842217639,53.8342148435675],[-1.09872067249418,53.8367169753525],[-1.10002527037541,53.8371069427573],[-1.10480484080373,53.8375911483867],[-1.11461119811622,53.8373025598893],[-1.11814117682555,53.8369483601188],[-1.12031637589659,53.8363333498581],[-1.12401083197431,53.8339910393768],[-1.12625805368305,53.8331904452559],[-1.12774247199646,53.8337844971532],[-1.12867376492711,53.8345975390359],[-1.12925075697113,53.8354960630367],[-1.12978146080679,53.8383401705813],[-1.13363633601451,53.8426437584423],[-1.13347434902223,53.843273557237],[-1.13274314230662,53.8436502544119],[-1.13070120349478,53.843829575263],[-1.12707341841958,53.8435309895466],[-1.12567910067629,53.8439261836564],[-1.12415739423866,53.8449603863181],[-1.12355366197276,53.8459248967826],[-1.12390375693385,53.8488891030044],[-1.12356118080705,53.8497863303227],[-1.11959603966841,53.8527278662595],[-1.11939718753623,53.8530167218472],[-1.11861078501602,53.854159015918],[-1.11807654822922,53.8549349853237],[-1.11786193347373,53.8562483583159],[-1.11846280657659,53.8573916037938],[-1.12183038056128,53.8584085566079],[-1.12389459224416,53.8593844627047],[-1.12723882691877,53.8620504831663],[-1.12771464665812,53.8630075793846],[-1.12706500161479,53.864561404339],[-1.1258162975685,53.8654501581095],[-1.12171861525984,53.8660036018339],[-1.11932476134459,53.8666709497036],[-1.11705975347906,53.8678614387693],[-1.11234255372616,53.8717401495548],[-1.10635684840535,53.8750707370044],[-1.10454367383646,53.8756477629607],[-1.10149844297903,53.8758659220419],[-1.100436793389,53.8763595489067],[-1.09979115163696,53.8773892196931],[-1.09972119111525,53.8803628262881],[-1.0963851043369,53.8822055122151],[-1.09561318344707,53.8830095707003],[-1.09532362408455,53.8844342555787],[-1.09332294700793,53.8845710702312],[-1.09119988785454,53.8858155925505],[-1.09005043132587,53.8849297204538],[-1.08747213826226,53.8842984097434],[-1.08578118721012,53.8824603930615],[-1.08366210392253,53.8822105538602],[-1.08094479698511,53.8825979091228],[-1.07930122695908,53.8835122241774],[-1.07767024501424,53.8835921276471],[-1.07728129412813,53.8824709530847],[-1.07630296831416,53.8822100940613],[-1.07616756040001,53.8810835577534],[-1.07509634149347,53.8811973460944],[-1.07323146028247,53.879841644524],[-1.07111122323699,53.8797808834708],[-1.06855108502641,53.8790869471809],[-1.06495938393973,53.8745856191725],[-1.06115556653198,53.8758054909449],[-1.05431681707205,53.8770363490707],[-1.05274191599419,53.8775882329687],[-1.0517832825484,53.878485948964],[-1.04950073719484,53.8795512625044],[-1.0456134017805,53.8809824841363],[-1.04199546315601,53.8820281054422],[-1.03606527862619,53.8831862924473],[-1.03029985184316,53.8848398987936],[-1.02838872676765,53.8854016481384],[-1.02708176511882,53.8863945134379],[-1.02374762644906,53.8864151344297],[-1.02154295135544,53.8883715232748],[-1.0182085428247,53.8884867863517],[-1.0175376842146,53.8887309835764],[-1.00820492701599,53.8899953738235],[-1.00300426221683,53.8862049533372],[-0.998543995030111,53.8809668032435]]]]},"properties":{"FID":5579,"MSOA21CD":"E02005811","MSOA21NM":"Selby 003","MSOA21NMW":" ","BNG_E":463435,"BNG_N":438441,"LAT":53.83838,"LONG":-1.03749,"GlobalID":"3eb88f05-2037-4eec-88ea-a947f7ee3f9d","GROUP":"A1 Corridor"}},{"type":"Feature","id":5580,"geometry":{"type":"Polygon","coordinates":[[[-1.2276335281783,53.8176489769367],[-1.22884323878788,53.8063540092728],[-1.22653343305889,53.8064883149436],[-1.22668930629597,53.8062011362945],[-1.22156106092427,53.8042507073772],[-1.2212051326223,53.8027392240829],[-1.21675983348418,53.803111143448],[-1.21781746748604,53.8043873400532],[-1.21707014530053,53.8051248509075],[-1.21025210497746,53.8022758869884],[-1.20953051067976,53.8012608133529],[-1.20806053780206,53.8014390336754],[-1.20634051258209,53.8007619935379],[-1.2042361544196,53.8014038244079],[-1.20318969495844,53.8004782405957],[-1.20135750490694,53.8000669233913],[-1.19533756120213,53.8005345919241],[-1.1907384888059,53.8005362819398],[-1.18975276273929,53.8019034419966],[-1.18834303799472,53.8023475547213],[-1.18787821008671,53.8030713936651],[-1.1873339402468,53.8031539104043],[-1.18490921040254,53.8021234708728],[-1.18446108669093,53.8002744625025],[-1.1833184491841,53.7990594526781],[-1.17188117386752,53.8019318126588],[-1.16842924937904,53.8046487496438],[-1.16635247198175,53.8027934950982],[-1.16627560449212,53.7988431906762],[-1.16703498580519,53.7959312102054],[-1.16683842526698,53.7938788286453],[-1.16728175634807,53.7929794269262],[-1.17124940258889,53.7899994370917],[-1.17256008702096,53.7879473429492],[-1.1733351383313,53.7874403451066],[-1.17296167674389,53.7867476146012],[-1.17161415473349,53.7863394986528],[-1.17078833402828,53.785354602926],[-1.17122776416941,53.7853436445435],[-1.17273335254702,53.7856969696407],[-1.17403158210083,53.7855963452892],[-1.17623794494634,53.7866934760657],[-1.1771518171739,53.7866927201742],[-1.18015510222714,53.7859972734789],[-1.18188452595013,53.7866747586309],[-1.1851008838837,53.7854983702725],[-1.18697847300057,53.7830433200633],[-1.18830061950279,53.7822682769244],[-1.18846831473831,53.7812741816476],[-1.19049773489237,53.7797651984085],[-1.19037902044574,53.7781959433573],[-1.18861027243651,53.7776005931844],[-1.18863649575818,53.7772100833095],[-1.19134945001179,53.7761231105265],[-1.19356410468863,53.7765500257228],[-1.19769839221561,53.7763403577619],[-1.19933986770881,53.7759729923517],[-1.20364548542689,53.7762552232511],[-1.20495785736491,53.7757639428163],[-1.20641964998269,53.7758994472506],[-1.20793920042648,53.7756328089646],[-1.21484544479938,53.7725232963002],[-1.21505472704455,53.7707332363718],[-1.2196665251601,53.7706113014564],[-1.2200981295451,53.7698358268109],[-1.22146934481941,53.7698331563547],[-1.22369888453341,53.7686448802636],[-1.22636915524511,53.7696409706426],[-1.22795942619647,53.7692000699252],[-1.22851354888379,53.7682733991197],[-1.22833520864624,53.76773379816],[-1.22041974835116,53.7680169075008],[-1.22077738362419,53.7666693295315],[-1.22961696124278,53.7663469034984],[-1.23169278089637,53.7659912131011],[-1.23726561418511,53.7658637122569],[-1.23837952793985,53.7642484530593],[-1.2409958761835,53.7644348849376],[-1.25611669758869,53.7630265927382],[-1.26045250844959,53.7629896113353],[-1.26478098852204,53.7637506890387],[-1.27070143375365,53.76410754781],[-1.2711408836965,53.7640526379083],[-1.27109846372548,53.7635184331372],[-1.2730062417814,53.7634788729445],[-1.28057729993386,53.7620602596359],[-1.28079021768007,53.7624622963835],[-1.28320826997558,53.7626502863023],[-1.28617484464673,53.7614125254768],[-1.29216468608059,53.7605390949255],[-1.29222846215644,53.760524929874],[-1.29054809771214,53.7627695150812],[-1.29039817145129,53.7642676816133],[-1.2919626431121,53.7671946749877],[-1.29558217039708,53.7713125660435],[-1.29812615346476,53.7728060005086],[-1.2986520098948,53.7726343615033],[-1.30678740902705,53.7730442110992],[-1.30346463131908,53.7749276506056],[-1.31259847234238,53.7792982197502],[-1.31160458773229,53.7796986761847],[-1.31380977619899,53.7815550127658],[-1.31363628420113,53.7860902269804],[-1.31192094319248,53.7881359123183],[-1.31126862443545,53.7880279745008],[-1.31164361126068,53.788678112892],[-1.31282678062675,53.7893634972966],[-1.31172876863004,53.7954466072951],[-1.31362410162967,53.8008808604889],[-1.31416846604348,53.804857884244],[-1.31394134081231,53.806827124598],[-1.31460454304249,53.8077937109685],[-1.31487201276187,53.8095574108471],[-1.31362650142102,53.8096578762894],[-1.31243556938455,53.8143756606958],[-1.31063647781412,53.8142166020482],[-1.30939134121972,53.8137083623233],[-1.30760235651934,53.8136315043131],[-1.30729305086762,53.8145131017189],[-1.30512104180758,53.815042527877],[-1.30362350196346,53.8165358727541],[-1.30332060045223,53.8168543136442],[-1.3004235279852,53.8160720871773],[-1.29750832788055,53.8148241919463],[-1.29822455374211,53.8141082673194],[-1.29679404494296,53.813030307738],[-1.29424838597991,53.8128572647415],[-1.29405311866845,53.8130882189168],[-1.29382704026766,53.8127280647355],[-1.28785396624732,53.8103050689379],[-1.28262866829706,53.8091482164337],[-1.28039027935403,53.8094612117844],[-1.27522275852555,53.808643416311],[-1.27036466000689,53.8067857593334],[-1.26236872976626,53.8054572443413],[-1.2586220167551,53.8037275430306],[-1.25605990043655,53.804359420159],[-1.25326642895448,53.8045749522584],[-1.25318640270903,53.805315372984],[-1.25221253839215,53.8077761220661],[-1.24437935702771,53.8084675519812],[-1.24269241001981,53.8086020838175],[-1.24127501076224,53.8177186460419],[-1.23118791607646,53.8176256070447],[-1.2276335281783,53.8176489769367]]]},"properties":{"FID":5580,"MSOA21CD":"E02005812","MSOA21NM":"Selby 004","MSOA21NMW":" ","BNG_E":450002,"BNG_N":432783,"LAT":53.78899,"LONG":-1.24252,"GlobalID":"60dbcfef-254b-4e43-a88c-a03d4c36c2ca","GROUP":"A1 Corridor"}},{"type":"Feature","id":5581,"geometry":{"type":"MultiPolygon","coordinates":[[[[-1.04348275333932,53.7915416152804],[-1.04247428132245,53.7911947367912],[-1.03978207786088,53.7914528687194],[-1.04176093605919,53.7897271301765],[-1.03856429659924,53.7888943195943],[-1.0381471502305,53.7882384792181],[-1.03717004342723,53.7877393817671],[-1.0355296342522,53.7876315327406],[-1.03554946167179,53.7842401273418],[-1.03649907225679,53.7776708257431],[-1.04474650373606,53.7796101010062],[-1.0511283600358,53.7817433426183],[-1.06238751614012,53.7843458221571],[-1.06371127859778,53.7849738355425],[-1.06441206128505,53.7853062839771],[-1.06583005045258,53.7865180862973],[-1.06586791794379,53.787072980076],[-1.06454750389711,53.787545416439],[-1.06209506825719,53.7878418059617],[-1.0545358712074,53.788755031083],[-1.05249713529645,53.7887869969164],[-1.0499591965578,53.7888267409838],[-1.04813864790579,53.7891146471267],[-1.04765892583091,53.7891905064607],[-1.04670004734571,53.7897078457697],[-1.04579394749158,53.7908439975811],[-1.04621969474986,53.7926575861836],[-1.04622858660321,53.7926954598432],[-1.04709922357649,53.7946225516797],[-1.04446105640251,53.795005670632],[-1.04419676824133,53.7943820888585],[-1.04348275333932,53.7915416152804]]],[[[-1.07840067063073,53.7979435915932],[-1.07352593960956,53.7963507552934],[-1.07170259650785,53.7964201011804],[-1.06991197002298,53.7955708742778],[-1.06888889945183,53.7950835124297],[-1.06896441593356,53.7946085723259],[-1.06518779474128,53.7950061738118],[-1.06392682806387,53.7946429961209],[-1.06310527343496,53.7938282100125],[-1.06378136831518,53.7916504491852],[-1.0664345112073,53.7887919239403],[-1.0644939124373,53.7882988698772],[-1.06433355768495,53.7881022885621],[-1.06645417474104,53.7878766404913],[-1.06653646282402,53.7877258928026],[-1.06706636243335,53.7867551262788],[-1.06802401685669,53.7861904779387],[-1.06804994564711,53.7861751896116],[-1.06802984048548,53.7861795888598],[-1.06799124379501,53.7861880349443],[-1.06789313424012,53.786230933286],[-1.06730089093489,53.7864898856471],[-1.06707004679756,53.7865889188824],[-1.06476590413342,53.784886530245],[-1.06252294333697,53.7839599720566],[-1.06236416121382,53.7838943760342],[-1.06111369354622,53.7835396807252],[-1.05724850019286,53.7824431975271],[-1.05382746129477,53.7817152575796],[-1.04939283152182,53.7807714599735],[-1.04517660565103,53.7791776212705],[-1.03809033948297,53.77744574755],[-1.03759166876051,53.7773238522911],[-1.03348955426023,53.7766796835416],[-1.03123512092173,53.7766561208416],[-1.02787446510852,53.7770909168342],[-1.02632423017991,53.7767997038199],[-1.02472288949137,53.7759014219662],[-1.02236516420514,53.7737268122794],[-1.02178914112239,53.7716754152527],[-1.02286051795263,53.7710819097977],[-1.02573774793357,53.771588014211],[-1.02765470226049,53.7714948279812],[-1.02968648252319,53.7708262770968],[-1.03085791832118,53.7698362449126],[-1.03089636651572,53.7697900025293],[-1.03508152057311,53.7703966651765],[-1.03558544324361,53.7716208007302],[-1.03656120310598,53.7718938834846],[-1.04032985520214,53.7704966038563],[-1.0413676526246,53.7705633203542],[-1.04186804647423,53.7701748637207],[-1.04217469788792,53.7695387748842],[-1.04693540959379,53.7657044903433],[-1.04823644403154,53.7659285571628],[-1.04887343949982,53.7652650937754],[-1.0526610012114,53.7644150267227],[-1.05868086102804,53.766270081149],[-1.05814307614601,53.7674953621287],[-1.06175251755714,53.7676171177637],[-1.06415371547581,53.7675569955465],[-1.06364590476265,53.7686305355063],[-1.06890040985172,53.7691309357561],[-1.07011591507393,53.7708100268604],[-1.06786087980397,53.7721210564148],[-1.06732245601749,53.7730006963933],[-1.06852988711926,53.7734969656215],[-1.07089306176201,53.7734156831844],[-1.06969663527003,53.7759249936819],[-1.06968386092686,53.7760574457026],[-1.07004565268581,53.7773669724344],[-1.07109676223298,53.7783863424774],[-1.07258509312199,53.779153655465],[-1.07452085511569,53.7795580651869],[-1.07642098190711,53.779547090432],[-1.07591728437657,53.7801593593673],[-1.07370349113725,53.7831071820101],[-1.07373007611816,53.7831867359541],[-1.07538989944971,53.7824583950637],[-1.07532012275074,53.7821931428303],[-1.07667198906038,53.781881367312],[-1.07717320093003,53.7826211383492],[-1.07691301040767,53.7829159867633],[-1.0776377996167,53.7832359130239],[-1.07840228015617,53.7831686622343],[-1.08405295881362,53.7813395388982],[-1.08423400910488,53.7821063998283],[-1.08254600967911,53.782503984957],[-1.08193790985415,53.783005676129],[-1.08267978695172,53.7837843390956],[-1.08242679802375,53.7849463892397],[-1.08194882420545,53.7852887854059],[-1.08379845508427,53.7862121373757],[-1.08381677465147,53.7866333150788],[-1.08424738747599,53.7866309095647],[-1.08375994339718,53.7867520301624],[-1.08390375561753,53.7872604795227],[-1.08206837922111,53.7887775657188],[-1.08138242078206,53.7893354819602],[-1.08171946724,53.7895160091808],[-1.0825987968066,53.7893017788399],[-1.08302490230593,53.789549999131],[-1.08326350519562,53.7893054158892],[-1.08414387502223,53.7896398804264],[-1.08218289914531,53.7906403444576],[-1.08009790311343,53.7901316659982],[-1.0791941035765,53.7900261032876],[-1.07886988418082,53.7907390755136],[-1.07817463812494,53.7901860947348],[-1.07786485221106,53.7904439006486],[-1.07583718768607,53.7904074008785],[-1.07608448851146,53.791081042905],[-1.07745403576286,53.7917191224808],[-1.07854294602068,53.7916859190333],[-1.07957524953305,53.7911675340904],[-1.08011801698571,53.7916857495831],[-1.08085681275981,53.7922759475958],[-1.08030105599842,53.7926423601808],[-1.08197795373665,53.7929550890503],[-1.08696448499025,53.7923821026752],[-1.08752849477646,53.7944365935057],[-1.08611396402629,53.7959306273547],[-1.08472976878669,53.7956015676439],[-1.08455779910064,53.7963550349811],[-1.08282879778941,53.7958170885897],[-1.0813306527731,53.796058985033],[-1.07840067063073,53.7979435915932]]]]},"properties":{"FID":5581,"MSOA21CD":"E02005813","MSOA21NM":"Selby 005","MSOA21NMW":" ","BNG_E":462390,"BNG_N":431214,"LAT":53.77356,"LONG":-1.05483,"GlobalID":"df5e0f62-0d43-4895-83b7-8de2d5721f64","GROUP":"A1 Corridor"}},{"type":"Feature","id":5582,"geometry":{"type":"Polygon","coordinates":[[[-1.10428569539689,53.8033448468753],[-1.1023612747477,53.8026681458474],[-1.09886264998346,53.8037840236004],[-1.09742549575417,53.8034184809114],[-1.09456086886101,53.8037127031239],[-1.09339112132442,53.8050346326905],[-1.09246630587902,53.8052497946276],[-1.09071253750587,53.804041139646],[-1.089261930086,53.8035591173567],[-1.08686208810453,53.8016460732097],[-1.0840841161537,53.8006126349092],[-1.08317736001482,53.799678531639],[-1.08037516679102,53.7988959326099],[-1.07936520963909,53.7981508753263],[-1.07840067063073,53.7979435915932],[-1.0813306527731,53.796058985033],[-1.08282879778941,53.7958170885897],[-1.08455779910064,53.7963550349811],[-1.08472976878669,53.7956015676439],[-1.08611396402629,53.7959306273547],[-1.08752849477646,53.7944365935057],[-1.08696448499025,53.7923821026752],[-1.08197795373665,53.7929550890503],[-1.08030105599842,53.7926423601808],[-1.08085681275981,53.7922759475958],[-1.08011801698571,53.7916857495831],[-1.07957524953305,53.7911675340904],[-1.07854294602068,53.7916859190333],[-1.07745403576286,53.7917191224808],[-1.07608448851146,53.791081042905],[-1.07583718768607,53.7904074008785],[-1.07786485221106,53.7904439006486],[-1.07817463812494,53.7901860947348],[-1.07886988418082,53.7907390755136],[-1.0791941035765,53.7900261032876],[-1.08009790311343,53.7901316659982],[-1.08218289914531,53.7906403444576],[-1.08414387502223,53.7896398804264],[-1.08326350519562,53.7893054158892],[-1.08302490230593,53.789549999131],[-1.0825987968066,53.7893017788399],[-1.08171946724,53.7895160091808],[-1.08138242078206,53.7893354819602],[-1.08206837922111,53.7887775657188],[-1.08390375561753,53.7872604795227],[-1.08375994339718,53.7867520301624],[-1.08424738747599,53.7866309095647],[-1.08381677465147,53.7866333150788],[-1.08379845508427,53.7862121373757],[-1.08194882420545,53.7852887854059],[-1.08242679802375,53.7849463892397],[-1.08267978695172,53.7837843390956],[-1.08193790985415,53.783005676129],[-1.08254600967911,53.782503984957],[-1.08423400910488,53.7821063998283],[-1.08405295881362,53.7813395388982],[-1.07840228015617,53.7831686622343],[-1.0776377996167,53.7832359130239],[-1.07691301040767,53.7829159867633],[-1.07717320093003,53.7826211383492],[-1.07667198906038,53.781881367312],[-1.07532012275074,53.7821931428303],[-1.07538989944971,53.7824583950637],[-1.07373007611816,53.7831867359541],[-1.07370349113725,53.7831071820101],[-1.07591728437657,53.7801593593673],[-1.07642098190711,53.779547090432],[-1.07452085511569,53.7795580651869],[-1.07258509312199,53.779153655465],[-1.07109676223298,53.7783863424774],[-1.07004565268581,53.7773669724344],[-1.06968386092686,53.7760574457026],[-1.06969663527003,53.7759249936819],[-1.07089306176201,53.7734156831844],[-1.07254733162375,53.7739353554431],[-1.0724740592581,53.7754753393631],[-1.07431898617114,53.7754919318599],[-1.07495610133055,53.7752773379718],[-1.07706452374389,53.7749869705333],[-1.07864912381406,53.773962172468],[-1.07953047423597,53.7742140895308],[-1.0801205738306,53.7743923206818],[-1.07968421711766,53.7749528787887],[-1.08814595010775,53.7755878331521],[-1.08862243263122,53.7721807294829],[-1.08820226208019,53.7715909194382],[-1.09078065616293,53.7711362701383],[-1.09292173732226,53.7715022446031],[-1.09353996752527,53.7709550839958],[-1.09234500860928,53.7706761104562],[-1.09289373335346,53.7700977864964],[-1.09330961725089,53.7693993616732],[-1.09276194496698,53.7689847904748],[-1.0929163059705,53.767641670812],[-1.09344218610287,53.7673965716449],[-1.09502785853736,53.7679248914629],[-1.0955464355224,53.7677029674329],[-1.09422103882416,53.7674725906163],[-1.09522919906945,53.7670793039077],[-1.09529472043732,53.7664260324726],[-1.09627211534532,53.7657429974203],[-1.0945105638013,53.7655258411838],[-1.09375913422815,53.7640402210316],[-1.09299920550402,53.7641063885759],[-1.09350893097789,53.7634599762891],[-1.09477703433154,53.7632887359772],[-1.09523851623992,53.7625722571979],[-1.09647731847748,53.7581447685508],[-1.10523098183423,53.7568763621814],[-1.10851560975062,53.7557840122699],[-1.10922865631748,53.7554258048526],[-1.11599060537919,53.7655669044975],[-1.11668000093588,53.7670550458795],[-1.11635059438801,53.7676377048159],[-1.11758749912511,53.7678831244043],[-1.11777569848486,53.769201417125],[-1.11306507463403,53.7691255544502],[-1.11345913832015,53.7697286316407],[-1.11303433119696,53.7699521691151],[-1.11217641476083,53.7698286913896],[-1.11183308397051,53.7689696570852],[-1.11180330349245,53.7711977691421],[-1.11307336043205,53.7744482815787],[-1.11141602223367,53.7760968164997],[-1.11091379700539,53.7770380612367],[-1.10828190096347,53.7777517581836],[-1.10862299572508,53.7785120015048],[-1.11125928436623,53.7782169581084],[-1.11157400277074,53.778681640117],[-1.11779084825559,53.7780755443842],[-1.12262442038611,53.776875926022],[-1.12528033453664,53.7774038522831],[-1.12901405398844,53.7782184725188],[-1.1289323268358,53.7786164563572],[-1.13024717496405,53.7791293377746],[-1.13121032787521,53.7787394181105],[-1.13188109877404,53.7791428496723],[-1.13486877096355,53.7785183906002],[-1.13582553059485,53.7789221689406],[-1.13816716150383,53.7790471297383],[-1.13832999723194,53.7793449309635],[-1.13778741163779,53.779664363428],[-1.13882949734899,53.7804189605289],[-1.13845646651125,53.7808494132365],[-1.13327841274098,53.7815581934943],[-1.13095801500309,53.7814509341747],[-1.13052281364088,53.7817188324987],[-1.13106211835737,53.7824274846136],[-1.13217196181317,53.7827697647892],[-1.13306640750211,53.7849814475274],[-1.13413719681849,53.7853943290895],[-1.13357550965422,53.7861712940859],[-1.13406744849405,53.7875733613899],[-1.13741791053863,53.7882991290814],[-1.1398866121611,53.7877286818012],[-1.14096251100131,53.7885821189432],[-1.14187444907587,53.7901506398716],[-1.14413348124349,53.7909128306794],[-1.14139423801081,53.7912985375038],[-1.13955051658068,53.7919292317291],[-1.13688875275445,53.7933543003321],[-1.1348855333867,53.7951024129507],[-1.13274771341581,53.7959372051443],[-1.12918093768845,53.7953687101828],[-1.12693974243918,53.7961953594836],[-1.12505616034008,53.7964757176131],[-1.12408925826907,53.7974792916475],[-1.12317208670857,53.7976439092068],[-1.12420927136523,53.7995317220523],[-1.12412717770635,53.8007627888499],[-1.11814478096808,53.8029702489246],[-1.11479622467164,53.8047072928238],[-1.11086507225291,53.8058629924359],[-1.10934418561164,53.8053259054963],[-1.10728782446011,53.8052701819536],[-1.10494593946729,53.8042001123129],[-1.10428569539689,53.8033448468753]]]},"properties":{"FID":5582,"MSOA21CD":"E02005814","MSOA21NM":"Selby 006","MSOA21NMW":" ","BNG_E":458945,"BNG_N":431953,"LAT":53.7806,"LONG":-1.10696,"GlobalID":"ccf1b8d3-3364-40ab-988e-2d61fd40bafd","GROUP":"A1 Corridor"}},{"type":"Feature","id":5583,"geometry":{"type":"Polygon","coordinates":[[[-1.13188109877404,53.7791428496723],[-1.13121032787521,53.7787394181105],[-1.13024717496405,53.7791293377746],[-1.1289323268358,53.7786164563572],[-1.12901405398844,53.7782184725188],[-1.12528033453664,53.7774038522831],[-1.12262442038611,53.776875926022],[-1.11779084825559,53.7780755443842],[-1.11157400277074,53.778681640117],[-1.11125928436623,53.7782169581084],[-1.10862299572508,53.7785120015048],[-1.10828190096347,53.7777517581836],[-1.11091379700539,53.7770380612367],[-1.11141602223367,53.7760968164997],[-1.11307336043205,53.7744482815787],[-1.11180330349245,53.7711977691421],[-1.11183308397051,53.7689696570852],[-1.11217641476083,53.7698286913896],[-1.11303433119696,53.7699521691151],[-1.11345913832015,53.7697286316407],[-1.11306507463403,53.7691255544502],[-1.11777569848486,53.769201417125],[-1.11758749912511,53.7678831244043],[-1.11635059438801,53.7676377048159],[-1.11668000093588,53.7670550458795],[-1.11599060537919,53.7655669044975],[-1.10922865631748,53.7554258048526],[-1.10851560975062,53.7557840122699],[-1.10523098183423,53.7568763621814],[-1.09647731847748,53.7581447685508],[-1.09523851623992,53.7625722571979],[-1.09477703433154,53.7632887359772],[-1.09350893097789,53.7634599762891],[-1.09299920550402,53.7641063885759],[-1.09375913422815,53.7640402210316],[-1.0945105638013,53.7655258411838],[-1.09627211534532,53.7657429974203],[-1.09529472043732,53.7664260324726],[-1.09522919906945,53.7670793039077],[-1.09422103882416,53.7674725906163],[-1.0955464355224,53.7677029674329],[-1.09502785853736,53.7679248914629],[-1.09344218610287,53.7673965716449],[-1.0929163059705,53.767641670812],[-1.09276194496698,53.7689847904748],[-1.09330961725089,53.7693993616732],[-1.09289373335346,53.7700977864964],[-1.09234500860928,53.7706761104562],[-1.09353996752527,53.7709550839958],[-1.09292173732226,53.7715022446031],[-1.09078065616293,53.7711362701383],[-1.08820226208019,53.7715909194382],[-1.08862243263122,53.7721807294829],[-1.08814595010775,53.7755878331521],[-1.07968421711766,53.7749528787887],[-1.0801205738306,53.7743923206818],[-1.07953047423597,53.7742140895308],[-1.07864912381406,53.773962172468],[-1.07706452374389,53.7749869705333],[-1.07495610133055,53.7752773379718],[-1.07431898617114,53.7754919318599],[-1.0724740592581,53.7754753393631],[-1.07254733162375,53.7739353554431],[-1.07089306176201,53.7734156831844],[-1.06852988711926,53.7734969656215],[-1.06732245601749,53.7730006963933],[-1.06786087980397,53.7721210564148],[-1.07011591507393,53.7708100268604],[-1.06890040985172,53.7691309357561],[-1.06364590476265,53.7686305355063],[-1.06415371547581,53.7675569955465],[-1.06175251755714,53.7676171177637],[-1.05814307614601,53.7674953621287],[-1.05868086102804,53.766270081149],[-1.0526610012114,53.7644150267227],[-1.04887343949982,53.7652650937754],[-1.04823644403154,53.7659285571628],[-1.04693540959379,53.7657044903433],[-1.04217469788792,53.7695387748842],[-1.04186804647423,53.7701748637207],[-1.0413676526246,53.7705633203542],[-1.04032985520214,53.7704966038563],[-1.03656120310598,53.7718938834846],[-1.03558544324361,53.7716208007302],[-1.03508152057311,53.7703966651765],[-1.03089636651572,53.7697900025293],[-1.03089748997166,53.7697886525511],[-1.03396750781247,53.766096062516],[-1.03406064857646,53.7647449823175],[-1.0327670952677,53.7635336976404],[-1.02718367577621,53.7603516172855],[-1.02454530100784,53.759522197952],[-1.0213167237761,53.7598779057694],[-1.0110253592177,53.7636028380467],[-1.00276117742039,53.7681967767333],[-1.00148785056249,53.7685987324203],[-1.00095968813887,53.7683516292423],[-1.00050413518809,53.7666418703295],[-0.999554105977706,53.7656353561339],[-0.995450703979854,53.7644661189897],[-0.995443522571661,53.7644640724387],[-0.997819163561497,53.76229135995],[-0.997947157271405,53.7609756211413],[-0.997579685294661,53.7588890569256],[-0.996564485133058,53.7575415456951],[-0.996696158559025,53.7555688491141],[-0.994886179471308,53.753607581169],[-0.994269635730846,53.7502676954035],[-0.993200434851294,53.748366637834],[-0.99473870320253,53.748007096621],[-0.994266811775464,53.7468896950064],[-1.00172180302454,53.7455893478687],[-1.00101635336384,53.7435647021625],[-1.00357574599494,53.7394855661869],[-1.00718361323253,53.7391657643078],[-1.01135677232975,53.7383561465331],[-1.01319329318015,53.738528534116],[-1.01508393182714,53.7396937598799],[-1.01693499683539,53.7404956122359],[-1.02468680520282,53.7433072203604],[-1.0266395845266,53.7432058835459],[-1.02904007002802,53.7431739694992],[-1.03050863068911,53.7444034892001],[-1.05129561720289,53.7508775316303],[-1.0606131264326,53.7515751309563],[-1.06163999352008,53.7511467634469],[-1.06065693988599,53.7505394567043],[-1.06089275960436,53.7495583924878],[-1.05911760174477,53.7494570503685],[-1.05978808339725,53.7476115637219],[-1.05949548144257,53.7463256716408],[-1.05851195230452,53.7453399033865],[-1.05883087292865,53.7443199723244],[-1.06045814097561,53.7421679344932],[-1.06046364360931,53.7413298986751],[-1.06177436104044,53.7398502281594],[-1.06233212556905,53.7398642865272],[-1.06314756645531,53.7376237460903],[-1.06717844249825,53.7362728563756],[-1.0679630711448,53.7355906726787],[-1.06933829513354,53.7351138368726],[-1.07042864234985,53.7330381157328],[-1.07264166993238,53.7324861631781],[-1.08948722795677,53.7327338081306],[-1.09056204288963,53.7331525963489],[-1.09378035712543,53.7337562414676],[-1.09412447516889,53.7343418871988],[-1.09693651424008,53.7353391666129],[-1.10367378385751,53.7365310969116],[-1.10524971718063,53.736570811006],[-1.10737726080542,53.7361274184913],[-1.10883339090494,53.7364500353794],[-1.11022867131485,53.7361325931305],[-1.11088710218328,53.7366079697903],[-1.11289321298308,53.736800355459],[-1.12195938629809,53.7404946950098],[-1.124059117916,53.7410798679842],[-1.12806325020519,53.7410731905393],[-1.12790256623737,53.7387676144042],[-1.1299603219125,53.7391697144439],[-1.12994504353138,53.7393892233484],[-1.13285931566338,53.7397507367205],[-1.1324599472461,53.7411620895195],[-1.13641985760704,53.7401646167901],[-1.13920224407187,53.7398750588362],[-1.14339435135663,53.7405974260914],[-1.14502834275366,53.7403237008001],[-1.15026568954244,53.7407457066784],[-1.15146040678341,53.7420265445886],[-1.15880268624033,53.7433722205157],[-1.16612540139385,53.7464542943845],[-1.16886521228238,53.7473010566972],[-1.17652463640615,53.7483866905883],[-1.17888953967374,53.7496848128105],[-1.18108694384941,53.7501526436406],[-1.18210207910009,53.7550339096631],[-1.18367712510348,53.7589527641049],[-1.1678479372835,53.7597986618042],[-1.16001481892389,53.7613456304088],[-1.15697496777421,53.7616478979768],[-1.1567142743639,53.7609235615357],[-1.15490429485855,53.7612010588131],[-1.15109846278553,53.7604433453715],[-1.14593539712825,53.7602109574381],[-1.14341358340251,53.7592574146461],[-1.1395985701322,53.7594997390939],[-1.12995269911484,53.7590030818145],[-1.1301462261273,53.7630842231362],[-1.13145380339393,53.767054139562],[-1.12986965692384,53.7672052934813],[-1.13055378681868,53.7683189755755],[-1.13184539672902,53.7699940719317],[-1.13172148206531,53.7704227923499],[-1.13713259062831,53.7716641783106],[-1.13875435693317,53.7746793259359],[-1.14212353267778,53.7744192788893],[-1.14306444269641,53.7760654929694],[-1.14212857093591,53.7764056969099],[-1.14106323374769,53.7762615930707],[-1.14211451563975,53.778653757007],[-1.13816716150383,53.7790471297383],[-1.13582553059485,53.7789221689406],[-1.13486877096355,53.7785183906002],[-1.13188109877404,53.7791428496723]]]},"properties":{"FID":5583,"MSOA21CD":"E02005815","MSOA21NM":"Selby 007","MSOA21NMW":" ","BNG_E":462582,"BNG_N":429197,"LAT":53.75541,"LONG":-1.05233,"GlobalID":"42edea31-2c81-4cc1-82fd-d9c3182d5f53","GROUP":"A1 Corridor"}},{"type":"Feature","id":5584,"geometry":{"type":"MultiPolygon","coordinates":[[[[-1.04216672380582,53.696627291336],[-1.04200690115857,53.6964948336904],[-1.04254773851135,53.6968582550113],[-1.04216672380582,53.696627291336]]],[[[-1.053985983519,53.6975479847455],[-1.05398371556408,53.6974865682977],[-1.0539857693124,53.6974896136751],[-1.053985983519,53.6975479847455]]],[[[-0.988719329980529,53.7646133510848],[-0.986996215327432,53.7642230312409],[-0.988606562257504,53.7621046221761],[-0.988746656309084,53.7609471631093],[-0.986383500996725,53.7573417686609],[-0.982067157258491,53.7532424342548],[-0.979809875436331,53.7517617019067],[-0.977087073743068,53.7505349410076],[-0.974553735938279,53.7496936148728],[-0.967102063779097,53.7481258799687],[-0.965068855278876,53.7473694349443],[-0.963906818474332,53.7465253241679],[-0.962993136488907,53.7450810196251],[-0.962045904652419,53.7411170203371],[-0.963030903985276,53.7371301049922],[-0.96186668136961,53.7359898035911],[-0.961532789704846,53.735662758821],[-0.958384335677675,53.7350988954381],[-0.955937458035962,53.735411983731],[-0.952606509741722,53.7353603785417],[-0.944519828035817,53.7324698408127],[-0.936329124281741,53.7313394485225],[-0.930912111533787,53.7311376106464],[-0.924336904844731,53.7313538656107],[-0.916827765325945,53.7324017002175],[-0.911676713937412,53.7323433734663],[-0.911334028095831,53.7315240610856],[-0.91256615979621,53.7288899331203],[-0.91234709849629,53.7281572017575],[-0.910987368930494,53.727160617502],[-0.908786796716557,53.7266857355607],[-0.906039320486806,53.7253807252564],[-0.90393228995479,53.7211907818268],[-0.90392763705293,53.7186280940655],[-0.904337195754809,53.717969295529],[-0.905912381721971,53.7171828440116],[-0.907021300984185,53.7171947573827],[-0.910320953420749,53.7185173506659],[-0.912409861698498,53.7189021419688],[-0.920435602248307,53.7190700266563],[-0.9235577951623,53.7188778535171],[-0.935268315516168,53.7164332744097],[-0.940499914233373,53.7135726526421],[-0.944164123375658,53.7127088955251],[-0.949715776202719,53.7130695657538],[-0.954197396905857,53.7148551743744],[-0.956523685887744,53.7151469121697],[-0.957833177143808,53.7150082372584],[-0.958799951072741,53.7145159376826],[-0.959256015589041,53.7136578714431],[-0.958972938276082,53.7110101141487],[-0.959366398686958,53.7099231692069],[-0.961650893380465,53.7076563128809],[-0.960883156561932,53.7067202418017],[-0.958084786197899,53.7050744335413],[-0.961720614594982,53.7042736082983],[-0.962919620971306,53.7035649295214],[-0.963209912882151,53.7027260838284],[-0.962781999236259,53.7009705660762],[-0.963908610261557,53.7006773911577],[-0.966580575477538,53.7008028963466],[-0.969599674528433,53.7022805695958],[-0.969330664362867,53.7028112146892],[-0.96711206935879,53.7035265426059],[-0.966032905966263,53.7046021152574],[-0.966254167749981,53.7059594676333],[-0.967993668052412,53.7069929238476],[-0.974463787717836,53.7063239091118],[-0.975087894212332,53.7062122309914],[-0.980925621973554,53.7051674362297],[-0.982907587621062,53.704267430798],[-0.983725736284188,53.7025664984736],[-0.982717772985377,53.6991423001984],[-0.981906418439929,53.6983031350006],[-0.980344310075639,53.6975105065592],[-0.980291689033913,53.6971199791867],[-0.985953531373354,53.6978043965015],[-0.994492621380782,53.6976300366851],[-0.998670011017941,53.6989665269118],[-1.00105414751627,53.6990898487083],[-1.00314305365201,53.698632607013],[-1.00434752838937,53.6966292411013],[-1.00585728014676,53.6957456113189],[-1.00689179486392,53.6955474232971],[-1.01101049515977,53.6970672975615],[-1.01699069441007,53.6979524517777],[-1.02136119035728,53.6982487985223],[-1.02688279192273,53.6975467857863],[-1.03405141653483,53.6966349539449],[-1.03626217371734,53.6957314238013],[-1.03795058450194,53.6943473161169],[-1.03887463249616,53.6940733768661],[-1.04001397830771,53.6945885023263],[-1.04098666789916,53.6962403558137],[-1.0442042360793,53.6979713005976],[-1.04455193905241,53.6982049217604],[-1.04471745926821,53.6982473774635],[-1.04557604800173,53.6987092234525],[-1.04648233688343,53.698700048035],[-1.04653552675922,53.6987136898769],[-1.04662595563183,53.6986985930993],[-1.04801061704533,53.6986845588067],[-1.05214705284511,53.6969385614948],[-1.0534785338504,53.6969994083519],[-1.05391320398068,53.7015932393862],[-1.05847880386936,53.7044783009604],[-1.0537086923209,53.7065540810345],[-1.03787671986302,53.7120259090524],[-1.04075494136159,53.7140360942087],[-1.04401467709164,53.7146163206446],[-1.04471789094905,53.7144192828584],[-1.04531894123698,53.71469047749],[-1.04889738865449,53.7190324479684],[-1.05214911409281,53.7197200206779],[-1.05500261920054,53.7194552066925],[-1.05821607807603,53.7200164525506],[-1.05921131056009,53.720725332687],[-1.05953923982302,53.722181774588],[-1.0613025554162,53.7224964159127],[-1.06742658282823,53.725244083311],[-1.06756667617694,53.7248307900058],[-1.0683193601911,53.7251802405097],[-1.0677979294528,53.7271733567905],[-1.06965964974212,53.7280408029008],[-1.07268462532194,53.7284615445204],[-1.07223109633768,53.7301974211432],[-1.07264166993238,53.7324861631781],[-1.07042864234985,53.7330381157328],[-1.06933829513354,53.7351138368726],[-1.0679630711448,53.7355906726787],[-1.06717844249825,53.7362728563756],[-1.06314756645531,53.7376237460903],[-1.06233212556905,53.7398642865272],[-1.06177436104044,53.7398502281594],[-1.06046364360931,53.7413298986751],[-1.06045814097561,53.7421679344932],[-1.05883087292865,53.7443199723244],[-1.05851195230452,53.7453399033865],[-1.05949548144257,53.7463256716408],[-1.05978808339725,53.7476115637219],[-1.05911760174477,53.7494570503685],[-1.06089275960436,53.7495583924878],[-1.06065693988599,53.7505394567043],[-1.06163999352008,53.7511467634469],[-1.0606131264326,53.7515751309563],[-1.05129561720289,53.7508775316303],[-1.03050863068911,53.7444034892001],[-1.02904007002802,53.7431739694992],[-1.0266395845266,53.7432058835459],[-1.02468680520282,53.7433072203604],[-1.01693499683539,53.7404956122359],[-1.01508393182714,53.7396937598799],[-1.01319329318015,53.738528534116],[-1.01135677232975,53.7383561465331],[-1.00718361323253,53.7391657643078],[-1.00357574599494,53.7394855661869],[-1.00101635336384,53.7435647021625],[-1.00172180302454,53.7455893478687],[-0.994266811775464,53.7468896950064],[-0.99473870320253,53.748007096621],[-0.993200434851294,53.748366637834],[-0.994269635730846,53.7502676954035],[-0.994886179471308,53.753607581169],[-0.996696158559025,53.7555688491141],[-0.996564485133058,53.7575415456951],[-0.997579685294661,53.7588890569256],[-0.997947157271405,53.7609756211413],[-0.997819163561497,53.76229135995],[-0.995443522571661,53.7644640724387],[-0.995384611236594,53.7644472842132],[-0.988719329980529,53.7646133510848]]],[[[-0.986526443012133,53.8178411835742],[-0.977616037579984,53.8114289331007],[-0.977411249222251,53.8116563294477],[-0.975802049539587,53.8106926856881],[-0.971921678504371,53.8117822407267],[-0.965373487206294,53.8123060652603],[-0.963512147188294,53.8125124511625],[-0.963072782620651,53.8117814470866],[-0.962505431112997,53.808130077526],[-0.963064855806894,53.8079793022704],[-0.963088948549236,53.806735792117],[-0.963123330869595,53.8038934592754],[-0.963517858934736,53.8031538935382],[-0.962665076753198,53.7985403488121],[-0.963134754869348,53.7983662462147],[-0.962876462139586,53.797199736304],[-0.963994085356079,53.7965393162745],[-0.963602603220567,53.7960344106741],[-0.963921254713254,53.7943644782552],[-0.96263236198854,53.7937452276704],[-0.957269836370213,53.7937768644129],[-0.9548405773279,53.7925858330342],[-0.949002884384381,53.791495305897],[-0.948509921085164,53.791612053857],[-0.943338395402923,53.7882035352683],[-0.941649708275533,53.7865768303317],[-0.940273096483979,53.786245136018],[-0.940257534328065,53.7858862633322],[-0.937193771835806,53.7859291155592],[-0.936101806083974,53.7856571230811],[-0.934192696675108,53.7861760797259],[-0.934169142701742,53.7859293497993],[-0.934369495587674,53.7844563503374],[-0.936109588080107,53.781438754727],[-0.936664681432725,53.779553823254],[-0.935434270608596,53.7769924203397],[-0.932862127981685,53.7745589531577],[-0.930469737829165,53.7743390543434],[-0.929540562884032,53.7738821757672],[-0.928353894487366,53.7702958425998],[-0.928306154831129,53.7654635091099],[-0.929923663888954,53.7632268857844],[-0.932093191559444,53.7621900671016],[-0.934266093649348,53.7616332816254],[-0.936331890670177,53.759965422094],[-0.93974637715836,53.7581538481639],[-0.944564957390557,53.7567025606626],[-0.951579023740522,53.7537689354214],[-0.956699626329802,53.7528886062473],[-0.963988458291785,53.7506695496969],[-0.968589921550779,53.7505367662373],[-0.972784745053054,53.7504027959377],[-0.973165551449597,53.750158981678],[-0.973165620844901,53.7501589966537],[-0.973302703933658,53.7501880137197],[-0.976129079442936,53.7509546786506],[-0.980032006706416,53.7527981389141],[-0.984974632474662,53.7570799640401],[-0.987597899572093,53.7608997378112],[-0.987386367985124,53.7618120872339],[-0.985427026343051,53.7637424205848],[-0.985906690690263,53.7646844668728],[-0.986183167652733,53.7652274371469],[-0.987674355118018,53.7656148238658],[-0.994645318858994,53.7650424281832],[-0.997748393900118,53.7655879431808],[-0.999066378043299,53.7663683113647],[-0.999455096171645,53.7682034101238],[-1.00004376431971,53.7690999826902],[-1.00093803478855,53.7695864659695],[-1.0016864292165,53.7696943221595],[-1.0031841390556,53.7691737280746],[-1.0108209396274,53.7645584171925],[-1.01796194634014,53.7620670473936],[-1.0210446016865,53.760625286769],[-1.02413914494857,53.7601624636432],[-1.02585471514757,53.7605565903864],[-1.0324136523522,53.7642624767554],[-1.03328113115398,53.7655305398474],[-1.03018025039245,53.7693481429741],[-1.02840180858899,53.7706757076848],[-1.02688567280945,53.7709600492726],[-1.02273944315475,53.7705470753035],[-1.02157605146082,53.7708584833707],[-1.02076268934622,53.7720355564065],[-1.02133507999736,53.7735898318918],[-1.02404878308733,53.776111603431],[-1.02677984269679,53.7775063591214],[-1.02819600252384,53.7776283565147],[-1.03270345368991,53.7771425015423],[-1.03649362488694,53.7776695443255],[-1.03649907225679,53.7776708257431],[-1.03554946167179,53.7842401273418],[-1.0355296342522,53.7876315327406],[-1.03717004342723,53.7877393817671],[-1.0381471502305,53.7882384792181],[-1.03856429659924,53.7888943195943],[-1.04176093605919,53.7897271301765],[-1.03978207786088,53.7914528687194],[-1.03765554087651,53.7950070330402],[-1.03655581389167,53.7969374945079],[-1.03506394052094,53.797030460755],[-1.03493422086327,53.7974945637577],[-1.03400718411637,53.7973694179778],[-1.03377036187686,53.7979304061799],[-1.03303035244722,53.7976974954385],[-1.03266930110178,53.7981848107267],[-1.02718072987753,53.7972126318632],[-1.02352430715133,53.7976576589397],[-1.02312451132219,53.7992444968664],[-1.02395948781458,53.8013542740277],[-1.02126995972568,53.80425499265],[-1.02089285759608,53.8061408403465],[-1.01817813396642,53.8149076088408],[-1.01329205657605,53.8143580274091],[-1.01158158258292,53.8152015125],[-1.0117021829802,53.817108609573],[-1.01296608246795,53.8218327778783],[-0.988914292999878,53.8218953258125],[-0.986526443012133,53.8178411835742]]]]},"properties":{"FID":5584,"MSOA21CD":"E02005816","MSOA21NM":"Selby 008","MSOA21NMW":" ","BNG_E":466573,"BNG_N":426332,"LAT":53.72917,"LONG":-0.99242,"GlobalID":"58c8f03c-0621-408c-b266-0cb020b50c36","GROUP":"A1 Corridor"}},{"type":"Feature","id":5585,"geometry":{"type":"Polygon","coordinates":[[[-1.17623794494634,53.7866934760657],[-1.17403158210083,53.7855963452892],[-1.17273335254702,53.7856969696407],[-1.17122776416941,53.7853436445435],[-1.17078833402828,53.785354602926],[-1.17081444642326,53.7850407849138],[-1.16953359014392,53.7848614361978],[-1.16924377964249,53.7839487973963],[-1.16677258568029,53.783119357985],[-1.16326278377474,53.7833185414133],[-1.16202371941949,53.7836444212825],[-1.15760704194109,53.7834615528566],[-1.15721249209465,53.7828880567024],[-1.15551081253501,53.7828054502581],[-1.15422654518463,53.7824131635417],[-1.15268774619025,53.7814846523866],[-1.14980357756344,53.7810732725813],[-1.14838508673492,53.7797840712622],[-1.1463843019386,53.7795021723907],[-1.14560178904037,53.7790081301521],[-1.14471015240453,53.7785636330985],[-1.14211451563975,53.778653757007],[-1.14106323374769,53.7762615930707],[-1.14212857093591,53.7764056969099],[-1.14306444269641,53.7760654929694],[-1.14212353267778,53.7744192788893],[-1.13875435693317,53.7746793259359],[-1.13713259062831,53.7716641783106],[-1.13172148206531,53.7704227923499],[-1.13184539672902,53.7699940719317],[-1.13055378681868,53.7683189755755],[-1.12986965692384,53.7672052934813],[-1.13145380339393,53.767054139562],[-1.1301462261273,53.7630842231362],[-1.12995269911484,53.7590030818145],[-1.1395985701322,53.7594997390939],[-1.14341358340251,53.7592574146461],[-1.14593539712825,53.7602109574381],[-1.15109846278553,53.7604433453715],[-1.15490429485855,53.7612010588131],[-1.1567142743639,53.7609235615357],[-1.15697496777421,53.7616478979768],[-1.16001481892389,53.7613456304088],[-1.1678479372835,53.7597986618042],[-1.18367712510348,53.7589527641049],[-1.18210207910009,53.7550339096631],[-1.18108694384941,53.7501526436406],[-1.17888953967374,53.7496848128105],[-1.17652463640615,53.7483866905883],[-1.16886521228238,53.7473010566972],[-1.16612540139385,53.7464542943845],[-1.16809547348879,53.7453643757685],[-1.16776465895887,53.7442879882336],[-1.1684088652256,53.7432408271404],[-1.16974042819254,53.7433081907543],[-1.17346024892204,53.741577788811],[-1.17447253334355,53.7414646957452],[-1.17510436461617,53.738962298722],[-1.17450007413042,53.7357802589471],[-1.17361380817775,53.7338573300742],[-1.17049203248062,53.7333106544342],[-1.16944900268008,53.7323203637865],[-1.16741059997535,53.7323671423093],[-1.16678304230031,53.7319106295372],[-1.16454196368972,53.7314124529825],[-1.16612166928366,53.7306224083432],[-1.16656970884387,53.7295578275342],[-1.17101826258795,53.7299895087547],[-1.17390518672974,53.7284482648505],[-1.17554651000193,53.7282500123128],[-1.17969949018342,53.7306611635496],[-1.18091179920122,53.730734108298],[-1.18252727013695,53.7302928986576],[-1.1831104348171,53.7307852256553],[-1.1825671839999,53.731393030165],[-1.18363769109007,53.7316640519045],[-1.18413813072831,53.7323623549107],[-1.18705841650878,53.7326130426805],[-1.18828543461639,53.7322868233443],[-1.18932133147108,53.7327103620032],[-1.19451644421214,53.7328616199818],[-1.19600613793297,53.7318491981101],[-1.20031886780886,53.7315137002751],[-1.20238759199516,53.7292284388708],[-1.2028741908674,53.7281429727612],[-1.20533701389267,53.7268958987685],[-1.20682750124542,53.7251350726674],[-1.20867845214524,53.7240223632888],[-1.2077474429975,53.7224536832745],[-1.20920552774337,53.7215240309198],[-1.20958028016433,53.7198987928517],[-1.21148758353723,53.7180578606932],[-1.21179115982124,53.7168220903481],[-1.21152297126426,53.7158379505698],[-1.21022643719212,53.7146781276651],[-1.21133743895845,53.7135795792708],[-1.21236060927517,53.7134654801878],[-1.21851567487386,53.7147989056854],[-1.21981197966579,53.7144189483126],[-1.22172867472186,53.7128583863198],[-1.22469768871391,53.7123015057236],[-1.22489656528131,53.7117851339547],[-1.22391257596725,53.7107633576088],[-1.22491593760273,53.7100864944754],[-1.22679347226436,53.7098893360277],[-1.22776369067848,53.7101927554211],[-1.22815856143765,53.7109685289243],[-1.22762146388549,53.7119566704936],[-1.22776830993539,53.7132515594118],[-1.22915023867451,53.7148162464125],[-1.23002175596075,53.7148785805546],[-1.2338960486112,53.7138087461508],[-1.2362874396075,53.7130476740825],[-1.23883581712351,53.7123714642843],[-1.24212050316524,53.7123225435256],[-1.24818465698281,53.7117292919226],[-1.25237293866663,53.7127401381297],[-1.25425221754803,53.7126937878101],[-1.25649516602136,53.7117496292735],[-1.25770069518478,53.7118520188151],[-1.26002391887195,53.7127477437673],[-1.26366964974552,53.7140713215176],[-1.26895920271539,53.7151170874053],[-1.26951125042798,53.7157835824342],[-1.26949574716837,53.7178861935108],[-1.27081471359389,53.721116419605],[-1.27096012909786,53.7233891908866],[-1.27205503082028,53.725026397777],[-1.2730729231941,53.7256687165498],[-1.27624233219121,53.7259243765869],[-1.27792232071373,53.7266922609432],[-1.27961606175396,53.7292146208987],[-1.28474004860489,53.7328273807417],[-1.28628208855612,53.7350285147887],[-1.28931437945481,53.7367188814684],[-1.29230783591738,53.7389288233909],[-1.29366787631635,53.7393620876845],[-1.29647055898234,53.7396004331771],[-1.2997421300922,53.7416461012282],[-1.30204287873142,53.7417247979214],[-1.3023400140512,53.7424907311759],[-1.30383074420977,53.7418948582643],[-1.30722542485412,53.7427397178394],[-1.31003601664902,53.7445383504028],[-1.31157624804678,53.7445569606832],[-1.31535639441834,53.7436805670829],[-1.31280302570044,53.7495468291657],[-1.31283280860471,53.7511783395427],[-1.31208852474946,53.7521799545018],[-1.31261586849047,53.7541625485151],[-1.31223839067189,53.7558885821411],[-1.30850832367972,53.7564952417867],[-1.30773564879232,53.7551437174583],[-1.30596260736398,53.7552556050591],[-1.30556314191979,53.7547354105731],[-1.30150045739319,53.7557345239214],[-1.29827288137214,53.7556137551409],[-1.29753222710059,53.7558374889291],[-1.2949420381696,53.7554630728285],[-1.29469660585709,53.7562784252866],[-1.29674925420096,53.7589537538662],[-1.29269925047552,53.7601478558278],[-1.29246636390747,53.761488321481],[-1.29196799438786,53.7614145580256],[-1.29222846215644,53.760524929874],[-1.29216468608059,53.7605390949255],[-1.28617484464673,53.7614125254768],[-1.28320826997558,53.7626502863023],[-1.28079021768007,53.7624622963835],[-1.28057729993386,53.7620602596359],[-1.2730062417814,53.7634788729445],[-1.27109846372548,53.7635184331372],[-1.2711408836965,53.7640526379083],[-1.27070143375365,53.76410754781],[-1.26478098852204,53.7637506890387],[-1.26045250844959,53.7629896113353],[-1.25611669758869,53.7630265927382],[-1.2409958761835,53.7644348849376],[-1.23837952793985,53.7642484530593],[-1.23726561418511,53.7658637122569],[-1.23169278089637,53.7659912131011],[-1.22961696124278,53.7663469034984],[-1.22077738362419,53.7666693295315],[-1.22041974835116,53.7680169075008],[-1.22833520864624,53.76773379816],[-1.22851354888379,53.7682733991197],[-1.22795942619647,53.7692000699252],[-1.22636915524511,53.7696409706426],[-1.22369888453341,53.7686448802636],[-1.22146934481941,53.7698331563547],[-1.2200981295451,53.7698358268109],[-1.2196665251601,53.7706113014564],[-1.21505472704455,53.7707332363718],[-1.21484544479938,53.7725232963002],[-1.20793920042648,53.7756328089646],[-1.20641964998269,53.7758994472506],[-1.20495785736491,53.7757639428163],[-1.20364548542689,53.7762552232511],[-1.19933986770881,53.7759729923517],[-1.19769839221561,53.7763403577619],[-1.19356410468863,53.7765500257228],[-1.19134945001179,53.7761231105265],[-1.18863649575818,53.7772100833095],[-1.18861027243651,53.7776005931844],[-1.19037902044574,53.7781959433573],[-1.19049773489237,53.7797651984085],[-1.18846831473831,53.7812741816476],[-1.18830061950279,53.7822682769244],[-1.18697847300057,53.7830433200633],[-1.1851008838837,53.7854983702725],[-1.18188452595013,53.7866747586309],[-1.18015510222714,53.7859972734789],[-1.1771518171739,53.7866927201742],[-1.17623794494634,53.7866934760657]]]},"properties":{"FID":5585,"MSOA21CD":"E02005817","MSOA21NM":"Selby 009","MSOA21NMW":" ","BNG_E":449967,"BNG_N":428287,"LAT":53.74859,"LONG":-1.24378,"GlobalID":"934f9430-e40b-41ab-87c2-0b3ee6171ef1","GROUP":"A1 Corridor"}},{"type":"Feature","id":5586,"geometry":{"type":"Polygon","coordinates":[[[-1.15880268624033,53.7433722205157],[-1.15146040678341,53.7420265445886],[-1.15026568954244,53.7407457066784],[-1.14502834275366,53.7403237008001],[-1.14339435135663,53.7405974260914],[-1.13920224407187,53.7398750588362],[-1.13641985760704,53.7401646167901],[-1.1324599472461,53.7411620895195],[-1.13285931566338,53.7397507367205],[-1.12994504353138,53.7393892233484],[-1.1299603219125,53.7391697144439],[-1.12790256623737,53.7387676144042],[-1.12806325020519,53.7410731905393],[-1.124059117916,53.7410798679842],[-1.12195938629809,53.7404946950098],[-1.11289321298308,53.736800355459],[-1.11088710218328,53.7366079697903],[-1.11022867131485,53.7361325931305],[-1.10883339090494,53.7364500353794],[-1.10737726080542,53.7361274184913],[-1.10524971718063,53.736570811006],[-1.10367378385751,53.7365310969116],[-1.09693651424008,53.7353391666129],[-1.09412447516889,53.7343418871988],[-1.09378035712543,53.7337562414676],[-1.09056204288963,53.7331525963489],[-1.08948722795677,53.7327338081306],[-1.07264166993238,53.7324861631781],[-1.07223109633768,53.7301974211432],[-1.07268462532194,53.7284615445204],[-1.06965964974212,53.7280408029008],[-1.0677979294528,53.7271733567905],[-1.0683193601911,53.7251802405097],[-1.06756667617694,53.7248307900058],[-1.06742658282823,53.725244083311],[-1.0613025554162,53.7224964159127],[-1.05953923982302,53.722181774588],[-1.05921131056009,53.720725332687],[-1.05821607807603,53.7200164525506],[-1.05500261920054,53.7194552066925],[-1.05214911409281,53.7197200206779],[-1.04889738865449,53.7190324479684],[-1.04531894123698,53.71469047749],[-1.04471789094905,53.7144192828584],[-1.04401467709164,53.7146163206446],[-1.04075494136159,53.7140360942087],[-1.03787671986302,53.7120259090524],[-1.0537086923209,53.7065540810345],[-1.05847880386936,53.7044783009604],[-1.05899193308442,53.7048025184683],[-1.06148057622537,53.7069289342328],[-1.06245635220419,53.7068738321404],[-1.06247550694573,53.7068793093695],[-1.06254498605353,53.7068616441001],[-1.06350432973882,53.7068009885771],[-1.06731051465005,53.7046491810435],[-1.06864094904164,53.7042882323804],[-1.06930987656425,53.7045963400879],[-1.06937960610475,53.7047470736584],[-1.07101763487599,53.7082876550811],[-1.07188844081404,53.7089963717718],[-1.0754353907591,53.7092601987657],[-1.07969161889608,53.7081280334576],[-1.0805997178001,53.7083067202231],[-1.08118428890492,53.7089448803318],[-1.08093041803979,53.7110696016867],[-1.08279254213754,53.7131638675907],[-1.08438102267027,53.7149501900993],[-1.08402024182805,53.7173320807404],[-1.08479271194787,53.7174143598641],[-1.09004628275597,53.7154526785098],[-1.09205575929222,53.7144584527979],[-1.09237480614117,53.7141974912926],[-1.09378469670955,53.7130442339063],[-1.09477733849991,53.7131739399717],[-1.09586150041855,53.7141285932846],[-1.0945368748028,53.7158399101777],[-1.09496493760827,53.7162287216037],[-1.09720336307935,53.7160684889916],[-1.10183843576696,53.7145806661846],[-1.10386105850573,53.7146641842311],[-1.10449465174477,53.7150086705737],[-1.10404570951757,53.7155292757456],[-1.10088216780014,53.716652534042],[-1.09885965494414,53.7178409031129],[-1.09819819045326,53.7187949802308],[-1.09836163110502,53.7193732763463],[-1.09917927064563,53.7195492537698],[-1.10324832312712,53.7187537867471],[-1.10447318541805,53.7188051749232],[-1.10454472489397,53.7188580366846],[-1.10797060472104,53.7213893143764],[-1.10828184778233,53.7230158054917],[-1.10938091021744,53.7233619293877],[-1.1119776470097,53.722899463696],[-1.11424005446942,53.7212532961929],[-1.11494051581574,53.7200090891922],[-1.11635216016472,53.7200456506565],[-1.11718080255604,53.7208525653024],[-1.11647808944381,53.7224275332072],[-1.11670483502572,53.7228894535135],[-1.11853528102461,53.724279001819],[-1.12012469588492,53.7267696628986],[-1.12086953245872,53.726666398584],[-1.1207623828046,53.7261352747567],[-1.12070969370225,53.7260862921674],[-1.12070963869957,53.7260862405307],[-1.11886473713201,53.7243709920802],[-1.11886441004217,53.7243706885677],[-1.11880929856153,53.7243098928342],[-1.11869957431035,53.7242143674743],[-1.11864784863734,53.7241693359913],[-1.11708875583176,53.722719665092],[-1.11778052979411,53.7208003695474],[-1.11740019858301,53.7200767338262],[-1.11543350177959,53.7193323264869],[-1.11477689071032,53.7193571335364],[-1.11373175678024,53.7210626357562],[-1.11217677232523,53.7224388908353],[-1.1111695650235,53.7228395612051],[-1.10913675991105,53.723005986253],[-1.10859644873209,53.7226864809753],[-1.10850877309126,53.7213124456257],[-1.10486448953558,53.7186471619013],[-1.10340209137955,53.7183889397202],[-1.10339408912075,53.7183905606935],[-1.09949326154463,53.7191804102907],[-1.09888437025583,53.7190940647484],[-1.09877675169155,53.7187391268249],[-1.10026621623488,53.7172564290088],[-1.1048840978264,53.7153666064738],[-1.10490222238988,53.7147240805612],[-1.10415949990087,53.7144533625061],[-1.10170707060088,53.7143487481997],[-1.09983572640356,53.714969159566],[-1.09780189980308,53.7156433854453],[-1.09576765437251,53.7159606226597],[-1.09528687339579,53.7155597350352],[-1.0961299852694,53.7139706712111],[-1.09536968826302,53.7131766146036],[-1.09469856167334,53.7129597972894],[-1.09409067553381,53.7127634046203],[-1.09306516375829,53.7130360969301],[-1.09238533912112,53.7137083317283],[-1.0919195669399,53.7141688881305],[-1.08955682502543,53.7153814796758],[-1.08476532929028,53.7169314341502],[-1.0847524001169,53.7145953021557],[-1.08138967108523,53.7109931479583],[-1.08130053819796,53.710146632981],[-1.08178334561592,53.7101009097344],[-1.08133650764976,53.7100264088478],[-1.08164426675911,53.7089717686733],[-1.08131858730673,53.7082726946941],[-1.07979925934004,53.707843111653],[-1.07539827983414,53.7090154082033],[-1.07231838455612,53.7088038091405],[-1.07149972393032,53.7082060259669],[-1.06968922231781,53.7043575668352],[-1.06896344566246,53.7039945923462],[-1.06966329691673,53.7028768665837],[-1.07189758591551,53.7035432339355],[-1.07493429636652,53.7039961643428],[-1.07589566831389,53.7014520232308],[-1.0781608963558,53.6977580904022],[-1.07635778053621,53.6967515347741],[-1.07872090213742,53.6940889069531],[-1.08501806824084,53.68695868403],[-1.08068473504326,53.6852743288417],[-1.08108267621369,53.6845860661387],[-1.08731798927798,53.6833169554891],[-1.09304776153583,53.678293956467],[-1.09748354363752,53.6752918039874],[-1.10021358057469,53.6743828551128],[-1.10199014791412,53.6743942267444],[-1.10357111247837,53.669556420157],[-1.091518283121,53.6686823094269],[-1.08700877312452,53.666603246444],[-1.08877240407278,53.6644774218106],[-1.08563981107625,53.662392774206],[-1.08446990482091,53.6620389299578],[-1.0826921091737,53.6620433277583],[-1.07880191982657,53.6604582603106],[-1.07538240624557,53.6605656546222],[-1.07426638959988,53.6601112692478],[-1.07329922851248,53.660285249939],[-1.07106028301956,53.6600216147216],[-1.07119000480126,53.657905049138],[-1.06790229091849,53.6572764255387],[-1.06328405676691,53.6574805830832],[-1.06187615449539,53.6592141772015],[-1.06098561682549,53.659307588166],[-1.05925810383174,53.6591782109876],[-1.05962487527191,53.6583903124584],[-1.05732008270442,53.657574854379],[-1.05100298945652,53.6575575880075],[-1.04866261671258,53.6560574070253],[-1.05048188400598,53.6549493334405],[-1.05171630752541,53.6525339090038],[-1.05327766063804,53.6515370070029],[-1.06550903140872,53.6489836587857],[-1.07117241321822,53.648941420667],[-1.08284028802994,53.6516227255152],[-1.08510170764858,53.6517091054383],[-1.08701324836343,53.6513365997579],[-1.09046268639261,53.6498687610546],[-1.09512123674999,53.6499893801344],[-1.1016002395923,53.6485884243884],[-1.11383090243519,53.6469128416843],[-1.11605055018911,53.6458006105743],[-1.11699902621163,53.6458828678582],[-1.11911100146475,53.6468014229138],[-1.12130763878194,53.6468127404519],[-1.12281831100276,53.6462544305343],[-1.12436257663843,53.6443680532083],[-1.12577806955781,53.6437208289943],[-1.12803695950196,53.6435692687696],[-1.12908304044228,53.6427903869736],[-1.12803678803228,53.639818131247],[-1.12707540594516,53.6385555370035],[-1.12887240376388,53.6349527738925],[-1.13057009077601,53.633870480472],[-1.13344201862148,53.6335050307379],[-1.13540736294185,53.6327287712035],[-1.13889896601468,53.6334664834056],[-1.1401241571933,53.6356189601616],[-1.14351560781307,53.6363479251425],[-1.14484110145217,53.6372247355872],[-1.1457426388464,53.6385496095592],[-1.14965928190377,53.6388217733801],[-1.15229783247999,53.6427767334053],[-1.15329681702934,53.642673968193],[-1.15554732322074,53.6432193120678],[-1.15867396928682,53.6434499933896],[-1.16138320607599,53.6417740498856],[-1.16313280086566,53.6418612646479],[-1.16540230739751,53.6408495883156],[-1.16777323180985,53.6408042601242],[-1.17062376939484,53.6392976852899],[-1.17236842984738,53.6394263370078],[-1.17445106231371,53.6381735846891],[-1.17869932249829,53.6379797581497],[-1.18856999375897,53.6359852145881],[-1.19231824811913,53.6360417607841],[-1.1936954420323,53.6363909588932],[-1.19452014719947,53.6381052297957],[-1.19611435276837,53.6389786260807],[-1.19722956660648,53.638968423399],[-1.19762734765735,53.6397503258117],[-1.19846766201068,53.6402534489045],[-1.20532251997523,53.6426082691749],[-1.20812775944903,53.6427232732098],[-1.20982732709975,53.643164004778],[-1.21089245943628,53.6409564233239],[-1.21564704491663,53.6419826770573],[-1.21630081882599,53.6400147592533],[-1.21768125748574,53.6402035814703],[-1.2185968003403,53.6366246378501],[-1.21938727235697,53.6366873903294],[-1.21963626969082,53.634489515763],[-1.21900441672273,53.6344115047079],[-1.21895466850856,53.6333181957967],[-1.21847053738736,53.6331748374752],[-1.21837003389992,53.6314005464706],[-1.21736482120616,53.6291037632011],[-1.21746827218315,53.6242243370314],[-1.21884618412774,53.6235650562091],[-1.22143291957943,53.6234816757502],[-1.226666448188,53.6219647885707],[-1.2279129981453,53.6221615930421],[-1.2328442563944,53.6211121294601],[-1.23805793514024,53.6268534215608],[-1.24269018474214,53.6335788721422],[-1.24289997716876,53.6346148743739],[-1.24354074420936,53.6342731992187],[-1.24530483651159,53.6353383947269],[-1.25064174747583,53.6387975666676],[-1.25366217008418,53.6411993024548],[-1.25495235638011,53.6433314582535],[-1.25486392304547,53.6444767514675],[-1.25536855551512,53.6447963621216],[-1.25521631142463,53.6489624796526],[-1.25433157265554,53.6485156750986],[-1.25301961569204,53.6488131266348],[-1.25261675996312,53.6487370291592],[-1.25269020068329,53.6484060337552],[-1.25168332124052,53.6484011615914],[-1.24966507401622,53.6490160609722],[-1.24877719448952,53.649630422762],[-1.2492108002861,53.6500522409367],[-1.25116050226592,53.6516283946773],[-1.24696055101532,53.6556145213308],[-1.24797090329598,53.6562312199983],[-1.25229766061436,53.661771974474],[-1.25250514464696,53.6624462570465],[-1.25119134751008,53.6625854657485],[-1.25215113270212,53.6658279651216],[-1.25231894316377,53.6666554909314],[-1.25176624049091,53.6679791999069],[-1.25021828317917,53.6693877037076],[-1.24902854948773,53.6713669430612],[-1.2485534390637,53.6717754582021],[-1.24777804790634,53.6718496895],[-1.24776114876538,53.6721649745119],[-1.24655005468526,53.6722642137775],[-1.24644302028605,53.6729640049049],[-1.24564133485303,53.6728716503073],[-1.2451620947497,53.6733577305765],[-1.24395742722812,53.6732504538126],[-1.24243231326369,53.6804839987876],[-1.24399382736634,53.6911533708336],[-1.24441673776269,53.6924295949092],[-1.22782708205618,53.6931175423481],[-1.20976761129611,53.6945050442584],[-1.19900414506844,53.694893206964],[-1.19906212902805,53.6969738453664],[-1.19967786646954,53.6987264213582],[-1.19881806176213,53.700732848854],[-1.20121165018468,53.7018378455387],[-1.20398586868859,53.7021208648181],[-1.21513089634275,53.7054903441452],[-1.21494827824871,53.7060228412617],[-1.2156644052349,53.7061308851405],[-1.21564170190919,53.7069447328897],[-1.21846395100347,53.7071430780508],[-1.21879581304332,53.709310838285],[-1.21783558329769,53.7095453895253],[-1.21713879417143,53.7112494636478],[-1.21981197966579,53.7144189483126],[-1.21851567487386,53.7147989056854],[-1.21236060927517,53.7134654801878],[-1.21133743895845,53.7135795792708],[-1.21022643719212,53.7146781276651],[-1.21152297126426,53.7158379505698],[-1.21179115982124,53.7168220903481],[-1.21148758353723,53.7180578606932],[-1.20958028016433,53.7198987928517],[-1.20920552774337,53.7215240309198],[-1.2077474429975,53.7224536832745],[-1.20867845214524,53.7240223632888],[-1.20682750124542,53.7251350726674],[-1.20533701389267,53.7268958987685],[-1.2028741908674,53.7281429727612],[-1.20238759199516,53.7292284388708],[-1.20031886780886,53.7315137002751],[-1.19600613793297,53.7318491981101],[-1.19451644421214,53.7328616199818],[-1.18932133147108,53.7327103620032],[-1.18828543461639,53.7322868233443],[-1.18705841650878,53.7326130426805],[-1.18413813072831,53.7323623549107],[-1.18363769109007,53.7316640519045],[-1.1825671839999,53.731393030165],[-1.1831104348171,53.7307852256553],[-1.18252727013695,53.7302928986576],[-1.18091179920122,53.730734108298],[-1.17969949018342,53.7306611635496],[-1.17554651000193,53.7282500123128],[-1.17390518672974,53.7284482648505],[-1.17101826258795,53.7299895087547],[-1.16656970884387,53.7295578275342],[-1.16612166928366,53.7306224083432],[-1.16454196368972,53.7314124529825],[-1.16678304230031,53.7319106295372],[-1.16741059997535,53.7323671423093],[-1.16944900268008,53.7323203637865],[-1.17049203248062,53.7333106544342],[-1.17361380817775,53.7338573300742],[-1.17450007413042,53.7357802589471],[-1.17510436461617,53.738962298722],[-1.17447253334355,53.7414646957452],[-1.17346024892204,53.741577788811],[-1.16974042819254,53.7433081907543],[-1.1684088652256,53.7432408271404],[-1.16776465895887,53.7442879882336],[-1.16809547348879,53.7453643757685],[-1.16612540139385,53.7464542943845],[-1.15880268624033,53.7433722205157]]]},"properties":{"FID":5586,"MSOA21CD":"E02005818","MSOA21NM":"Selby 010","MSOA21NMW":" ","BNG_E":456457,"BNG_N":421796,"LAT":53.68959,"LONG":-1.14656,"GlobalID":"8cd71ada-f1ac-4e68-b3dd-5a90e79776fe","GROUP":"A1 Corridor"}},{"type":"Feature","id":6781,"geometry":{"type":"Polygon","coordinates":[[[-2.22089053988356,54.2510456906809],[-2.21595203607352,54.250237632627],[-2.21464363550507,54.2497692222396],[-2.21423156544802,54.2484558899566],[-2.21221640572481,54.2478134917138],[-2.20706069172621,54.2474744742306],[-2.19779778043952,54.2473785165663],[-2.19465835147302,54.2459237575786],[-2.19493023986256,54.2453173893772],[-2.19293847381081,54.2436291782325],[-2.19110365848284,54.2430807783118],[-2.18965377769583,54.2410367905342],[-2.18768578089542,54.2396347592928],[-2.18715802488729,54.2388208278949],[-2.18502103832614,54.2382907853787],[-2.17982862180126,54.2350354190473],[-2.17474925374915,54.2304310001516],[-2.17194493956509,54.2284774855175],[-2.16775700155565,54.228759468022],[-2.16663974369461,54.2283141856409],[-2.16600059995977,54.2291087667276],[-2.16075224065137,54.2313528510728],[-2.16078799042786,54.232175160416],[-2.15915370096043,54.2336627649969],[-2.15668279875643,54.2346635756434],[-2.15160198634838,54.2355903860566],[-2.15253475451137,54.234385791657],[-2.15069434395818,54.2325676328793],[-2.1478826771793,54.2341758898681],[-2.14383556654653,54.2350356887942],[-2.14307761333785,54.2332453239866],[-2.14363476688287,54.2315270750438],[-2.14353580761284,54.2300464552051],[-2.14293070682892,54.2293189294281],[-2.14217161934977,54.2263172361304],[-2.1404713007246,54.2252941312169],[-2.12893050474809,54.2256401305223],[-2.12626405286166,54.2264181005856],[-2.12469216174125,54.2279318057233],[-2.121320901228,54.228584876537],[-2.11819028264385,54.2296117167032],[-2.11605334539598,54.2306405501469],[-2.11345550557019,54.232562304164],[-2.10876677520187,54.2318485398701],[-2.1000321912151,54.2319649627844],[-2.09921297511582,54.2300646856429],[-2.09635713600843,54.2283181474487],[-2.09504201350838,54.2279740583231],[-2.09052475539801,54.223638957576],[-2.0884496422901,54.2220210833525],[-2.08663124507731,54.2212512343087],[-2.08709700737096,54.2209781914665],[-2.08638005204824,54.2212087167572],[-2.08393823062044,54.2202884229279],[-2.08250354572973,54.2187076718638],[-2.08054061028839,54.2187146176509],[-2.07917988751654,54.2183776562311],[-2.07618377690191,54.2158836933528],[-2.07112456895215,54.2131184341337],[-2.06996912587001,54.212743618268],[-2.06806184511237,54.2126242317322],[-2.06463473959455,54.2113238121865],[-2.06096015712122,54.2103646599798],[-2.0604322396171,54.2087803698099],[-2.06116289474129,54.2071645454048],[-2.06134010004122,54.2026090454647],[-2.06039184245412,54.2011552797],[-2.05932269926444,54.1964811755888],[-2.05426118968929,54.1948994279668],[-2.05109426908148,54.1907666451263],[-2.05024396083091,54.1897758734517],[-2.05110418661302,54.1891031492874],[-2.04939336399453,54.1857813113902],[-2.04578474163628,54.1818803876296],[-2.04435473778721,54.1825622077232],[-2.03417718611097,54.1804372128803],[-2.03473093441321,54.1757889055781],[-2.03249534806442,54.1753393107833],[-2.03139192565295,54.1748020595351],[-2.02834454867665,54.1754812550032],[-2.02695780969011,54.1761584918805],[-2.0238860770046,54.1759729383516],[-2.02283520374967,54.1767738441917],[-2.02049131845434,54.1759887032339],[-2.02002132393694,54.1762730130457],[-2.01855487328866,54.1761825243489],[-2.0172032736252,54.1747734028073],[-2.01510116771056,54.1735892947779],[-2.01471661800655,54.1727952314478],[-2.01112399155789,54.1725452907416],[-2.00450804592518,54.172884412782],[-1.99911690830092,54.1673872799404],[-1.99775094910345,54.1651949251895],[-1.99799470065363,54.1620943096699],[-1.99757600758222,54.1606759887646],[-1.99317160449912,54.1556583965952],[-1.99217645236529,54.1551163158222],[-1.98841723761451,54.155309222648],[-1.9868882703438,54.156622699877],[-1.97249221545293,54.1580848939428],[-1.9666115442155,54.1532013885816],[-1.96358704465944,54.1521301946844],[-1.95422946565321,54.1431066072756],[-1.95529205902946,54.1367518507069],[-1.9573814743738,54.1355890280211],[-1.95714355284996,54.1325635882737],[-1.95665729043024,54.1321620735111],[-1.94960676313275,54.1264215105921],[-1.94726448134407,54.1250336655113],[-1.937726751415,54.1233774629065],[-1.93494376908522,54.1222938662054],[-1.93174449724464,54.122367658395],[-1.92510214514821,54.1209229723125],[-1.92269823573353,54.1203642402039],[-1.91963068556216,54.1203802211971],[-1.90561762223678,54.122473379073],[-1.90309238455493,54.1196454686591],[-1.9005618909781,54.1164009365123],[-1.89510957448974,54.1137950894834],[-1.89426247153795,54.1108054906587],[-1.89323341998072,54.109690640018],[-1.89100184535432,54.1044172088893],[-1.88734560183288,54.1024643096197],[-1.8797701509924,54.1022258722812],[-1.87596725367905,54.1000768633372],[-1.87132516197234,54.0995275674011],[-1.86711324866151,54.0976894509702],[-1.86172531805103,54.0805399495119],[-1.84627125810112,54.0737663866898],[-1.8423973756848,54.0713336656237],[-1.84059429968177,54.0705806511661],[-1.84075770333801,54.0701570016381],[-1.84221948839842,54.0678749626096],[-1.84606860828843,54.0645180555904],[-1.84908549613212,54.0631296509162],[-1.85000943288929,54.0619177724794],[-1.85278657344565,54.057716989459],[-1.85372557534532,54.0531215908403],[-1.85968270696839,54.0521200958664],[-1.86398856206729,54.0502317337761],[-1.86665412607597,54.0496698996857],[-1.86732599012468,54.048921084444],[-1.87202833309866,54.0471438264742],[-1.87352645902477,54.0460431448613],[-1.87244002175796,54.0460255012604],[-1.87036297088474,54.0444962454671],[-1.86867120723408,54.0420497940013],[-1.87225826655061,54.0362864019374],[-1.87234845358467,54.0355001004735],[-1.85347087329327,54.0287730016542],[-1.84804499330467,54.0136706212665],[-1.83736638838063,54.0149140287591],[-1.83593885307603,54.0142295927947],[-1.83491487402593,54.0135296947433],[-1.83356050625249,54.0113738834742],[-1.8314100319809,54.0093262088346],[-1.83064382054426,54.004472940125],[-1.83097559395869,54.0034591403618],[-1.82977184563908,54.0030488512599],[-1.82748274162513,54.001354231426],[-1.82616060672563,53.9997792154217],[-1.82385187594741,53.9981788755617],[-1.82288851783046,53.9979412509607],[-1.82277006699577,53.9974287801077],[-1.82107572250468,53.9973588707213],[-1.81952715687147,53.996416291325],[-1.81876556880039,53.992525392317],[-1.82012574568568,53.9912295559127],[-1.82164793400911,53.9909265154805],[-1.82163360502224,53.9899277396185],[-1.82316241717068,53.9890598775528],[-1.8232654934438,53.98778377933],[-1.82450405717265,53.9873488416496],[-1.82489585152537,53.9863096452761],[-1.82675903081181,53.9856632739076],[-1.82549077150959,53.9847896582336],[-1.82220229460235,53.9834970539999],[-1.81774600411466,53.9801399614876],[-1.81673275070714,53.9781392037684],[-1.82488856153938,53.9762596602148],[-1.84989876768142,53.9657227909373],[-1.86013645668106,53.9623385895672],[-1.8616819089265,53.9619404186584],[-1.86316314361348,53.9619519316861],[-1.86247054258766,53.9603695944748],[-1.86118661009171,53.9597625765388],[-1.86115336051309,53.9590134662544],[-1.8615687688722,53.9584055832738],[-1.86344299969084,53.9574676672761],[-1.86398654466774,53.9566835365772],[-1.86520800797766,53.9559622408672],[-1.87040604068362,53.9544354836238],[-1.87209900934817,53.9545331075338],[-1.8733257112653,53.9550110290385],[-1.87504824155859,53.954826895224],[-1.8759939371793,53.9550093054844],[-1.87888234040832,53.9542744174735],[-1.87994108461697,53.9559025221112],[-1.87981515778724,53.9568062199145],[-1.87814010680776,53.9589922144134],[-1.87881185109209,53.9625528602736],[-1.88130328677524,53.9630901036679],[-1.88545830611203,53.9630169024551],[-1.8855309291381,53.9619396684481],[-1.88637852560841,53.9608938408143],[-1.88741784099244,53.9601510808474],[-1.88970623630487,53.9592749217664],[-1.89051424471055,53.9573427408581],[-1.89313814903706,53.9553835120772],[-1.89571132615065,53.9550784975175],[-1.89889165140333,53.9554022328735],[-1.90357246723429,53.9572356245706],[-1.90389195690893,53.9574732086098],[-1.90351166476474,53.9582791396674],[-1.90627400934602,53.9583783440658],[-1.90849894142976,53.9575579508413],[-1.91195960961503,53.9569499209965],[-1.91290531772619,53.956533512599],[-1.91316454078524,53.9559921889436],[-1.91699621548172,53.9555162821695],[-1.91912129548896,53.9549166672287],[-1.92010137458717,53.9556579691293],[-1.92277062503272,53.955633583023],[-1.92797975574294,53.9504587422013],[-1.93086203207901,53.9502680680298],[-1.93423503127928,53.9519131778061],[-1.94161367139437,53.9525175136746],[-1.94398931327683,53.9561878778217],[-1.95068319248708,53.9567421516694],[-1.95009394181917,53.9582492828876],[-1.95268049688338,53.9586345420015],[-1.9542100815031,53.9592193287729],[-1.96114329870757,53.9588883500295],[-1.96372874562763,53.9635492752019],[-1.96434655032624,53.9669431614742],[-1.96591761032064,53.9691338252541],[-1.96391056845794,53.9699395686805],[-1.96225202077933,53.9701696889898],[-1.95844561570637,53.9716915987999],[-1.95496919928195,53.9736414939721],[-1.95666252566357,53.9739948873494],[-1.95796243095209,53.9747657519266],[-1.95963718051563,53.9752418151032],[-1.97235911505518,53.9722884434477],[-1.9790009460508,53.9699004540287],[-1.98364762414143,53.9697632729634],[-1.99312541391681,53.9684674188024],[-1.99719785537122,53.9686644649044],[-1.99787193584834,53.9681634139005],[-2.00497734289236,53.9674795388338],[-2.00868508990867,53.9668715876514],[-2.01108704669288,53.9659786213809],[-2.01234433534098,53.9637082202827],[-2.01391864003619,53.9634226691636],[-2.01391091893303,53.9639166077631],[-2.01560800667911,53.9645529886183],[-2.01532713726073,53.9651846992713],[-2.01715590506507,53.9686212961696],[-2.01773658741115,53.9686584655048],[-2.01882957315002,53.9658205825431],[-2.01937508663339,53.9654227981358],[-2.0218894228494,53.9641465675258],[-2.02259421018997,53.9645108342055],[-2.02471243153885,53.9648393115939],[-2.02491421872012,53.963838721797],[-2.02592561035607,53.9638019089666],[-2.02590432609229,53.9632916991376],[-2.0253745272624,53.9628996068432],[-2.02611430978033,53.9621763591736],[-2.02540561118461,53.9619530322033],[-2.02542554215033,53.9615089719421],[-2.02596775089989,53.9617289466873],[-2.02645472435534,53.9615657040289],[-2.02815724595514,53.960582688743],[-2.02675555576501,53.9595354468366],[-2.02868838598624,53.9590123455379],[-2.03101993113648,53.9593017979993],[-2.03475138936606,53.9597312044117],[-2.03692349745169,53.9594143941795],[-2.03903240168499,53.9596341949013],[-2.0402033474552,53.9583811357343],[-2.04227660495882,53.9576463235481],[-2.04349536220369,53.9568885641162],[-2.04568861426354,53.9564920279445],[-2.04943522269208,53.9565828315344],[-2.05122407963847,53.9567004455982],[-2.05440244107776,53.9580105345422],[-2.05626934432323,53.9580335353975],[-2.05886111976408,53.9591635042621],[-2.06082851813602,53.9591397746357],[-2.06154687343681,53.9595500572388],[-2.0612504523793,53.9604866667246],[-2.06266072104342,53.9635374758463],[-2.0623716468561,53.9643655839263],[-2.06375860542699,53.9642771213054],[-2.06442772066003,53.9656359896026],[-2.0677936655113,53.9664062068579],[-2.07144319357139,53.9678275721048],[-2.07621011816871,53.9673151625862],[-2.07664873749449,53.9695716334967],[-2.07645750903888,53.9717759896896],[-2.0776349702568,53.9726871979905],[-2.08080033594823,53.9729725717621],[-2.08185710848901,53.9746175305805],[-2.08254222594946,53.9770931424616],[-2.08347854543823,53.9770223946056],[-2.08227667351831,53.9777160903006],[-2.08346693265103,53.9782059419259],[-2.08707171583972,53.9812729469361],[-2.08815055539342,53.9817285691265],[-2.08962609263469,53.9836103887589],[-2.09016462582506,53.9858380717012],[-2.0897450826637,53.9864253872934],[-2.08902317697679,53.9863814875687],[-2.0889800439791,53.9888416985238],[-2.08783476267117,53.9897072901348],[-2.08631455517394,53.9920639643729],[-2.08673011206337,53.9922827722006],[-2.08688481258735,53.9933381101648],[-2.08885251325993,53.9956220750204],[-2.09117489040803,53.9967367555283],[-2.09178992685725,53.9986746528652],[-2.09366739675267,53.996699434158],[-2.09513723991231,53.9963828621311],[-2.10164749319661,53.9962887495935],[-2.10568907079362,53.9954617487615],[-2.10817090524861,53.9955665578695],[-2.11492445973457,53.9969900920468],[-2.12128465043932,53.9993691708049],[-2.12997773342824,54.0035735225009],[-2.13207489101121,54.0051889599106],[-2.13449896417508,54.0052841568541],[-2.13999329180345,54.004354793498],[-2.14017839317398,54.0036706752135],[-2.14146266299111,54.0034902548223],[-2.14106498810608,54.0023422731694],[-2.13845405240925,53.998802283229],[-2.14010407023192,53.9982835457206],[-2.14037477865638,53.9962826415101],[-2.14102637449745,53.9958496243306],[-2.14184431077503,53.996377999085],[-2.14246555473039,53.9960482237865],[-2.14073813595275,53.9944801991061],[-2.14108658179564,53.9937770650888],[-2.14190985144397,53.9936645898525],[-2.14220903554609,53.9941801767723],[-2.14132238877035,53.9945837117937],[-2.14209347469026,53.9948201240356],[-2.14281932440923,53.9938106873164],[-2.14111199975738,53.9918463886874],[-2.14099405541782,53.9908568020114],[-2.13937098794857,53.9911653743375],[-2.13741834425118,53.9910418099366],[-2.1294013165417,53.9878691524658],[-2.12790309851989,53.9866754146044],[-2.12579697858088,53.9861473833332],[-2.12102217269569,53.9856130633101],[-2.1183965613431,53.9846809852834],[-2.11471922652591,53.9838756900619],[-2.11550530901088,53.98361161292],[-2.11600124676942,53.9828129684976],[-2.11470697819052,53.9824869795381],[-2.11353733609115,53.9826748333703],[-2.11229639656462,53.9833107761272],[-2.11072639272736,53.9817595220629],[-2.11061371180008,53.9821812452291],[-2.10986172728265,53.9823834063643],[-2.11027695906315,53.9831549889581],[-2.10966781744464,53.9832330864883],[-2.1084234052059,53.9830663255369],[-2.10866813871207,53.9827342076979],[-2.10793054118695,53.9826519480968],[-2.10752795646206,53.9820888677237],[-2.10606731628657,53.9816637472742],[-2.10597638444162,53.9812773596329],[-2.10663726780882,53.9807203374561],[-2.10829658836714,53.9808314229549],[-2.1122965274972,53.9761743902559],[-2.09900698560151,53.978371176758],[-2.09856154833137,53.9741538033796],[-2.10416741133313,53.9738075880389],[-2.10277981939543,53.9718071586046],[-2.10294552529917,53.9710071112548],[-2.10393443275305,53.9702153385358],[-2.10361510112068,53.9696619197364],[-2.10899302784223,53.9692707763543],[-2.11118357677638,53.9686359730296],[-2.11244010960412,53.9677138391721],[-2.1135048162659,53.9673881536481],[-2.11721805189022,53.9674196798608],[-2.12333170462068,53.968446556586],[-2.12686779768097,53.9686231587028],[-2.12831593321708,53.9678517752518],[-2.13053062277288,53.9657698532676],[-2.1297882686064,53.9643301023959],[-2.13029558803163,53.9632841633296],[-2.1283839469094,53.9616577749493],[-2.12938900943824,53.9604398540289],[-2.12852170792079,53.9591346771837],[-2.12947869158029,53.9588462441008],[-2.12955054343333,53.9578420580162],[-2.13017312822024,53.9579562715802],[-2.13222329823473,53.9594418933412],[-2.13183376300634,53.9614891860525],[-2.13455992640604,53.96269973365],[-2.13922248983392,53.965857237242],[-2.14364566174999,53.9658146867529],[-2.14662190616438,53.9646087875452],[-2.14763721539241,53.9644827001262],[-2.15255950576901,53.9657923777573],[-2.15479926884675,53.964801280253],[-2.15567839803757,53.9647457860469],[-2.15783684941084,53.9655616807621],[-2.16184155778873,53.966354262728],[-2.16531916850818,53.9659613555946],[-2.16598642191667,53.9665395694002],[-2.16743986107036,53.9669723478994],[-2.17069079603786,53.9673676828268],[-2.17577150908016,53.9670288949854],[-2.17987916082111,53.9679426173664],[-2.1816398234014,53.9680643722957],[-2.18491893682944,53.9670743665279],[-2.18891105855882,53.9680972144688],[-2.19037956600684,53.9689082678227],[-2.18985254819474,53.9691375571432],[-2.19022413629978,53.971898590922],[-2.18884954044339,53.974379662387],[-2.18356867860899,53.9809415268202],[-2.18263032472159,53.981885835394],[-2.18324347275836,53.9830476615272],[-2.18203290080923,53.9844195540286],[-2.18275795247515,53.9852343713319],[-2.18473668985627,53.986024161558],[-2.1832381522944,53.9869306057618],[-2.18301076854008,53.9900614542453],[-2.18397773083481,53.9917718311816],[-2.18318622712914,53.9932797506337],[-2.18127952840183,53.99385489117],[-2.18318914676277,53.9956301262247],[-2.18716403818834,53.996888980081],[-2.18690468063177,53.9972002935179],[-2.18869400845613,53.9986537283045],[-2.19042562131103,53.9989950756782],[-2.18908339217523,54.0006194655211],[-2.19034322800113,54.0013165332116],[-2.19159583756948,54.0027933815543],[-2.19083522081146,54.0050947483695],[-2.1908285447394,54.0090344260955],[-2.18784516089947,54.0103297000516],[-2.18591024863751,54.010652904145],[-2.18658565627636,54.011573924858],[-2.18872298839877,54.0121143221414],[-2.18990560520714,54.0121015495593],[-2.18941352660473,54.0132771047995],[-2.18996229276661,54.0145011520249],[-2.19384828244407,54.0170411650189],[-2.19652692262993,54.0183149933025],[-2.19855950807174,54.0210322153311],[-2.20096043707976,54.0227654718761],[-2.20135267636613,54.0255641537091],[-2.19723231389681,54.0273983002429],[-2.19673556022149,54.02827624952],[-2.1970272678454,54.0298404407748],[-2.20072048063944,54.0302901456748],[-2.20274406967274,54.0295525789121],[-2.21002404334664,54.0312771297924],[-2.2118625313681,54.0315351060598],[-2.21421030024738,54.0312739490026],[-2.21529631319024,54.0316694135927],[-2.2156451178765,54.0327748305783],[-2.21739568846058,54.0337204015181],[-2.21866882002523,54.0349448859483],[-2.22007782414497,54.0373612793122],[-2.22023467036313,54.0390878144924],[-2.22137276073917,54.0412500266255],[-2.22059729382615,54.0435873735016],[-2.22056601466895,54.0459761570339],[-2.22393343340104,54.0522721015373],[-2.22523193638458,54.0531819189172],[-2.22409803664106,54.0549623244524],[-2.22660938879141,54.0587732223954],[-2.22131244655834,54.0612381123915],[-2.21570181790534,54.0626103524529],[-2.20947616390359,54.0646504841317],[-2.20787702983378,54.0648206622951],[-2.20719367923496,54.0659469721289],[-2.20728051145763,54.0678688614554],[-2.20420759037433,54.0677055310937],[-2.20264005748695,54.0695901872343],[-2.20321328386208,54.0715065700237],[-2.21071647649993,54.0817997647095],[-2.21793270152654,54.081464467812],[-2.21873349529029,54.0828731675714],[-2.21859972357114,54.0841361501532],[-2.22159271042489,54.0899185792302],[-2.22032339003501,54.092902221786],[-2.2184166491782,54.0931952790687],[-2.21515137448503,54.0930947385191],[-2.21160838632118,54.0941882516381],[-2.20805126770012,54.0943115964866],[-2.20745609608937,54.0939624051969],[-2.20546144832118,54.0940661513999],[-2.20570239665241,54.0948928177741],[-2.20686915511875,54.0965119213447],[-2.21347424094163,54.0999752805882],[-2.21532300642007,54.1000685700186],[-2.22089613321224,54.101228889528],[-2.22642697953865,54.1037347749071],[-2.23170501956226,54.1071130859316],[-2.23343909325846,54.1080979212613],[-2.23453131564074,54.1092051716731],[-2.23539192758787,54.1093388715766],[-2.23807014408635,54.1106920875881],[-2.23490819742984,54.1154967585528],[-2.23580393777674,54.1161519361534],[-2.23646249158676,54.1157785058601],[-2.23654631713541,54.1159760638926],[-2.23701775290851,54.1205920764895],[-2.23773724426228,54.1222511303034],[-2.23721867722744,54.125376691976],[-2.2375989861218,54.1304212420042],[-2.24117459845784,54.1321405219315],[-2.24191084743559,54.1348049242296],[-2.24153651093216,54.1373760703938],[-2.24226945367659,54.1383092799452],[-2.24286604815047,54.1382513451671],[-2.24446880980671,54.1388351954325],[-2.25572711736501,54.1426329286793],[-2.2571878209448,54.1429081457747],[-2.25612968399199,54.1463177382232],[-2.25253671333469,54.1501404920701],[-2.25054579067309,54.1551121403545],[-2.25006802451727,54.1556332800356],[-2.24651428075447,54.1571884260262],[-2.24607857798521,54.1581164193785],[-2.24613587927037,54.1656723645591],[-2.24496753642148,54.1683390102398],[-2.2389697855107,54.1690794748389],[-2.23767471749302,54.1695944868687],[-2.23466873383899,54.1718079207329],[-2.23487973805182,54.1723798962728],[-2.23592239604446,54.1723048317291],[-2.24549129795231,54.1742592484813],[-2.24931209962362,54.1770619171077],[-2.25222295595111,54.1822961780741],[-2.25248240621271,54.1837399942991],[-2.2539861176652,54.1850319072461],[-2.25265960459042,54.1856961926156],[-2.25277800689616,54.1859620703161],[-2.25762151011831,54.1938618398657],[-2.25840091569317,54.1944224470729],[-2.25863280660275,54.1962033697773],[-2.26193245451194,54.1960367465259],[-2.26437898903114,54.1964726205515],[-2.26621276642327,54.1981441683754],[-2.26880391203233,54.1992761457906],[-2.27198051259968,54.1998273437803],[-2.27234720021555,54.200953876871],[-2.27676876214726,54.2033246012276],[-2.27841731656719,54.2035524998208],[-2.28192796102267,54.2066410413615],[-2.28446603737282,54.20585597187],[-2.28200232083634,54.2074382301969],[-2.27908286270862,54.2101024753494],[-2.27672084734033,54.2109221664741],[-2.27661668419158,54.211822836536],[-2.27409242476033,54.2145725789269],[-2.27264815356241,54.215520383937],[-2.2705794646338,54.2155295499865],[-2.26854385094549,54.2151675889045],[-2.26690813155003,54.2161772614046],[-2.26331693068704,54.2171617118364],[-2.26046454281084,54.2186737336985],[-2.25752323863212,54.2194633277611],[-2.25718080978408,54.2200720214419],[-2.24733919781373,54.2245927230424],[-2.25018596918114,54.2274345174311],[-2.25189468915259,54.2301687326297],[-2.25612301058013,54.2349735584358],[-2.25597639922158,54.2358701752332],[-2.25675955173705,54.2379850009142],[-2.25841466931055,54.2386055556011],[-2.26283283046723,54.2423534823393],[-2.26366520594991,54.2453408071864],[-2.25879779914941,54.2473409807319],[-2.25811924994604,54.2475636270511],[-2.25754554289674,54.2474049103684],[-2.25639579837716,54.2481119664147],[-2.25213577171028,54.2493469608819],[-2.24666341063495,54.2494023959921],[-2.24417322102263,54.2487328664792],[-2.24340414098352,54.2481929369778],[-2.24222251889312,54.2481239795713],[-2.24051152108952,54.2484801646531],[-2.23929776951816,54.2492549838948],[-2.23756381268516,54.2497922544828],[-2.23565577058116,54.2512424564906],[-2.23140666974429,54.2502949150338],[-2.23038228648233,54.2506397657058],[-2.22921756492068,54.2521787037334],[-2.22413387138766,54.2510801581396],[-2.22269681443397,54.2510558496806],[-2.22089053988356,54.2510456906809]]]},"properties":{"FID":6781,"MSOA21CD":"E02007041","MSOA21NM":"Craven 009","MSOA21NMW":" ","BNG_E":396830,"BNG_N":463986,"LAT":54.07181,"LONG":-2.04994,"GlobalID":"202564a7-459c-48e8-8ed0-262350e259cd","GROUP":"Harrogate & The Dales"}},{"type":"Feature","id":6782,"geometry":{"type":"Polygon","coordinates":[[[-1.44711769730976,54.3739793963533],[-1.44890837627433,54.3683951378784],[-1.44924530648377,54.3615668800371],[-1.44660731641781,54.3578953498349],[-1.44508340686172,54.3569006107168],[-1.44600238736177,54.3534581662745],[-1.44467513714526,54.3507633459015],[-1.44095729834922,54.3517546713113],[-1.43707160053402,54.3516559036203],[-1.43697754513927,54.3536080401021],[-1.43647655993508,54.3539239020323],[-1.4346609718667,54.3537438726901],[-1.43092687690862,54.3533951616318],[-1.43159900176813,54.3516381531286],[-1.43212838307872,54.3489049750883],[-1.43028034169742,54.3500600959251],[-1.42942130018924,54.3522065188385],[-1.4280906223511,54.3526481611087],[-1.42720991200151,54.3525295424763],[-1.42535359778392,54.3537571242141],[-1.4247180630688,54.3539823900829],[-1.41583677026226,54.3507333477851],[-1.4108907502968,54.3484642328987],[-1.41114074197162,54.3491171317396],[-1.41065190760935,54.3495339181596],[-1.40824810529081,54.3498601373252],[-1.40722611089991,54.3487914311116],[-1.40426351892945,54.3477944764141],[-1.40176095441588,54.3464008407726],[-1.4000066751882,54.3459824327674],[-1.39261300659927,54.3453360556753],[-1.39335669939877,54.3473601912638],[-1.39400812794849,54.347555560076],[-1.39589102750461,54.3494051156992],[-1.39841181624892,54.3507789681806],[-1.39876136308929,54.3515638093466],[-1.39589851105578,54.3526026384445],[-1.39781936048096,54.3561742718638],[-1.39838917162226,54.3587191088512],[-1.39516855668658,54.3599519466669],[-1.3947440997869,54.361223442056],[-1.3939055351354,54.3579715203217],[-1.39034204891147,54.3573413508053],[-1.38906483269871,54.3546196489091],[-1.38660555283786,54.3522839921549],[-1.38647911487147,54.351087213879],[-1.38515205806867,54.3487378859637],[-1.38167820868128,54.3479258569252],[-1.38893315785439,54.3427353209631],[-1.39200880080706,54.3421951771319],[-1.39035330828753,54.3392717939785],[-1.38995143777723,54.3366969362838],[-1.38857579786872,54.3333348890896],[-1.38995494209903,54.3301191314119],[-1.38678535676022,54.3305451304576],[-1.38467383460469,54.3290209035707],[-1.38374135281379,54.3270075239691],[-1.3795396259067,54.3275648522615],[-1.37556775416086,54.3285169603822],[-1.36588024276183,54.3288142001047],[-1.35801270603589,54.3284642920394],[-1.35784252635773,54.3279977569822],[-1.35730443951622,54.3281518711897],[-1.35682089802156,54.3274907170902],[-1.35797203191186,54.3270289293087],[-1.35748754767504,54.3267280873112],[-1.35738994581099,54.3257669451032],[-1.35578940157773,54.3256835595656],[-1.35537334695093,54.3223213386857],[-1.36714491027382,54.3224053725671],[-1.37353777904089,54.3221311785251],[-1.37459402035308,54.3245620632818],[-1.38846880030714,54.3239366039122],[-1.39054107544903,54.326871354141],[-1.39059198487675,54.3272588937224],[-1.39617379736125,54.3265187380359],[-1.4012328238644,54.3266262128286],[-1.41115680450239,54.3300829316543],[-1.41354522605819,54.3310284333561],[-1.41701167922051,54.3310683494031],[-1.42033222887724,54.3320693618637],[-1.42277657276237,54.3325146483486],[-1.4233190054258,54.3325871424692],[-1.42546278196361,54.3340597376731],[-1.42723116530353,54.3359609595259],[-1.42783112868591,54.3358803811701],[-1.42975708198129,54.3364692539436],[-1.42986694921855,54.3352213077024],[-1.42908479670952,54.3330354221699],[-1.42968409880369,54.3329421007156],[-1.42956849430407,54.332736637876],[-1.43082449303012,54.3325688520175],[-1.43013600301221,54.3320216641802],[-1.43134545215603,54.331939345636],[-1.43150608179282,54.3316528265096],[-1.42873679759285,54.3298286960664],[-1.42905960723345,54.3294572814482],[-1.43350231878026,54.3295934632592],[-1.4335057210404,54.3291118147399],[-1.432736651143,54.329036177087],[-1.43231682550156,54.3286185017398],[-1.4310760065637,54.3288195215396],[-1.43055168131305,54.3285778457076],[-1.4304178163083,54.3283215936361],[-1.43157383819976,54.3279507727411],[-1.43193089477754,54.3272285967378],[-1.43313587458733,54.3218090059896],[-1.43475149896941,54.3214034688568],[-1.43627774689557,54.3239736960714],[-1.4383712495371,54.3274906334061],[-1.43863977370305,54.3279395383109],[-1.43956952491181,54.3294793806609],[-1.44170649451787,54.333022899062],[-1.44238944405737,54.3341955830659],[-1.43977546276002,54.3339566079291],[-1.43940411164274,54.3340540945268],[-1.43343455507892,54.3334099627329],[-1.43400472995862,54.3353495867896],[-1.43491601504632,54.335396859741],[-1.43403906265359,54.3364548953694],[-1.43385347513492,54.3365313869393],[-1.43129450566256,54.3369358875934],[-1.43099974046894,54.3377530073159],[-1.42979642571417,54.3377282130369],[-1.42753851311481,54.3364088839327],[-1.42739830203435,54.3364336966936],[-1.42688201265387,54.3365201612673],[-1.42675957797649,54.3362243283376],[-1.425660319147,54.33639580019],[-1.42297320279167,54.3370681890463],[-1.42380815231554,54.3381384038063],[-1.42303509856133,54.3383412272508],[-1.42263755128713,54.338927500813],[-1.42280598569234,54.3400647614284],[-1.42332776185377,54.3405086247997],[-1.42668973531382,54.340066350447],[-1.42688737542938,54.3406459288341],[-1.42429830478886,54.3410078766678],[-1.42441365648532,54.3412464144638],[-1.42158056223407,54.3420434460474],[-1.42045279810059,54.3420900539621],[-1.41856097565272,54.3421790371437],[-1.41851715121403,54.3427242741921],[-1.41933455615591,54.3435900757462],[-1.42009601330659,54.3434859600935],[-1.42033522257522,54.3441174889921],[-1.42072728389758,54.3452034064969],[-1.4212011947794,54.3447724258599],[-1.42206870364837,54.3446629313638],[-1.42264329346006,54.3455110102819],[-1.42095125881705,54.345803819037],[-1.42103042234252,54.3461532792171],[-1.42166185629526,54.3461023836323],[-1.42183649136384,54.3464557877342],[-1.42309080263619,54.3462885450477],[-1.42757265523637,54.3457586249335],[-1.42750223799652,54.3453663194156],[-1.42847278821511,54.3450027236902],[-1.43043240719161,54.3450976538846],[-1.43061781864731,54.3444914806433],[-1.43205156227533,54.3443784554455],[-1.43231280029275,54.3436797180092],[-1.43249753445186,54.3424397086563],[-1.43331339929811,54.3416540453602],[-1.4331543768873,54.3413326299989],[-1.43454106327867,54.3410007459438],[-1.43630191952179,54.3408077037557],[-1.43985841257982,54.3387468095198],[-1.441419161341,54.3389149651459],[-1.441781003832,54.3386009627155],[-1.44207299467606,54.3386899376585],[-1.4431307134121,54.3375618740452],[-1.44412034054443,54.3370909741724],[-1.44564651957744,54.3377825606615],[-1.4474884316684,54.3400435470848],[-1.44877511397676,54.3408720378779],[-1.44926434593605,54.3406262771487],[-1.45060527592782,54.3407441606421],[-1.44886399693615,54.3418104849172],[-1.44754147755893,54.3421487844616],[-1.44799720259414,54.3432582346006],[-1.45210800162723,54.3425012563993],[-1.45270617025657,54.3423029057671],[-1.45244337695698,54.3419329346282],[-1.45330515275006,54.3416492907651],[-1.45355212643051,54.3421270175535],[-1.4615475816634,54.3435710366846],[-1.46429523625894,54.343792769201],[-1.4646622332998,54.3445434577551],[-1.46593687434551,54.3442336699261],[-1.46889840465276,54.3445730674563],[-1.46898783571395,54.3462155963527],[-1.46704389012774,54.3469883682246],[-1.46598899457413,54.3486351100889],[-1.46625263713776,54.3497706231152],[-1.46484664632499,54.351937901837],[-1.46644537948438,54.3540465766636],[-1.46597057260151,54.3545853901448],[-1.46724544991063,54.3562792112276],[-1.47008616289565,54.3576330426737],[-1.47045183439398,54.3598698253954],[-1.46938132615866,54.3603157227443],[-1.46906918978194,54.3609153595156],[-1.46859992452689,54.3626992170467],[-1.46883274746638,54.3647105521241],[-1.4589908098281,54.3662530864267],[-1.45993102239688,54.3683869742017],[-1.4551596614701,54.3690817344491],[-1.45559210053419,54.3701328380076],[-1.46031585139893,54.369770075277],[-1.46093542761634,54.3734058372652],[-1.46036872673899,54.3741967686778],[-1.46083613661502,54.3764797388886],[-1.46058162758427,54.3778145266127],[-1.45645711783443,54.378615630788],[-1.45639556964543,54.3794517174971],[-1.44702585954357,54.382073705882],[-1.4466016522184,54.3821320493099],[-1.44711769730976,54.3739793963533]]]},"properties":{"FID":6782,"MSOA21CD":"E02007042","MSOA21NM":"Hambleton 012","MSOA21NMW":" ","BNG_E":438266,"BNG_N":493993,"LAT":54.34007,"LONG":-1.41295,"GlobalID":"924f500b-8824-4a44-ab22-35dccbad9acb","GROUP":"A1 Corridor"}},{"type":"Feature","id":6783,"geometry":{"type":"Polygon","coordinates":[[[-1.42183649136384,54.3464557877342],[-1.42166185629526,54.3461023836323],[-1.42103042234252,54.3461532792171],[-1.42095125881705,54.345803819037],[-1.42264329346006,54.3455110102819],[-1.42206870364837,54.3446629313638],[-1.4212011947794,54.3447724258599],[-1.42072728389758,54.3452034064969],[-1.42033522257522,54.3441174889921],[-1.42009601330659,54.3434859600935],[-1.41933455615591,54.3435900757462],[-1.41851715121403,54.3427242741921],[-1.41856097565272,54.3421790371437],[-1.42045279810059,54.3420900539621],[-1.42158056223407,54.3420434460474],[-1.42441365648532,54.3412464144638],[-1.42429830478886,54.3410078766678],[-1.42688737542938,54.3406459288341],[-1.42668973531382,54.340066350447],[-1.42332776185377,54.3405086247997],[-1.42280598569234,54.3400647614284],[-1.42263755128713,54.338927500813],[-1.42303509856133,54.3383412272508],[-1.42380815231554,54.3381384038063],[-1.42297320279167,54.3370681890463],[-1.425660319147,54.33639580019],[-1.42675957797649,54.3362243283376],[-1.42688201265387,54.3365201612673],[-1.42739830203435,54.3364336966936],[-1.42753851311481,54.3364088839327],[-1.42979642571417,54.3377282130369],[-1.43099974046894,54.3377530073159],[-1.43129450566256,54.3369358875934],[-1.43385347513492,54.3365313869393],[-1.43403906265359,54.3364548953694],[-1.43491601504632,54.335396859741],[-1.43400472995862,54.3353495867896],[-1.43343455507892,54.3334099627329],[-1.43940411164274,54.3340540945268],[-1.43977546276002,54.3339566079291],[-1.44238944405737,54.3341955830659],[-1.44170649451787,54.333022899062],[-1.43956952491181,54.3294793806609],[-1.44075072727813,54.3291992049439],[-1.44135449298151,54.3293405096242],[-1.44241632319108,54.330332266819],[-1.44290323875867,54.3302187219937],[-1.4431936564765,54.330476017309],[-1.44552353502903,54.3287432106357],[-1.44591997693049,54.3291187908507],[-1.44659435158731,54.3291180804167],[-1.44627324513694,54.3295587093209],[-1.44699864765252,54.3296038858076],[-1.44741451017705,54.3301395411617],[-1.4476750661357,54.3318760253995],[-1.44724615001125,54.332511806671],[-1.44777611545244,54.3324986022062],[-1.44805953360683,54.3322778230313],[-1.4481509709457,54.3328451784879],[-1.45026903177161,54.3335458853792],[-1.44965269064312,54.3347895670521],[-1.45083315287855,54.3349931904691],[-1.4498893104076,54.3355737476764],[-1.44984007797337,54.3358807698701],[-1.45043639781253,54.3360801618177],[-1.45126431040859,54.3363243443596],[-1.45287912204168,54.3359791613186],[-1.45672979864121,54.3367706501674],[-1.45945295044909,54.3368742085504],[-1.46624307491864,54.334666182558],[-1.46702541343357,54.3352518020401],[-1.4687563877573,54.3356736817456],[-1.46919363829434,54.3362064343513],[-1.46965227241107,54.3379870581968],[-1.46910154980066,54.338728333934],[-1.4683622114811,54.3389271932529],[-1.46803398129807,54.3406337052202],[-1.46956685059316,54.3426267462943],[-1.46889840465276,54.3445730674563],[-1.46593687434551,54.3442336699261],[-1.4646622332998,54.3445434577551],[-1.46429523625894,54.343792769201],[-1.4615475816634,54.3435710366846],[-1.45355212643051,54.3421270175535],[-1.45330515275006,54.3416492907651],[-1.45244337695698,54.3419329346282],[-1.45270617025657,54.3423029057671],[-1.45210800162723,54.3425012563993],[-1.44799720259414,54.3432582346006],[-1.44754147755893,54.3421487844616],[-1.44886399693615,54.3418104849172],[-1.45060527592782,54.3407441606421],[-1.44926434593605,54.3406262771487],[-1.44877511397676,54.3408720378779],[-1.4474884316684,54.3400435470848],[-1.44564651957744,54.3377825606615],[-1.44412034054443,54.3370909741724],[-1.4431307134121,54.3375618740452],[-1.44207299467606,54.3386899376585],[-1.441781003832,54.3386009627155],[-1.441419161341,54.3389149651459],[-1.43985841257982,54.3387468095198],[-1.43630191952179,54.3408077037557],[-1.43454106327867,54.3410007459438],[-1.4331543768873,54.3413326299989],[-1.43331339929811,54.3416540453602],[-1.43249753445186,54.3424397086563],[-1.43231280029275,54.3436797180092],[-1.43205156227533,54.3443784554455],[-1.43061781864731,54.3444914806433],[-1.43043240719161,54.3450976538846],[-1.42847278821511,54.3450027236902],[-1.42750223799652,54.3453663194156],[-1.42757265523637,54.3457586249335],[-1.42309080263619,54.3462885450477],[-1.42183649136384,54.3464557877342]]]},"properties":{"FID":6783,"MSOA21CD":"E02007043","MSOA21NM":"Hambleton 013","MSOA21NMW":" ","BNG_E":435369,"BNG_N":493707,"LAT":54.33771,"LONG":-1.45754,"GlobalID":"03738393-a37b-4033-8ce1-f7b38125c92c","GROUP":"A1 Corridor"}},{"type":"Feature","id":6784,"geometry":{"type":"Polygon","coordinates":[[[-0.75686901275546,54.1716759771427],[-0.75687003132944,54.1706763614728],[-0.756320254145444,54.1703165058146],[-0.754771119384056,54.1711939532192],[-0.753485307057381,54.1712725119068],[-0.751987359935664,54.169729878377],[-0.753182788928285,54.1691731468199],[-0.751087075620882,54.1684998696089],[-0.749646505972492,54.1684270608998],[-0.747907899593556,54.16939487881],[-0.745989058680379,54.1686620487311],[-0.744728419981902,54.169535932522],[-0.739789251353069,54.1706411259578],[-0.737231848310103,54.1705619868889],[-0.736510751507312,54.1700227660837],[-0.736607083547267,54.1692423391165],[-0.734449001377334,54.1694811843441],[-0.733522661288663,54.168965306005],[-0.733453503257846,54.1680312341426],[-0.732259189142861,54.1672164887422],[-0.732014255809921,54.1665532902464],[-0.73272126133779,54.1631018595901],[-0.734439200684068,54.1607772974045],[-0.735705911964345,54.1599181951707],[-0.739159803138329,54.1590873444016],[-0.741111132785851,54.1591931423387],[-0.741872319106788,54.1589800446402],[-0.745454856639001,54.1550115718002],[-0.746977186459534,54.1539617734518],[-0.747321243656442,54.1531533389408],[-0.746974133287239,54.1523669431653],[-0.747037054878979,54.1517094947993],[-0.74790549128449,54.1511241939907],[-0.749268331008568,54.1508350099669],[-0.750415619830323,54.1512224483503],[-0.751393182099598,54.1510932733837],[-0.753530908261081,54.1497132961408],[-0.758178201311155,54.1479583554904],[-0.759868306688916,54.1467734084664],[-0.760759538268903,54.1459185287366],[-0.758818238512831,54.1451146273944],[-0.758566052025279,54.1435329487033],[-0.75667451327147,54.1409682031755],[-0.757036127053249,54.1409592272906],[-0.757398717815728,54.1385625982238],[-0.769425065243392,54.13516037017],[-0.765293815777119,54.130657434298],[-0.769460678519881,54.1324133905629],[-0.770528118785364,54.1340960680329],[-0.771852683589241,54.1337781972264],[-0.776047376218978,54.1333601927894],[-0.774979850509039,54.1332089076704],[-0.77469014123064,54.1324696251289],[-0.774260449073933,54.1326151448384],[-0.772814104335586,54.1308028071855],[-0.775458937405218,54.130496863642],[-0.774550977357109,54.1290376146236],[-0.775041767111912,54.1289559823298],[-0.774849623273729,54.1285157351355],[-0.776070559254027,54.1283193070175],[-0.777617555519681,54.1288346045222],[-0.779339891064735,54.1284649697079],[-0.780288970272989,54.128306848223],[-0.780750129204582,54.1294723129963],[-0.781658924392399,54.1300572130621],[-0.782172444700122,54.1300259887813],[-0.782780928452771,54.1301507926458],[-0.783284294473542,54.1314160450862],[-0.781547322821087,54.1316686867761],[-0.781691467997654,54.1321080235209],[-0.782260550253303,54.1320380473573],[-0.782361983476191,54.1322682136127],[-0.780893461438198,54.1327850038888],[-0.780932099839884,54.1330458372023],[-0.780708285478006,54.1332132826608],[-0.781777664217815,54.1342567525669],[-0.781325499344089,54.1342628547414],[-0.781363818352899,54.1347825791225],[-0.78419283487991,54.1351408939969],[-0.784813960517269,54.1352036177478],[-0.784987661848252,54.1347093761933],[-0.786598257495324,54.1342787329762],[-0.788331202382123,54.1329252324933],[-0.789731063065859,54.1328482633173],[-0.790910317205711,54.1328295264699],[-0.794512867430752,54.1329524811777],[-0.79881776539859,54.133384690699],[-0.801236824527546,54.1326944445593],[-0.802069334309275,54.1342071700864],[-0.801347009601253,54.1346042669032],[-0.800885956811293,54.1354357459911],[-0.799540681529875,54.1364379939058],[-0.800113323799938,54.1367492903189],[-0.79985187434631,54.1370120480522],[-0.799158183877233,54.1366034981896],[-0.798566486345381,54.1368114958282],[-0.798624169318057,54.136522846056],[-0.798123538272739,54.13643113677],[-0.79799764916291,54.1367778784242],[-0.797840054359732,54.1370232334843],[-0.801575838478832,54.139109714725],[-0.802103651725686,54.1388543082551],[-0.804142091983235,54.1398272704794],[-0.806691652058365,54.1404714702614],[-0.810180392365131,54.1417878389015],[-0.810183880127134,54.1417891550056],[-0.810184540348155,54.1417889260351],[-0.810224580671734,54.1417749214698],[-0.813495806849296,54.1403331243809],[-0.816195162097511,54.1386307973656],[-0.821082176097783,54.1386858829059],[-0.818935980630505,54.1423270988315],[-0.818357824930271,54.1467741369075],[-0.8174458004152,54.1490119140033],[-0.816405962077774,54.14898296258],[-0.815977904379236,54.1499684361346],[-0.814216392396568,54.14968229279],[-0.813434793694692,54.1531477072947],[-0.813094074265591,54.1531146216957],[-0.812922859195868,54.1539034920532],[-0.810973816222301,54.1563375120887],[-0.808733494359994,54.1606138971543],[-0.809842587883405,54.1620924136403],[-0.807765147406669,54.1628167680284],[-0.807543406064788,54.1639703554738],[-0.80392746624148,54.1638154685416],[-0.801746003122093,54.1664944127538],[-0.798323129314041,54.1670866684262],[-0.797783234006684,54.167729260357],[-0.795736785310001,54.1682270335178],[-0.794986597955848,54.1687950769281],[-0.793545396647912,54.1687193929821],[-0.791989060005262,54.1678682071168],[-0.789988406464697,54.1678762105158],[-0.787380000003977,54.1670416462712],[-0.785486121688567,54.1677385068432],[-0.783189150071068,54.1676493191094],[-0.782631345879447,54.1686323586844],[-0.780513529439086,54.1672840887424],[-0.779287623337792,54.1681300220612],[-0.777399108235069,54.1680195870371],[-0.775040120981574,54.1693617829252],[-0.772192438374249,54.1699931277309],[-0.770697365629517,54.1707219217364],[-0.767405376941078,54.1710722389846],[-0.765788375028504,54.1707941862819],[-0.765157776895122,54.1723901092173],[-0.764273135038393,54.1729932357794],[-0.76426895256955,54.1736210569196],[-0.762300114631952,54.1740782104603],[-0.75686901275546,54.1716759771427]]]},"properties":{"FID":6784,"MSOA21CD":"E02007044","MSOA21NM":"Ryedale 009","MSOA21NMW":" ","BNG_E":480001,"BNG_N":473230,"LAT":54.14869,"LONG":-0.77668,"GlobalID":"0b0c20ef-e7b7-4d3d-8b36-a090df7b177d","GROUP":"The Vale, Moors & Coast"}},{"type":"Feature","id":6785,"geometry":{"type":"Polygon","coordinates":[[[-0.804142091983235,54.1398272704794],[-0.802103651725686,54.1388543082551],[-0.801575838478832,54.139109714725],[-0.797840054359732,54.1370232334843],[-0.79799764916291,54.1367778784242],[-0.798123538272739,54.13643113677],[-0.798624169318057,54.136522846056],[-0.798566486345381,54.1368114958282],[-0.799158183877233,54.1366034981896],[-0.79985187434631,54.1370120480522],[-0.800113323799938,54.1367492903189],[-0.799540681529875,54.1364379939058],[-0.800885956811293,54.1354357459911],[-0.801347009601253,54.1346042669032],[-0.802069334309275,54.1342071700864],[-0.801236824527546,54.1326944445593],[-0.79881776539859,54.133384690699],[-0.794512867430752,54.1329524811777],[-0.790910317205711,54.1328295264699],[-0.789731063065859,54.1328482633173],[-0.788331202382123,54.1329252324933],[-0.786598257495324,54.1342787329762],[-0.784987661848252,54.1347093761933],[-0.784813960517269,54.1352036177478],[-0.78419283487991,54.1351408939969],[-0.781363818352899,54.1347825791225],[-0.781325499344089,54.1342628547414],[-0.781777664217815,54.1342567525669],[-0.780708285478006,54.1332132826608],[-0.780932099839884,54.1330458372023],[-0.780893461438198,54.1327850038888],[-0.782361983476191,54.1322682136127],[-0.782260550253303,54.1320380473573],[-0.781691467997654,54.1321080235209],[-0.781547322821087,54.1316686867761],[-0.783284294473542,54.1314160450862],[-0.782780928452771,54.1301507926458],[-0.782172444700122,54.1300259887813],[-0.781658924392399,54.1300572130621],[-0.780750129204582,54.1294723129963],[-0.780288970272989,54.128306848223],[-0.779339891064735,54.1284649697079],[-0.777617555519681,54.1288346045222],[-0.776070559254027,54.1283193070175],[-0.774849623273729,54.1285157351355],[-0.775041767111912,54.1289559823298],[-0.774550977357109,54.1290376146236],[-0.775458937405218,54.130496863642],[-0.772814104335586,54.1308028071855],[-0.774260449073933,54.1326151448384],[-0.77469014123064,54.1324696251289],[-0.774979850509039,54.1332089076704],[-0.776047376218978,54.1333601927894],[-0.771852683589241,54.1337781972264],[-0.770528118785364,54.1340960680329],[-0.769460678519881,54.1324133905629],[-0.765293815777119,54.130657434298],[-0.759405667054753,54.1243661800269],[-0.756612750512678,54.1243612315359],[-0.755910413207309,54.1238036374866],[-0.755837552104309,54.1217447546462],[-0.755387501850562,54.1217004744907],[-0.754038776816438,54.1179000241927],[-0.755293216247853,54.1168032534219],[-0.755720936352956,54.1154204477334],[-0.756475670460117,54.1147380705584],[-0.761375022940876,54.1150725850243],[-0.770329951554746,54.1162811549877],[-0.775013089025885,54.1164839443229],[-0.77578156680616,54.1172983667139],[-0.776243779057067,54.1171464135525],[-0.779843967722659,54.1175829249168],[-0.782798524500486,54.117064842725],[-0.782725714978034,54.1166287440208],[-0.783841600207937,54.1164773388076],[-0.783958466598377,54.1144152618341],[-0.784679335017611,54.1132400574373],[-0.784450202208677,54.1118063986677],[-0.786140408451404,54.1059340298829],[-0.787788122564787,54.1060899094465],[-0.788843715457728,54.1043461949113],[-0.789675098312461,54.1043101803958],[-0.796413785683283,54.1050619074581],[-0.796970741753497,54.1051565063272],[-0.79674638002924,54.1055149287867],[-0.797540029192695,54.105618054724],[-0.798902672339052,54.1039152107137],[-0.805878990181275,54.104389555626],[-0.817338927854378,54.1077289522414],[-0.822347000840286,54.1077220933872],[-0.824209794934908,54.1070608491054],[-0.828166931066096,54.1070637254339],[-0.830377446225236,54.1063214322361],[-0.830450508412904,54.1066414626472],[-0.831650482885001,54.1068262513184],[-0.831990632817888,54.1076642666704],[-0.830444465826892,54.1098856111497],[-0.828320808203729,54.1115420961588],[-0.826077133659622,54.1169338564528],[-0.825310654785359,54.1176985127006],[-0.823597524418572,54.1183935454076],[-0.820491769225625,54.1182735870194],[-0.817956366413842,54.1187093828404],[-0.815986217677529,54.1177308588692],[-0.814687490840474,54.1176203528373],[-0.812616850651486,54.1188077427097],[-0.812300702213714,54.1203005763275],[-0.814877589633732,54.1218513704242],[-0.814495481858396,54.1236640280326],[-0.813031011954475,54.1257505670157],[-0.814321038298809,54.1261907565335],[-0.81645454576878,54.1279568745177],[-0.822848918446604,54.1264936285389],[-0.823888472372573,54.1284104275367],[-0.823232178871147,54.1283920747413],[-0.823054158219128,54.1298471073709],[-0.821717625909988,54.130701110432],[-0.822004054722424,54.1320713090392],[-0.822340783210172,54.1359646152864],[-0.821082176097783,54.1386858829059],[-0.816195162097511,54.1386307973656],[-0.813495806849296,54.1403331243809],[-0.810224580671734,54.1417749214698],[-0.810184540348155,54.1417889260351],[-0.810183880127134,54.1417891550056],[-0.810180392365131,54.1417878389015],[-0.806691652058365,54.1404714702614],[-0.804142091983235,54.1398272704794]]]},"properties":{"FID":6785,"MSOA21CD":"E02007045","MSOA21NM":"Ryedale 010","MSOA21NMW":" ","BNG_E":479491,"BNG_N":470324,"LAT":54.12266,"LONG":-0.78525,"GlobalID":"05a77aa3-8042-4782-9e90-b38e033c6019","GROUP":"The Vale, Moors & Coast"}}]}